z (m), u (m/s), V (1/s), T (K), rho (kg/m3), H2, H, O, O2, OH, H2O, HO2, H2O2, N, NH, NH2, NH3, NNH, NO, NO2, N2O, HNO, N2, 
0.0, 2.33962291238, -3.21186587383e-216, 300.0, 0.84946275071865651, 0.295857988166, -1.43591417715e-15, -1.62103223025e-14, 0.147928994083, 5.43408227392e-15, 1.45716470552e-17, -7.18695100686e-18, 6.8931714176e-16, 2.39471380193e-15, -4.06091482322e-15, -4.3091648032e-15, 8.60468628978e-16, -4.06890831238e-31, -2.54801432279e-15, -6.36800195895e-16, 9.69942546769e-17, 3.49607661954e-15, 0.556213017751, 
0.001, 2.3396229124, 1.26746303705e-213, 300.0, 0.84946275071874822, 0.295857988166, -4.96438504528e-19, -1.55326490973e-14, 0.147928994083, 6.07845322752e-17, 1.18667131208e-15, -8.26264148104e-16, 6.4777006734e-16, 2.13152582288e-15, -2.73466618578e-16, -4.10664200207e-15, 6.57861746977e-16, -4.43620099887e-29, -6.08060313032e-15, -6.36799202486e-16, 9.69945437067e-17, 3.49552473662e-15, 0.556213017751, 
0.00575, 2.3396229124, 1.34614533602e-213, 300.0, 0.84946275071884092, 0.295857988166, -4.11807198802e-19, -1.30812970725e-14, 0.147928994083, -2.01920343738e-17, -6.67657305273e-16, -4.75986274767e-15, 4.64309013306e-16, 1.34298797048e-15, -4.08030396478e-18, -3.32692068658e-15, -1.22060627205e-16, -3.68022469324e-29, -5.56135700535e-15, -6.36795416442e-16, 9.69945599099e-17, 3.49531334284e-15, 0.556213017751, 
0.0105, 2.3396229124, 1.35912184222e-213, 300.0, 0.84946275071891308, 0.295857988166, -3.32887703827e-19, -1.11638490689e-14, 0.147928994083, -1.54955499869e-17, -2.10079698351e-15, -7.92985954095e-15, 3.05102059004e-16, 8.46056978757e-16, -6.02915306879e-20, -2.69523081423e-15, -7.53913658727e-16, -2.97494318008e-29, -5.06810210545e-15, -6.36792613499e-16, 9.69945600505e-17, 3.49513647996e-15, 0.556213017751, 
0.01525, 2.3396229124, 1.35926083138e-213, 300.0, 0.84946275071905042, 0.295857988166, -2.83362949849e-19, -9.62514118507e-15, 0.147928994083, -1.33016037525e-17, -3.33256713792e-15, -1.06298733438e-14, 1.69060864541e-16, 5.32934854669e-16, -3.6027098838e-22, -2.183469975e-15, -1.2658061985e-15, -2.53235222474e-29, -4.75475280347e-15, -6.367904247e-16, 9.69945600216e-17, 3.49495870318e-15, 0.556213017751, 
0.02, 2.33962291237, 1.35928343758e-213, 300.0, 0.84946275072894872, 0.295857988157, -2.43299226705e-19, -8.36179430413e-15, 0.147928994085, -1.15541311993e-17, -4.39912974937e-15, -1.29544502411e-14, 5.45336149685e-17, 3.35581998595e-16, 5.30863277301e-22, -1.76872482043e-15, -1.6805974044e-15, -2.17431209155e-29, -4.55718637758e-15, -6.3678865642e-16, 9.69945603557e-17, 3.49477976529e-15, 0.556213017759, 
0.0209611658812, 2.33962291193, 1.3592832062e-213, 300.000000001, 0.84946275088878964, 0.295857988007, -2.3521312256e-19, -8.1033990806e-15, 0.147928994117, -1.11970243973e-17, -4.40096687831e-15, -1.33967470257e-14, 3.38083196119e-17, 2.9992643459e-16, 5.43132535701e-22, -1.68864513866e-15, -1.76070098595e-15, -2.10204846927e-29, -4.52147713441e-15, -6.36788311693e-16, 9.69945603756e-17, 3.49474351363e-15, 0.556213017876, 
0.0219223317625, 2.33962289971, 1.35928272852e-213, 300.000000061, 0.84946275529744808, 0.29585798381, -2.08945583215e-19, -7.0966459947e-15, 0.147928995024, -9.80652833794e-18, 1.17266889724e-14, -1.27526897073e-14, 1.48937472619e-16, 2.68043222939e-16, 5.43727340124e-22, -1.61217147122e-15, -1.83719091956e-15, -1.8673022677e-29, -4.489544866e-15, -6.36787897093e-16, 9.69945614457e-17, 3.49470725121e-15, 0.556213021166, 
0.0224029147031, 2.33962277266, 1.35928248208e-213, 300.000001186, 0.84946280089451454, 0.295857939099, 2.06456637976e-19, 9.67602899057e-15, 0.147929004688, 1.38821295862e-17, 4.93563792077e-13, 2.07973814674e-14, 4.575699434e-15, 2.53007788874e-16, 5.43603117671e-22, -1.57483037873e-15, -1.8745432789e-15, 1.84503075286e-29, -4.47444019061e-15, -6.36784234713e-16, 9.69945740033e-17, 3.49468955832e-15, 0.556213056213, 
0.0228834976437, 2.33962102137, 1.35928225851e-213, 300.000029566, 0.8494634295244845, 0.295857289275, 1.34287188501e-17, 4.89019371325e-13, 0.147929145115, 8.41204428338e-16, 1.96302189472e-11, 1.46610163803e-12, 1.9824484131e-13, 2.38940445918e-16, 5.52529482518e-22, -1.53833962194e-15, -1.91103810391e-15, 1.20009915731e-27, -4.45849026656e-15, -6.36603230086e-16, 9.6995041083e-17, 3.4946857582e-15, 0.556213565588, 
0.023123789114, 2.33961217861, 1.35928215491e-213, 300.000301641, 0.84946660941927754, 0.295853668542, 3.07247576749e-16, 5.71853850163e-12, 0.147929927403, 2.61634412303e-14, 3.06994904169e-10, 2.4931953584e-11, 3.39261438263e-12, 2.33779223628e-16, 1.45288580382e-21, -1.52025285748e-15, -1.92907054113e-15, 2.74594207651e-26, -4.4231148233e-15, -6.33098832016e-16, 9.70037148266e-17, 3.49488657264e-15, 0.556216403713, 
0.0233640805843, 2.33955517377, 1.3592824211e-213, 300.003870256, 0.84948714855295804, 0.29582557931, 1.5549883227e-14, 8.30992927362e-11, 0.147935994081, 1.59026301403e-12, 6.1562981796e-09, 5.42185238199e-10, 7.47041765271e-11, 2.56308157462e-16, 5.66667780644e-20, -1.50147962945e-15, -1.94682313858e-15, 1.39002616976e-24, -3.77858008563e-15, -5.41614638174e-16, 9.72449694936e-17, 3.49936636124e-15, 0.556238419751, 
0.0234842263195, 2.33943888576, 1.35928317714e-213, 300.021869775, 0.84952910178587671, 0.295740390504, 4.33521526202e-13, 5.22102379284e-10, 0.147954377953, 4.64291997001e-11, 5.14986483281e-08, 4.84570955093e-09, 6.80571839223e-10, 4.41584925625e-16, 1.31308797161e-18, -1.4872333017e-15, -1.95479738322e-15, 3.87869078933e-23, 1.66285783222e-15, 3.64852524594e-16, 9.98658721044e-17, 3.53711814053e-15, 0.55630517395, 
0.0236043720547, 2.33930933616, 1.35928471943e-213, 300.148940492, 0.84957565097335108, 0.295367692116, 1.06120657507e-11, 3.97970240098e-09, 0.148034658009, 1.14435072456e-09, 5.34624408405e-07, 5.35237104887e-08, 7.7433318871e-09, 2.10182455241e-15, 2.561110128e-17, -1.43665124843e-15, -1.95255300773e-15, 9.55039519258e-22, 6.53278594632e-14, 1.26319966112e-14, 1.38994674216e-16, 3.97585460472e-15, 0.556597048849, 
0.0236644449222, 2.34008280908, 1.35928475164e-213, 300.501239056, 0.84929487072077459, 0.294710196751, 1.08128805971e-10, 1.46352000887e-08, 0.148175704876, 1.14767117334e-08, 2.51791809765e-06, 2.60084382639e-07, 3.9431224632e-08, 7.80461614024e-15, 2.05628026413e-16, -1.30682062941e-15, -1.90822427088e-15, 9.88537338579e-21, 3.52614277122e-13, 7.6203493734e-14, 3.63213530462e-16, 5.94739281911e-15, 0.557111254719, 
0.023694481356, 2.34234519528, 1.35928444192e-213, 301.077555887, 0.84847521365706835, 0.293966806497, 4.63201360853e-10, 3.37403024009e-08, 0.148333992441, 4.76211780583e-08, 7.07180613655e-06, 7.45250403311e-07, 1.18149383865e-07, 1.89382999194e-14, 7.32698252618e-16, -1.08566580292e-15, -1.79348176527e-15, 4.34289901281e-20, 1.07235767408e-12, 2.5589835792e-13, 1.06095937902e-15, 1.08643705326e-14, 0.55769118403, 
0.0237245177898, 2.34953004768, 1.35928380503e-213, 302.525732827, 0.8458824218631632, 0.292602611962, 2.0102156878e-09, 8.5792347161e-08, 0.14862081423, 1.95480353926e-07, 2.24716370112e-05, 2.43093698248e-06, 4.03491060396e-07, 5.1442311419e-14, 2.62754489854e-15, -5.03274499959e-16, -1.3868945947e-15, 2.00601109998e-19, 3.7097009063e-12, 9.88136950015e-13, 4.17697109157e-15, 2.87911806558e-14, 0.558750984455, 
0.0237395360067, 2.35820828845, 1.35928447085e-213, 304.06896124, 0.84277132655250597, 0.291495391353, 5.07162829243e-09, 1.46306580804e-07, 0.148848928161, 4.45013090871e-07, 4.38198944118e-05, 4.82233236969e-06, 8.21925658761e-07, 9.10279469813e-14, 5.41443359865e-15, 1.45369543131e-16, -8.0500010766e-16, 5.40296058266e-19, 7.66621775907e-12, 2.17865224517e-12, 9.76591855364e-15, 5.54806660168e-14, 0.559605619932, 
0.0237545542236, 2.37449745974, 1.35928472895e-213, 306.770309483, 0.8369924343387275, 0.289936174848, 1.42515627124e-08, 2.60611045815e-07, 0.149161359577, 1.03700664444e-06, 9.00794520484e-05, 1.01573028898e-05, 1.77000187652e-06, 1.6805417587e-13, 1.13724499198e-14, 1.31938031734e-15, 4.8643530208e-16, 1.6987603062e-18, 1.68576393054e-11, 5.12350805891e-12, 2.48918679955e-14, 1.1698045235e-13, 0.560799146927, 
0.023762063332, 2.38776160129, 1.35928471922e-213, 308.876164286, 0.83234450668224469, 0.288918606664, 2.87800236271e-08, 3.5791025535e-07, 0.149357968576, 1.65160839887e-06, 0.000133277741769, 1.52862554581e-05, 2.68073016577e-06, 2.33923659617e-13, 1.68842251066e-14, 2.26263240884e-15, 1.71766772075e-15, 3.73861111886e-18, 2.60402740611e-11, 8.16361226501e-12, 4.20823513325e-14, 1.77711751753e-13, 0.561570141699, 
0.0237695724405, 2.40641970136, 1.35928455579e-213, 311.760538385, 0.82589273930541518, 0.287699587944, 6.33957957844e-08, 5.01030355586e-07, 0.149584268591, 2.67607635868e-06, 0.00020103006062, 2.35393579701e-05, 4.13814482408e-06, 3.30542345403e-13, 2.53021730012e-14, 3.58120338469e-15, 3.68008234942e-15, 9.24437619832e-18, 4.12656949e-11, 1.33144930266e-11, 7.36639351379e-14, 2.77360534745e-13, 0.562484195344, 
0.0237770815489, 2.43247187, 1.35928438066e-213, 315.699460331, 0.81704919227073136, 0.28624453527, 1.55065014078e-07, 7.14405066615e-07, 0.149839816533, 4.40718940003e-06, 0.000306540899586, 3.67134904186e-05, 6.43459043512e-06, 4.71907356367e-13, 3.81053533044e-14, 5.41750055278e-15, 6.78770824302e-15, 2.63663929099e-17, 6.64761782919e-11, 2.1876110916e-11, 1.31316220029e-13, 4.40044141717e-13, 0.563560682468, 
0.0237808361032, 2.44926923341, 1.35928432433e-213, 318.202429668, 0.81144672330798062, 0.285410404644, 2.63514794383e-07, 8.63560552108e-07, 0.149977738173, 5.7508357173e-06, 0.000381200607605, 4.61861572192e-05, 8.05697294027e-06, 5.67454395993e-13, 4.70314138566e-14, 6.60768925788e-15, 9.01925017904e-15, 4.92944911121e-17, 8.53709949077e-11, 2.81675646718e-11, 1.77938234644e-13, 5.59992709267e-13, 0.564169535418, 
0.0237845906574, 2.46925188504, 1.35928426891e-213, 321.152109743, 0.80488091933859596, 0.284498368027, 4.49105490322e-07, 1.05208704582e-06, 0.150120415893, 7.56585142711e-06, 0.000476019422445, 5.83265080817e-05, 1.01112771052e-05, 6.8499110946e-13, 5.81998807445e-14, 8.0272262207e-15, 1.18848479713e-14, 9.38134765123e-17, 1.10448046574e-10, 3.63651547332e-11, 2.43410144703e-13, 7.17149028772e-13, 0.56482769168, 
0.0237883452116, 2.49295292373, 1.35928427531e-213, 324.62129673, 0.79722957347159407, 0.283502896266, 7.70121461786e-07, 1.29211781113e-06, 0.150265899798, 1.00333278375e-05, 0.000595969032042, 7.37418410224e-05, 1.26873866047e-05, 8.29494073458e-13, 7.21601626128e-14, 9.71730113323e-15, 1.55523849466e-14, 1.8263689739e-16, 1.43711482846e-10, 4.69132101358e-11, 3.35031508132e-13, 9.22476924103e-13, 0.565536709917, 
0.0237920997658, 2.52096997575, 1.35928428207e-213, 328.691585537, 0.78837020003318847, 0.282418526944, 1.32471642273e-06, 1.60023132037e-06, 0.150411585422, 1.34108885368e-05, 0.00074701695931, 9.30845987119e-05, 1.58799156651e-05, 1.00708829829e-12, 8.96004344371e-14, 1.17255117021e-14, 2.02284546859e-14, 3.63217749951e-16, 1.87807190839e-10, 6.02743995398e-11, 4.62732342791e-13, 1.18985480965e-12, 0.566297570074, 
0.0237958543201, 2.55396236695, 1.35928426754e-213, 333.453039335, 0.77818649996853384, 0.28123998878, 2.27543280898e-06, 1.99919111061e-06, 0.150554156053, 1.80645234802e-05, 0.000936217202474, 0.00011698987527, 1.97805803984e-05, 1.22536112529e-12, 1.11389285339e-13, 1.41066131934e-14, 2.61648028184e-14, 7.35447483227e-16, 2.46218711943e-10, 7.68718329592e-11, 6.39909159849e-13, 1.53666732016e-12, 0.567110528035, 
0.0237977315972, 2.5725956154, 1.35928425873e-213, 336.130842566, 0.77255030828886084, 0.280610712705, 3.00191974444e-06, 2.24567827683e-06, 0.150623034831, 2.10784509467e-05, 0.0010487721366, 0.000130914549392, 2.20365934277e-05, 1.35393597203e-12, 1.24393724027e-13, 1.54670184708e-14, 2.9737711243e-14, 1.06214484121e-15, 2.826886128e-10, 8.65416066956e-11, 7.54369158474e-13, 1.74898487969e-12, 0.567538202762, 
0.0237996088743, 2.5928147398, 1.35928424973e-213, 339.028030373, 0.76652600657319214, 0.279955110937, 3.94540053847e-06, 2.52967427819e-06, 0.150689113326, 2.46535181151e-05, 0.00117504400495, 0.000146259551403, 2.45145988085e-05, 1.49738517932e-12, 1.3901738092e-13, 1.69519503465e-14, 3.3780065072e-14, 1.53673478599e-15, 3.25040724921e-10, 9.72006276286e-11, 8.90570301723e-13, 1.9920960451e-12, 0.567978828562, 
0.0238014861514, 2.61472322009, 1.35928423224e-213, 342.15877184, 0.76010342827229749, 0.279272579098, 5.166964008e-06, 2.85744006773e-06, 0.150751665369, 2.88947380583e-05, 0.00131642849218, 0.000163053201613, 2.72223344941e-05, 1.65749891823e-12, 1.55471075462e-13, 1.85717581376e-14, 3.83467578258e-14, 2.2282357321e-15, 3.74192738514e-10, 1.08855408849e-10, 1.05237582166e-12, 2.27001146906e-12, 0.568432131875, 
0.0238033634285, 2.63842593321, 1.35928421456e-213, 345.537400608, 0.75327491797637502, 0.278562576036, 6.74230078239e-06, 3.23627988956e-06, 0.150809912739, 3.3924826372e-05, 0.00147440413062, 0.000181293520953, 3.01646663656e-05, 1.83631975311e-12, 1.73998558192e-13, 2.03375437337e-14, 4.34977670406e-14, 3.23795952119e-15, 4.31193531645e-10, 1.21484093183e-10, 1.24426589492e-12, 2.58713920797e-12, 0.568897744941, 
0.0238052407056, 2.66402729199, 1.3592841912e-213, 349.178256428, 0.74603582089911935, 0.277824589312, 8.76448352044e-06, 3.67467315399e-06, 0.150863037627, 3.9885845494e-05, 0.00165052475803, 0.00020094133147, 3.33430304371e-05, 2.03619009947e-12, 1.94883421803e-13, 2.22612091054e-14, 4.92983937698e-14, 4.71466008787e-15, 4.97237038491e-10, 1.35030182129e-10, 1.47141974692e-12, 2.94828749916e-12, 0.5693752383, 
0.0238071179827, 2.69163048664, 1.35928416786e-213, 353.095499093, 0.73838488842176309, 0.277058178324, 1.1347010011e-05, 4.18240404372e-06, 0.150910184346, 4.69404120152e-05, 0.00184640905832, 0.000221913801585, 3.67549457406e-05, 2.25981098243e-12, 2.18457831426e-13, 2.43555291302e-14, 5.58194837806e-14, 6.87652802388e-15, 5.73675812721e-10, 1.49396655395e-10, 1.73980508561e-12, 3.35865477621e-12, 0.569864088968, 
0.0238089952598, 2.72133526571, 1.35928405244e-213, 357.302895381, 0.73032472409972904, 0.276262942461, 1.46270564623e-05, 4.77068017132e-06, 0.150950473853, 5.52721858863e-05, 0.00206372701151, 0.000244079058697, 4.03936451849e-05, 2.51031445737e-12, 2.45113504852e-13, 2.66342207061e-14, 6.31376244928e-14, 1.00430413931e-14, 6.62033714999e-10, 1.64441145406e-10, 2.05627535857e-12, 3.82380339329e-12, 0.570363713212, 
0.023810872537, 2.75323674469, 1.35928393878e-213, 361.813581298, 0.72186211237797782, 0.275438559118, 1.87688692258e-05, 5.45223104846e-06, 0.150983008161, 6.50853277961e-05, 0.00230418326152, 0.00026725254353, 4.4247862781e-05, 2.79135303284e-12, 2.75315556916e-13, 2.91120407874e-14, 7.13353213003e-14, 1.46808033711e-14, 7.6401700481e-10, 1.79972887496e-10, 2.42867454209e-12, 4.34961295588e-12, 0.570873441671, 
0.0238127498141, 2.78742291801, 1.35928379602e-213, 366.639803753, 0.71300833243786299, 0.274584754782, 2.39671819878e-05, 6.24137403453e-06, 0.151006885565, 7.66025666308e-05, 0.00256949754946, 0.000291195825338, 4.83018106001e-05, 3.10720938689e-12, 3.09619849833e-13, 3.18048877981e-14, 8.05011512261e-14, 2.146900547e-14, 8.81523175602e-10, 1.95752274204e-10, 2.86594999458e-12, 4.94220969824e-12, 0.571392552256, 
0.0238146270912, 2.82397314643, 1.35928365775e-213, 371.792648075, 0.70377931637896318, 0.27370133641, 3.04505257026e-05, 7.15403617339e-06, 0.151021206431, 9.00615418296e-05, 0.00286138263022, 0.000315618493511, 5.25353564571e-05, 3.46293073152e-12, 3.48694709713e-13, 3.47299360777e-14, 9.07299012961e-14, 3.13920849543e-14, 1.01664685925e-09, 2.11493736202e-10, 3.37827300261e-12, 5.60786850646e-12, 0.571920253334, 
0.0238165043683, 2.86295561159, 1.35928356556e-213, 377.281759883, 0.69419573503414, 0.272788165874, 3.84842514731e-05, 8.20771891991e-06, 0.151025087434, 0.000105709117282, 0.00318152026272, 0.000340183596888, 5.69243976264e-05, 3.86449209751e-12, 3.93347910798e-13, 3.79057817243e-14, 1.02122694536e-13, 4.58695004874e-14, 1.17168239269e-09, 2.26872565095e-10, 3.9771677087e-12, 6.35288586604e-12, 0.572455715934, 
0.0238183816454, 2.90442572685, 1.35928347791e-213, 383.115072074, 0.68428289752411253, 0.271845183771, 4.83730755948e-05, 9.42139640587e-06, 0.151017667369, 0.000123793494416, 0.00353153615409, 0.000364516789024, 6.14413971632e-05, 4.31899387618e-12, 4.44560070668e-13, 4.13526253693e-14, 1.14787115021e-13, 6.69353280313e-14, 1.3491228471e-09, 2.41535921853e-10, 4.67564812538e-12, 7.18342343441e-12, 0.572998064946, 
0.0238202589225, 2.94842386529, 1.35928338119e-213, 389.298549244, 0.67407053582272303, 0.270872387539, 6.04629147049e-05, 1.08153397865e-05, 0.150998119172, 0.000144554102848, 0.00391297484632, 0.000388219004441, 6.60560351728e-05, 4.83489880052e-12, 5.03525645106e-13, 4.50924743247e-14, 1.28837339474e-13, 9.74834246823e-14, 1.55165582261e-09, 2.55117897031e-10, 5.48836421772e-12, 8.10532508242e-12, 0.57354640922, 
0.0238221361996, 2.99497404885, 1.35928329114e-213, 395.835962981, 0.66359239734712439, 0.269869847383, 7.51417922863e-05, 1.24108677825e-05, 0.150965655123, 0.000168209501939, 0.0043272757193, 0.000410882048466, 7.07359090066e-05, 5.42231452531e-12, 5.71702949514e-13, 4.91493847493e-14, 1.44394289518e-13, 1.41597025899e-13, 1.78215669507e-09, 2.6725789651e-10, 6.43175701624e-12, 9.12391297925e-12, 0.574099839584, 
0.0238240134767, 3.04408235136, 1.35928315252e-213, 402.728711264, 0.65288571294151909, 0.268837688558, 9.28395810176e-05, 1.42300290967e-05, 0.150919536437, 0.000194943774868, 0.00477575120992, 0.000432106116938, 7.54472198061e-05, 6.09332772762e-12, 6.50874661214e-13, 5.35497306693e-14, 1.61585814485e-13, 2.04984376016e-13, 2.04368058357e-09, 2.77621129392e-10, 7.52422411784e-12, 1.02437723791e-11, 0.574657454728, 
0.0238258907538, 3.09573624937, 1.35928302635e-213, 409.975694155, 0.64199050619653752, 0.267776099975, 0.000114026400107, 1.6295232762e-05, 0.150859078126, 0.000224892200278, 0.00525956831893, 0.000451517917417, 8.01553878378e-05, 6.86239645047e-12, 7.43220439854e-13, 5.83225156059e-14, 1.80546918478e-13, 2.95543863578e-13, 2.33945462534e-09, 2.85919442212e-10, 8.78629593775e-12, 1.14685377304e-11, 0.575218363788, 
0.023827768031, 3.14990405058, 1.35928291083e-213, 417.573255213, 0.63094881171864858, 0.266685321055, 0.00013920951312, 1.86288495088e-05, 0.15078365679, 0.00025812720951, 0.00577973417953, 0.000468787914514, 8.48255638052e-05, 7.74680708572e-12, 8.51403269043e-13, 6.34997188591e-14, 2.01420040418e-13, 4.24082363582e-13, 2.67287247547e-09, 2.91930486153e-10, 1.02408244067e-11, 1.28006959082e-11, 0.575781705927, 
0.0238296453081, 3.2065351807, 1.35928280829e-213, 425.515194693, 0.61980380763117793, 0.265565644213, 0.000168928673357, 2.12528164433e-05, 0.150692715685, 0.000294645820278, 0.0063370862301, 0.000483645208995, 8.94230256484e-05, 8.76720287995e-12, 9.7867118108e-13, 6.91166885582e-14, 2.24355396542e-13, 6.05208445044e-13, 3.04749287476e-09, 2.95513126627e-10, 1.19131849347e-11, 1.42414232794e-11, 0.576346654947, 
0.0238315225852, 3.26556079841, 1.3592827476e-213, 433.792855823, 0.60859892607525268, 0.264417406507, 0.000203749937134, 2.41882813639e-05, 0.15058577119, 0.000334359758317, 0.00693228712682, 0.000495888778901, 9.39134793357e-05, 9.94819035513e-12, 1.1289758737e-12, 7.52125802483e-14, 2.49511389392e-13, 8.58417001908e-13, 3.46704392229e-09, 2.96617308524e-10, 1.38314934881e-11, 1.57904729327e-11, 0.576912431136, 
0.0238333998623, 3.32689506023, 1.35928269522e-213, 442.395281032, 0.59737697215407015, 0.263240987481, 0.000244258091722, 2.74553258727e-05, 0.150462417873, 0.000377089378487, 0.0075658242455, 0.000505394164622, 9.82632995388e-05, 1.13190299352e-11, 1.30710959795e-12, 8.18308517812e-14, 2.77055085531e-13, 1.20937341379e-12, 3.9354341054e-09, 2.95287140977e-10, 1.60268400386e-11, 1.74461249643e-11, 0.577478305862, 
0.0238352771394, 3.39043680775, 1.35928266031e-213, 451.309430148, 0.58617930014979136, 0.262036805354, 0.000291047942841, 3.10728035828e-05, 0.15032233309, 0.000422562223461, 0.0082380133224, 0.000512115159858, 0.000102439756375, 1.29144161904e-11, 1.51886141229e-12, 8.9019821797e-14, 3.07162759513e-13, 1.69139350574e-12, 4.45677044715e-09, 2.91656773348e-10, 1.85335400992e-11, 1.92052071014e-11, 0.578043605545, 
0.0238371544165, 3.45607158859, 1.35928263117e-213, 460.520449223, 0.57504508318796632, 0.260805311539, 0.00034471480555, 3.50583233885e-05, 0.150165280667, 0.00047041666944, 0.00894900561224, 0.000516080567464, 0.000106411270807, 1.47753519883e-11, 1.77119358216e-12, 9.68333038079e-14, 3.40020498328e-13, 2.34710277911e-12, 5.03538333048e-09, 2.85939516272e-10, 2.13894059983e-11, 2.10631848603e-11, 0.578607715162, 
0.0238390316936, 3.52367406062, 1.35928261558e-213, 470.011975878, 0.5640106993114099, 0.259546990536, 0.000405844625704, 3.94283981807e-05, 0.149991112165, 0.000520210651477, 0.00969879790236, 0.000517386521592, 0.000110147727168, 1.69501192554e-11, 2.07243857809e-12, 1.05331332896e-13, 3.75824857979e-13, 3.2302914457e-12, 5.67585680555e-09, 2.78411483908e-10, 2.46360391702e-11, 2.3014310667e-11, 0.579170075448, 
0.0238409089707, 3.59311036986, 1.35928260312e-213, 479.766466309, 0.55310926058151111, 0.258262351919, 0.000475004169007, 4.41987660681e-05, 0.149799767362, 0.000571434984817, 0.0104872447015, 0.000516185206794, 0.00011362085287, 1.94953464474e-11, 2.43251659948e-12, 1.14581000018e-13, 4.14783559984e-13, 4.40918561012e-12, 6.38306269674e-09, 2.69391667419e-10, 2.83191454905e-11, 2.50518111693e-11, 0.579730185306, 
0.023844663525, 3.73707231693, 1.35928260496e-213, 500.0, 0.53179810594797816, 0.255644620723, 0.000637090734452, 5.48614989921e-05, 0.14937090344, 0.000675337907992, 0.0121597777466, 0.000506991180163, 0.000119637850074, 2.58175496849e-11, 3.352920803e-12, 1.35316889979e-13, 5.01779975803e-13, 7.96014558632e-12, 7.9939578172e-09, 2.48159628403e-10, 3.70373789401e-11, 2.93141824446e-11, 0.580830770572, 
0.0238486076989, 3.89415396146, 1.31439296371e-207, 522.116432377, 0.51034272916282275, 0.252796060344, 0.00084704274928, 6.78719706628e-05, 0.148854690523, 0.000783247681575, 0.0140638700638, 0.00049006921814, 0.000124606856944, 3.48919283372e-11, 4.72765883989e-12, 1.61168053963e-13, 6.08471603119e-13, 1.42312152335e-11, 1.00154655507e-08, 2.23923045518e-10, 4.8536520184e-11, 3.40401780072e-11, 0.581972530216, 
0.0238525518729, 4.05596205593, 1.24801296896e-207, 544.948200056, 0.48997979924081786, 0.249848651391, 0.00110107220917, 8.29055694185e-05, 0.148273829171, 0.000885399791502, 0.0161133805844, 0.000468079676278, 0.000128095181162, 4.7392744388e-11, 6.69156057709e-12, 1.92171468506e-13, 7.33046741626e-13, 2.44324836765e-11, 1.2426745609e-08, 2.00068274366e-10, 6.29603912193e-11, 3.89774129734e-11, 0.583098573617, 
0.0238564960468, 4.2213293553, -7.75243156492e-208, 568.33938644, 0.47078244099620259, 0.246807577127, 0.00140142411611, 0.000100185069012, 0.147631646394, 0.000978082875303, 0.0183007332269, 0.000443171356556, 0.000130064834301, 6.45399327088e-11, 9.47045829396e-12, 2.2957988224e-13, 8.7793320572e-13, 4.03100447079e-11, 1.52874500772e-08, 1.78219808988e-10, 8.09373991047e-11, 4.41048613973e-11, 0.584207099294, 
0.0238584681338, 4.30492752743, -2.07801048944e-207, 580.193410014, 0.46163966073034651, 0.245237398709, 0.001571362051, 0.000109893661796, 0.147284796876, 0.00102038915452, 0.0194559106021, 0.000430145053294, 0.000130491962712, 7.55738546921e-11, 1.12968051866e-11, 2.51549029647e-13, 9.59955974345e-13, 5.11095086905e-11, 1.69307817435e-08, 1.68270153203e-10, 9.16644758981e-11, 4.6773989549e-11, 0.584759594553, 
0.0238604402207, 4.38904584482, -3.78512613117e-207, 592.138422899, 0.45279090310083647, 0.24364473568, 0.00175353870698, 0.000120327278259, 0.146922544405, 0.00105938748546, 0.020644996644, 0.000416981174572, 0.000130532172156, 8.84887800981e-11, 1.34593827735e-11, 2.75885045901e-13, 1.04850905952e-12, 6.42007159063e-11, 1.8723161612e-08, 1.59121146998e-10, 1.03675669828e-10, 4.95007338226e-11, 0.585306937251, 
0.0238624123077, 4.47357957635, -7.45732856093e-207, 604.158372961, 0.44423421121145562, 0.242030621772, 0.00194799802665, 0.00013154718391, 0.146545184695, 0.00109494186713, 0.0218670366958, 0.000403825679394, 0.000130196508019, 1.03563125928e-10, 1.60115161543e-11, 3.02888783378e-13, 1.14402081337e-12, 7.99261459473e-11, 2.06757894337e-08, 1.50780423601e-10, 1.17103357561e-10, 5.22872524978e-11, 0.585848626375, 
0.0238643843947, 4.55840707396, -1.19401667905e-206, 616.238383657, 0.43596624459828875, 0.240395289935, 0.00215473275517, 0.000143623073824, 0.146153082571, 0.00112699632092, 0.0231211099081, 0.000390795680735, 0.000129499025848, 1.21106038636e-10, 1.90131860246e-11, 3.32903506568e-13, 1.24694166426e-12, 9.8658824732e-11, 2.28005629694e-08, 1.43227320585e-10, 1.32091784977e-10, 5.51356975561e-11, 0.586384847358, 
0.0238683285686, 4.72874320995, -2.35326931036e-206, 640.535982171, 0.42025972042905441, 0.237096289725, 0.00260023755434, 0.000170291808984, 0.145334191232, 0.00118018277085, 0.0256958990255, 0.000365633930693, 0.000127098778314, 1.6413517954e-10, 2.64820270145e-11, 4.02378362599e-13, 1.47395612333e-12, 1.46384755892e-10, 2.75523183157e-08, 1.30476732377e-10, 1.6682929446e-10, 6.09618705394e-11, 0.587430146924, 
0.0238722727426, 4.89919068875, -3.98248191103e-206, 664.922511393, 0.40563693859582894, 0.233722257105, 0.00309297614697, 0.000201210807175, 0.144463310428, 0.00122100486312, 0.028380819343, 0.000341869738126, 0.000123547948683, 2.20803573662e-10, 3.65151801497e-11, 4.88473540282e-13, 1.73443297705e-12, 2.10727112687e-10, 3.3094892375e-08, 1.20225983947e-10, 2.09187637535e-10, 6.70580391115e-11, 0.588452969658, 
0.0238762169165, 5.06922608118, -5.64666451632e-206, 689.323947019, 0.39202999478615058, 0.230276775096, 0.00363184108096, 0.00023717244991, 0.143540937166, 0.0012512276256, 0.0311707671917, 0.000319782929099, 0.000119017464053, 2.94517158988e-10, 4.98107634551e-11, 5.95761010254e-13, 2.03235065393e-12, 2.95088071679e-10, 3.95350570981e-08, 1.12113914229e-10, 2.60588306863e-10, 7.34714496761e-11, 0.589452438373, 
0.0238801610905, 5.23843564059, -8.16989440453e-206, 713.680282171, 0.37936673303357549, 0.226762907735, 0.00421553152774, 0.00027906508485, 0.142566595934, 0.00127304193336, 0.034061961128, 0.000299472564519, 0.000113683373212, 3.89178504651e-10, 6.71931863949e-11, 7.30001943279e-13, 2.37198971883e-12, 4.02990386199e-10, 4.69899709525e-08, 1.0580766172e-10, 3.22666940355e-10, 8.02574389601e-11, 0.590427692358, 
0.0238841052644, 5.40649859484, -1.00700726332e-205, 737.943483442, 0.36757455259607924, 0.223183219309, 0.00484264971161, 0.000327847675598, 0.14153890233, 0.0012888331311, 0.0370519352928, 0.000280930330409, 0.000107719550665, 5.09169678172e-10, 8.9616255241e-11, 8.98339975454e-13, 2.75791245808e-12, 5.37969583486e-10, 5.55874780614e-08, 1.01031730352e-10, 3.97292623626e-10, 8.74822048701e-11, 0.591377905355, 
0.0238860773514, 5.48997288262, -1.04714140676e-205, 750.02516557, 0.36198676648735401, 0.221354568398, 0.00517477633276, 0.0003554429837, 0.140999417046, 0.00129542141186, 0.0385967475973, 0.000272231149001, 0.000104535959155, 5.81133067683e-10, 1.03247665741e-10, 9.99481512036e-13, 2.97194630432e-12, 6.17065593341e-10, 6.0410089267e-08, 9.91287963073e-11, 4.405041664e-10, 9.13264272619e-11, 0.591846796776, 
0.0238880494384, 5.57305897178, -1.08721752376e-205, 762.068856345, 0.35659076009257634, 0.219509640066, 0.00551737794637, 0.000385224494152, 0.140444639486, 0.00130136717603, 0.0401675077857, 0.000263952465332, 0.000101249738312, 6.61640586368e-10, 1.18625066533e-10, 1.11304499971e-12, 3.20008517332e-12, 7.04314502337e-10, 6.55921623623e-08, 9.75482887252e-11, 4.87960239054e-10, 9.53190510845e-11, 0.59230897308, 
0.0238900215253, 5.65575167782, -1.05213496876e-205, 774.070629692, 0.35137825302368841, 0.217649091752, 0.00587028891413, 0.00041732766459, 0.139874074934, 0.00130695489763, 0.0417642911846, 0.000256070664297, 9.788064618e-05, 7.51401474209e-10, 1.35917020411e-10, 1.24046893775e-12, 3.4430233843e-12, 8.00152011406e-10, 7.11549992728e-08, 9.62649984505e-11, 5.40010441299e-10, 9.94677923061e-11, 0.59276394576, 
0.0238919936123, 5.73801208423, -1.01729396156e-205, 786.026964029, 0.34634161336504932, 0.215772703958, 0.00623331851177, 0.000451886290987, 0.139287315924, 0.00131245582412, 0.0433872025809, 0.000248563955929, 9.44477075431e-05, 8.51147058133e-10, 1.55300603377e-10, 1.38331310756e-12, 3.70146594779e-12, 9.04998261088e-10, 7.7120792303e-08, 9.52569000498e-11, 5.97027334141e-10, 1.03780422106e-10, 0.593212025413, 
0.0238939656993, 5.81984236828, -8.44203203157e-206, 797.934698696, 0.34147310692003047, 0.213881128532, 0.00660630219918, 0.000489032373055, 0.13868379878, 0.00131813106141, 0.0450364215833, 0.000241411513761, 9.09690136269e-05, 9.61627799237e-10, 1.76961059563e-10, 1.54326200935e-12, 3.97612615448e-12, 1.01926458185e-09, 8.35124562396e-08, 9.45046046869e-11, 6.59403552651e-10, 1.0826470408e-10, 0.593652718406, 
0.0238959377862, 5.90120748174, -6.73153119228e-206, 809.790984626, 0.33676568116126909, 0.211974119192, 0.00698904447697, 0.000528893831789, 0.13806306357, 0.00132422734454, 0.0467121349899, 0.000234593776567, 8.74618325179e-05, 1.08360888184e-09, 2.0109077017e-10, 1.72212163548e-12, 4.26772176093e-12, 1.14334635531e-09, 9.03537855209e-08, 9.39916562993e-11, 7.27555701988e-10, 1.12928545581e-10, 0.594086367263, 
0.0238979098732, 5.98211542379, -3.62860823196e-206, 821.593247928, 0.33221219844078098, 0.210052334107, 0.00738137930731, 0.000571594679688, 0.137424504065, 0.00133098074273, 0.0484145907107, 0.000228091803758, 8.39424229349e-05, 1.21786683922e-09, 2.27888797067e-10, 1.92182034301e-12, 4.57697210891e-12, 1.27762767893e-09, 9.76692463957e-08, 9.3703735426e-11, 8.0192039614e-10, 1.1777986288e-10, 0.594512480748, 
0.0238998819602, 6.06253390159, -5.75906687958e-207, 833.339144893, 0.32780621114499608, 0.208115523806, 0.00778310304219, 0.000617252535757, 0.136767632761, 0.00133861270835, 0.0501440204884, 0.000221887653246, 8.04261622723e-05, 1.36518404517e-09, 2.57559509028e-10, 2.14440103547e-12, 4.90459302948e-12, 1.42247323796e-09, 1.05484154786e-07, 9.36288249827e-11, 8.82958725911e-10, 1.22826682155e-10, 0.594931431206, 
0.0239018540472, 6.14247582252, 4.23707164114e-206, 845.026532359, 0.32354118769026186, 0.206164374922, 0.00819404486252, 0.000665979214705, 0.136091826039, 0.00134733428822, 0.0519007035581, 0.00021596379235, 7.69273717822e-05, 1.52634514647e-09, 2.90312140996e-10, 2.39201924761e-12, 5.25129357929e-12, 1.57823406212e-09, 1.13824424326e-07, 9.37563573706e-11, 9.71151017287e-10, 1.28076879116e-10, 0.595342727531, 
0.0239038261341, 6.22191020959, 8.95033384618e-206, 856.653428342, 0.31941128522198742, 0.204198647767, 0.00861398840571, 0.000717878013776, 0.13539659515, 0.00135734231496, 0.0536848786788, 0.000210303404568, 7.34594581366e-05, 1.70213035807e-09, 3.26359132646e-10, 2.66692994526e-12, 5.61776945743e-12, 1.74523852916e-09, 1.22716768745e-07, 9.40773241999e-11, 1.06700200079e-09, 1.33538131332e-10, 0.595746779014, 
0.0239057982211, 6.30085361049, 1.54002514475e-205, 868.217990056, 0.31541056724856242, 0.202219067104, 0.00904275367281, 0.000773044853133, 0.134681325602, 0.00136882412971, 0.055496819237, 0.000204889683877, 7.0034748706e-05, 1.89331199423e-09, 3.65915913624e-10, 2.97148305025e-12, 6.00469955718e-12, 1.92380231748e-09, 1.3218840124e-07, 9.45833265677e-11, 1.17103404755e-09, 1.39217344851e-10, 0.596143103183, 
0.0239077703081, 6.37927569747, 2.16868836145e-205, 879.718479807, 0.31153377021241357, 0.200225426074, 0.00948010698812, 0.000831565322346, 0.133945551581, 0.00138195398045, 0.0573367345577, 0.000199705833042, 6.66646428003e-05, 2.10064646053e-09, 4.09199048278e-10, 3.30810437424e-12, 6.41273778856e-12, 2.11425432383e-09, 1.42267264222e-07, 9.52664971447e-11, 1.28379314551e-09, 1.45120118498e-10, 0.596532142595, 
0.023911714482, 6.53465785279, 2.25632629681e-205, 902.524044786, 0.30412729097122571, 0.196223982549, 0.0103740351771, 0.000958012468401, 0.132421609808, 0.00141342556393, 0.0610756074021, 0.000190037894373, 6.01630822995e-05, 2.56269056331e-09, 5.06899334414e-10, 4.07948966013e-12, 7.28783874651e-12, 2.53026895104e-09, 1.64175139104e-07, 9.71240274751e-11, 1.53533450447e-09, 1.57517670669e-10, 0.597282954478, 
0.023915658656, 6.68798844245, 2.36292289803e-205, 925.06224419, 0.29715602910937006, 0.192172169998, 0.0112992362634, 0.0010981445777, 0.13081484743, 0.00145309627372, 0.0649224663944, 0.000181127542697, 5.39820297925e-05, 3.09511029047e-09, 6.21420006712e-10, 5.00388898944e-12, 8.25034882719e-12, 2.99628885487e-09, 1.88714514675e-07, 9.95928119652e-11, 1.82617021718e-09, 1.70844385631e-10, 0.598004731953, 
0.0239196028299, 6.83924264223, 2.48544900592e-205, 947.322839932, 0.2905854854824016, 0.18807322643, 0.0122536626524, 0.00125218683818, 0.129122726609, 0.0015019729947, 0.0688772666311, 0.000172899814288, 4.8173654638e-05, 3.70252663293e-09, 7.54169721091e-10, 6.10014671488e-12, 9.30353534976e-12, 3.51373878174e-09, 2.1609650924e-07, 1.02658329608e-10, 2.16058406451e-09, 1.85172092624e-10, 0.598697657845, 
0.0239235470038, 6.98839408829, 2.62667653286e-205, 969.295625142, 0.28438483216423249, 0.183930983827, 0.0132350659725, 0.0014201601474, 0.127343500511, 0.00156089357412, 0.0729389864492, 0.000165280161875, 4.27757241211e-05, 4.3888147593e-09, 9.0638509231e-10, 7.38611117189e-12, 1.04496650043e-11, 4.0836040574e-09, 2.46532601932e-07, 1.06312083778e-10, 2.54292818253e-09, 2.00573091303e-10, 0.599362094853, 
0.0239274911778, 7.13541269305, 2.78574503391e-205, 990.970056714, 0.27852656504514234, 0.17974993826, 0.0142409817255, 0.0016018773603, 0.125476333572, 0.00163053013929, 0.0771054677345, 0.000158199551681, 3.78125216742e-05, 5.1569717379e-09, 1.07908723803e-09, 8.87783901087e-12, 1.1689797894e-11, 4.70639341051e-09, 2.80231920977e-07, 1.10548044643e-10, 2.97753750345e-09, 2.17118024431e-10, 0.599998564635, 
0.0239314353517, 7.28026104989, 2.96304664492e-205, 1012.33499718, 0.27298617830438293, 0.175535261867, 0.0152687188017, 0.00179694549297, 0.123521401344, 0.00171139293038, 0.0813732955113, 0.000151595953547, 3.32960121348e-05, 6.00900651545e-09, 1.27304423042e-09, 1.05888089338e-11, 1.30235984282e-11, 5.38209865529e-09, 3.17398390932e-07, 1.15361220007e-10, 3.46863322726e-09, 2.34873939488e-10, 0.600607758182, 
0.0239353795257, 7.42290031882, 3.14305307603e-205, 1033.37949184, 0.2677415978843245, 0.171292829476, 0.0163153595692, 0.00200477359508, 0.121479957612, 0.00180383390665, 0.0857377213451, 0.000145414301364, 2.92272031145e-05, 6.94585564929e-09, 1.48874209151e-09, 1.25291965604e-11, 1.44491753737e-11, 6.11022214261e-09, 3.58227784952e-07, 1.20746731568e-10, 4.02021734466e-09, 2.53902181464e-10, 0.601190505797, 
0.0239393236996, 7.56329088598, 3.33890669902e-205, 1054.09302929, 0.26277285167981657, 0.167029190594, 0.0173777652817, 0.00222458538812, 0.1193543756, 0.0019080504192, 0.09019262687, 0.000139606042246, 2.55976466547e-05, 7.96732689358e-09, 1.72636227448e-09, 1.47052596972e-11, 1.59629637159e-11, 6.88969124759e-09, 4.02904780831e-07, 1.26699133446e-10, 4.63596180149e-09, 2.74256398247e-10, 0.601747777602, 
0.0239432678736, 7.70138950463, 1.05650317827e-205, 1074.46506926, 0.25806195248384683, 0.162751548077, 0.0184525933459, 0.00245543625174, 0.117148152155, 0.00202408975818, 0.09473053596, 0.000134128643351, 2.23910133769e-05, 9.07207358364e-09, 1.98577112887e-09, 1.7118872158e-11, 1.75596607489e-11, 7.71890569238e-09, 4.51600131958e-07, 1.33211925926e-10, 5.31909634994e-09, 2.95980916997e-10, 0.602280648636, 
0.0239472120475, 7.83714849833, -1.38182538054e-205, 1094.48511878, 0.2535926662129937, 0.158467687859, 0.0195363192227, 0.00269623351559, 0.114865884936, 0.00215185479824, 0.0993426649778, 0.000128945046194, 1.95846813935e-05, 1.02575977014e-08, 2.26651807379e-09, 1.97672369362e-11, 1.92322234204e-11, 8.59573440045e-09, 5.04468025406e-07, 1.40277181884e-10, 6.07229958449e-09, 3.1910927753e-10, 0.602790292805, 
0.0239511562215, 7.97051734054, -3.62460594642e-205, 1114.14283844, 0.24935029381464885, 0.154185916458, 0.0206252685949, 0.00294575956942, 0.112513215975, 0.00229111141912, 0.104019014925, 0.000124023134897, 1.71512809177e-05, 1.15202808505e-08, 2.56784302772e-09, 2.26427977787e-11, 2.09719327045e-11, 9.51753344723e-09, 5.61643698382e-07, 1.47885267761e-10, 6.89759717791e-09, 3.43663021944e-10, 0.60327794596, 
0.0239551003954, 8.10144250925, -5.98589830122e-205, 1133.42816884, 0.24532148427009096, 0.149914957766, 0.0217156523166, 0.00320269667353, 0.110096751511, 0.00244149771837, 0.108748494542, 0.00011933524566, 1.50601495452e-05, 1.2855439645e-08, 2.88869211453e-09, 2.57333508794e-11, 2.27685251222e-11, 1.04811739533e-08, 6.23241393909e-07, 1.56024680461e-10, 7.79627239329e-09, 3.69650815752e-10, 0.60374489624, 
0.0239590445693, 8.22986941542, -7.93921317482e-205, 1152.33146918, 0.24149406060056258, 0.145663858924, 0.0228036092728, 0.00346565300029, 0.10762395481, 0.00260253529808, 0.113519075837, 0.000114857713795, 1.32786603503e-05, 1.42574032618e-08, 3.22774093327e-09, 2.90223505093e-11, 2.46103889894e-11, 1.14830809776e-08, 6.89352699139e-07, 1.64681972709e-10, 8.76879229576e-09, 3.97067937452e-10, 0.60419244878, 
0.0239629887433, 8.35574266881, -9.97098799455e-205, 1170.84365939, 0.23785687285107135, 0.141441866037, 0.0238852494002, 0.00373318882206, 0.105103022282, 0.00277364224876, 0.118317969411, 0.000110570457882, 1.177339928e-05, 1.5719608582e-08, 3.58342387555e-09, 3.24893855609e-11, 2.64848172016e-11, 1.25192807945e-08, 7.60045320868e-07, 1.73841777998e-10, 9.81475391585e-09, 4.25896158522e-10, 0.604621915602, 
0.0239669329172, 8.47900809101, -1.16331383326e-204, 1188.95635945, 0.23439966286080277, 0.137258311927, 0.0249567015971, 0.00400384247295, 0.102542742133, 0.00295414777363, 0.123131819628, 0.00010645659097, 1.051117619e-05, 1.72347102684e-08, 3.9539684851e-09, 3.61108006429e-11, 2.83783065742e-11, 1.35854571628e-08, 8.35362309646e-07, 1.83486903326e-10, 1.09328523128e-08, 4.56104002659e-10, 0.605034584928, 
0.0239708770912, 8.59961316532, -1.33442597755e-204, 1206.66201917, 0.23111295184954583, 0.133122484964, 0.0260141589909, 0.00427615511214, 0.0999523455036, 0.00314330782058, 0.127946906529, 0.000102502057072, 9.45986459937e-06, 1.87947010643e-08, 4.33743314056e-09, 3.98604230763e-11, 3.02768892724e-11, 1.46770131824e-08, 9.15321755783e-07, 1.93598496799e-10, 1.21208730948e-08, 4.87647364119e-10, 0.605431713155, 
0.0239748212651, 8.71750890503, 3.71839286763e-204, 1223.95403386, 0.22798793835497203, 0.129043513591, 0.0270539259492, 0.00454869405431, 0.0973413508456, 0.00334032149106, 0.132749353967, 9.86952865665e-05, 8.58907039341e-06, 2.0391039906e-08, 4.73174702526e-09, 4.37103601962e-11, 3.21664818908e-11, 1.57891387931e-08, 9.99916936154e-07, 2.04156258633e-10, 1.33757092382e-08, 5.20470439583e-10, 0.60581450074, 
0.0239787654391, 8.83265028894, 8.87344665041e-204, 1240.8268414, 0.22501641499416622, 0.125030242532, 0.0280724599545, 0.00482007386702, 0.0947194103315, 0.00354434753108, 0.137525331711, 9.50268711335e-05, 7.87063593069e-06, 2.20147835218e-08, 5.1347507319e-09, 4.76318249241e-11, 3.40332353968e-11, 1.69168801288e-08, 1.0891169058e-06, 2.1513870041e-10, 1.46934026233e-08, 5.54506927239e-10, 0.606184087838, 
0.023982709613, 8.94499780891, 1.22338495304e-203, 1257.27599812, 0.22219069399837085, 0.121091127992, 0.0290664124576, 0.00508897516263, 0.0920961595268, 0.0037545206845, 0.142261251306, 9.14892554093e-05, 7.27898847453e-06, 2.36567195883e-08, 5.5442366605e-09, 5.15959568119e-11, 3.58638712818e-11, 1.80552105324e-08, 1.18286748667e-06, 2.26523421514e-10, 1.60692079192e-08, 5.89681429917e-10, 0.606541537529, 
0.023986653787, 9.05451774002, 1.56351925604e-203, 1273.29823113, 0.21950354784914425, 0.11723413335, 0.0300326627915, 0.0053541604948, 0.0894810772925, 0.00396996734298, 0.146943945291, 8.80764462158e-05, 6.79134511887e-06, 2.53074976713e-08, 5.95798788565e-09, 5.55746048167e-11, 3.76459890506e-11, 1.91990995294e-08, 1.28109262547e-06, 2.38287399867e-10, 1.749767721e-08, 6.25911000378e-10, 0.606887835633, 
0.0239905979609, 9.16118325539, 1.70695418888e-203, 1288.89146636, 0.21694815705073761, 0.113466645947, 0.0309683490275, 0.00561448745223, 0.0868833567986, 0.00418982045614, 0.151560830511, 8.478373345e-05, 6.38778748195e-06, 2.69577564531e-08, 6.37381511785e-09, 5.95410520476e-11, 3.93683338653e-11, 2.03435796212e-08, 1.38369605621e-06, 2.5040724573e-10, 1.89727612346e-08, 6.63106729623e-10, 0.607223880931, 
0.0239945421348, 9.26497443646, 1.85112480679e-203, 1304.05483189, 0.21451806964037795, 0.10979540064, 0.0318708909688, 0.00586891857876, 0.0843117924469, 0.00441323344708, 0.156100047552, 8.1607405553e-05, 6.0512210209e-06, 2.8598243947e-08, 6.78959117416e-09, 6.34706662061e-11, 4.10210143256e-11, 2.14838077116e-08, 1.49056322722e-06, 2.62859337017e-10, 2.04879242174e-08, 7.0117516319e-10, 0.607550488749, 
0.0239984863088, 9.36587890992, 1.84798199357e-203, 1318.78863739, 0.21220716622180127, 0.106226424924, 0.032738008903, 0.00611652835628, 0.081774682743, 0.00463939348546, 0.160550578186, 7.85443922168e-05, 5.76723358619e-06, 3.02199293228e-08, 7.20328368078e-09, 6.73414764168e-11, 4.25956645144e-11, 2.26151225194e-08, 1.60156342292e-06, 2.75619531688e-10, 2.20362672523e-08, 7.4001879749e-10, 0.607868387013, 
0.0240024304827, 9.46389156326, 1.84484251358e-203, 1333.0943309, 0.21000963370768597, 0.102764994393, 0.0335677343706, 0.00635650707301, 0.0792797518057, 0.00486753451596, 0.164902335297, 7.55916045237e-05, 5.52386667433e-06, 3.18141029683e-08, 7.61298718367e-09, 7.11346836668e-11, 4.40855458156e-11, 2.37331310087e-08, 1.71655203947e-06, 2.88661545165e-10, 2.36106566959e-08, 7.7953278289e-10, 0.608178222567, 
0.0240103188306, 9.65134290382, 1.43619281656e-203, 1360.4369807, 0.20593101234252686, 0.0962114082929, 0.0351027233406, 0.00680914926983, 0.0744637927981, 0.00532519214542, 0.173238561747, 7.00319621921e-05, 5.13148952782e-06, 3.48788160521e-08, 8.41099318347e-09, 7.84049142315e-11, 4.67818886701e-11, 2.5908343324e-08, 1.95666998274e-06, 3.15337089859e-10, 2.67976968453e-08, 8.59732930912e-10, 0.608771954988, 
0.0240182071785, 9.82788661211, 6.67302919915e-204, 1386.18296569, 0.20223187279933547, 0.0901222416312, 0.0364748591312, 0.00722556750634, 0.0698816102658, 0.0057824692799, 0.181102845966, 6.48859768825e-05, 4.80858831664e-06, 3.7749810543e-08, 9.17487848663e-09, 8.52194271968e-11, 4.911622386e-11, 2.79887866553e-08, 2.20964701656e-06, 3.42732218802e-10, 2.99974676008e-08, 9.4115202687e-10, 0.609338395679, 
0.0240260955264, 9.9938179052, -1.50419314796e-204, 1410.38759224, 0.19887413564227582, 0.0845116725444, 0.0376795313815, 0.00760336191821, 0.0655666408829, 0.00623491390823, 0.188456381557, 6.01461784229e-05, 4.52772919079e-06, 4.03815969221e-08, 9.89509379474e-09, 9.15296384357e-11, 5.10938715384e-11, 2.9951333551e-08, 2.47391269862e-06, 3.70694209725e-10, 3.3158710624e-08, 1.02307669296e-09, 0.609880235064, 
0.0240339838743, 10.1495262958, -1.13954602349e-203, 1433.11797684, 0.1958230267322803, 0.0793826706183, 0.0387164909866, 0.00794163077671, 0.0615414218635, 0.00667879766562, 0.19527651017, 5.58013636647e-05, 4.27443293439e-06, 4.27398585392e-08, 1.05646153152e-08, 9.73284942775e-11, 5.27397428079e-11, 3.17786194617e-08, 2.74785317546e-06, 3.99088059463e-10, 3.62361970279e-08, 1.10485399805e-09, 0.610399531296, 
0.0240418722222, 10.2954750377, -2.75408499282e-203, 1454.44986711, 0.1930468756435636, 0.0747283409261, 0.03958925477, 0.00824072346565, 0.0578184567564, 0.00711109846579, 0.201555200076, 5.18377919875e-05, 4.04174466123e-06, 4.48019096276e-08, 1.11788813922e-08, 1.02641747737e-10, 5.40933577761e-11, 3.34588711068e-08, 3.02986217946e-06, 4.27797311174e-10, 3.91923543593e-08, 1.18590533651e-09, 0.610897885739, 
0.0240497605701, 10.4321795739, -4.47826357172e-203, 1474.46455189, 0.19051695276511493, 0.0705335618267, 0.0403044214032, 0.00850196902306, 0.0544015075525, 0.00752944182974, 0.207296987374, 4.82390204611e-05, 3.82653659794e-06, 4.65563440811e-08, 1.17355515796e-08, 1.07518366738e-10, 5.52036132222e-11, 3.49854740184e-08, 3.31838244605e-06, 4.56724100907e-10, 4.19980215346e-08, 1.26573390047e-09, 0.611376589891, 
0.0240576489179, 10.5601865935, -5.8870965991e-203, 1493.24601916, 0.18820732179934316, 0.0667767422699, 0.0408709624671, 0.0087274073591, 0.0512871138299, 0.00793202355892, 0.212516645027, 4.498601893e-05, 3.62731630101e-06, 4.80020097744e-08, 1.22341688524e-08, 1.12021355768e-10, 5.61239562778e-11, 3.63563416339e-08, 3.61193714015e-06, 4.85787700761e-10, 4.46324293232e-08, 1.34392598266e-09, 0.611836736993, 
0.0240655372658, 10.6800548827, -7.30643336842e-203, 1510.87846974, 0.18609469385432664, 0.0634315565911, 0.0412995393213, 0.00891954150985, 0.0484661781086, 0.00831752773262, 0.217236800224, 4.20576279108e-05, 3.44311013868e-06, 4.91464849792e-08, 1.26757799759e-08, 1.16220007003e-10, 5.69083814371e-11, 3.75731755216e-08, 3.90915176778e-06, 5.14922048312e-10, 4.70825652179e-08, 1.42014768754e-09, 0.612279298037, 
0.0240734256137, 10.7923386812, -8.4285749334e-203, 1527.44424222, 0.18415827711609312, 0.0604685530251, 0.041601881947, 0.00908112031426, 0.0459255016682, 0.00868504609163, 0.221485664756, 3.94311933722e-05, 3.27298960315e-06, 5.00042394345e-08, 1.3062551531e-08, 1.20184380479e-10, 5.76084411377e-11, 3.86406929568e-08, 4.2087676484e-06, 5.44072560344e-10, 4.93421017839e-08, 1.49413812159e-09, 0.612705165982, 
0.0240813139616, 10.8975738436, -9.52526379053e-203, 1543.02216424, 0.18237962120555412, 0.0578565695156, 0.041790252444, 0.00921495231869, 0.0436491999598, 0.00903399841405, 0.225294987551, 3.70829772418e-05, 3.11589245661e-06, 5.05946388245e-08, 1.33974036672e-08, 1.23982941795e-10, 5.82712646998e-11, 3.95658875996e-08, 4.50964838778e-06, 5.73192569842e-10, 5.14100561137e-08, 1.56569697154e-09, 0.61311517399, 
0.0240970906574, 11.0885809973, -1.13315207445e-202, 1571.45188669, 0.17923747520374658, 0.0536081373457, 0.0418627268813, 0.00940677167318, 0.0398542847039, 0.00967233565249, 0.231668862861, 3.31580265266e-05, 2.8378620472e-06, 5.10395927884e-08, 1.3919249608e-08, 1.31257876299e-10, 5.96033970172e-11, 4.10107460892e-08, 5.10923092798e-06, 6.30948256122e-10, 5.49632062256e-08, 1.70031460634e-09, 0.613885612308, 
0.0241128673532, 11.2591053085, -1.15394698617e-202, 1596.99463025, 0.17652232861896336, 0.050361009411, 0.0416285894313, 0.00952149376897, 0.0368240269646, 0.0102405804826, 0.236784386616, 3.00122994373e-05, 2.59781417696e-06, 5.07595927423e-08, 1.42838723845e-08, 1.38445450812e-10, 6.11630971175e-11, 4.20162197543e-08, 5.70307862367e-06, 6.8793409954e-10, 5.7898192585e-08, 1.8242584386e-09, 0.614601432464, 
0.0241286440489, 11.4123891226, -1.17269801927e-202, 1620.10699802, 0.17415093331171141, 0.0479038096868, 0.0411681446362, 0.0095749444189, 0.0344172923668, 0.0107424781813, 0.240887242185, 2.74900561005e-05, 2.3896190304e-06, 4.99432344784e-08, 1.45183874464e-08, 1.45713596314e-10, 6.30714800589e-11, 4.26609040127e-08, 6.28668554251e-06, 7.43851645853e-10, 6.03046434453e-08, 1.93756082337e-09, 0.615269751847, 
0.0241444207447, 11.5511417311, -1.18341663124e-202, 1641.16757878, 0.17205861879274695, 0.0460561176086, 0.0405484261878, 0.0095806803433, 0.0325080853782, 0.0111834113076, 0.244191733841, 2.54577105102e-05, 2.2079972191e-06, 4.87569219891e-08, 1.46480466241e-08, 1.53129700056e-10, 6.53775675938e-11, 4.30180156374e-08, 6.85687095952e-06, 7.98457978987e-10, 6.22739399511e-08, 2.04063345858e-09, 0.615896851001, 
0.0241601974405, 11.6775791629, -1.19353983282e-202, 1660.48430681, 0.17019531734090279, 0.0446701413151, 0.0398229859476, 0.0095498810752, 0.0309896148703, 0.011569596009, 0.246876252766, 2.38061768996e-05, 2.04871494533e-06, 4.73364891098e-08, 1.46948810113e-08, 1.60689774525e-10, 6.80801856328e-11, 4.31513454916e-08, 7.41149296957e-06, 8.51558582498e-10, 6.38895306154e-08, 2.13410738492e-09, 0.616488089346, 
0.0241759741363, 11.7934855689, -1.19384081923e-202, 1678.30412763, 0.16852232162461381, 0.0436284409726, 0.0390331283085, 0.00949157767535, 0.0297745610355, 0.0119074389054, 0.249084458147, 2.24490164561e-05, 1.90840615389e-06, 4.57865493221e-08, 1.46773765624e-08, 1.68347643275e-10, 7.11475098634e-11, 4.31140285518e-08, 7.94917502991e-06, 9.03005811195e-10, 6.52226970404e-08, 2.21872442847e-09, 0.617047916196, 
0.024191750832, 11.900278461, -1.19412882133e-202, 1694.82273842, 0.16700972775503189, 0.0428397638014, 0.0382098006875, 0.00941296954048, 0.0287933289678, 0.0122030647098, 0.250929379903, 2.13189690238e-05, 1.78433030703e-06, 4.41841223661e-08, 1.46107183936e-08, 1.76039615729e-10, 7.45330422025e-11, 4.29489411129e-08, 8.46905996781e-06, 9.52693594192e-10, 6.63316024924e-08, 2.29526306212e-09, 0.617579948457, 
0.0242233042236, 12.0900632843, -1.19436308573e-202, 1724.4319632, 0.16438762540836663, 0.0418151715483, 0.0365376073607, 0.00921279401448, 0.0273742003255, 0.0126822767593, 0.253781899676, 1.95799476873e-05, 1.57681276845e-06, 4.099975826e-08, 1.43692960201e-08, 1.91292950333e-10, 8.20790438559e-11, 4.23482331341e-08, 9.44942970199e-06, 1.04615396072e-09, 6.80068855045e-08, 2.42591803246e-09, 0.618565274656, 
0.0242548576152, 12.2577623275, -1.19424205682e-202, 1750.80421253, 0.16213825883331845, 0.041162498692, 0.0349189096548, 0.00898430676679, 0.0263378569689, 0.0130604761895, 0.256036873059, 1.82377837169e-05, 1.40948652304e-06, 3.80379588691e-08, 1.40485888949e-08, 2.0610994796e-10, 9.02400268135e-11, 4.15613219149e-08, 1.03665500188e-05, 1.13280291804e-09, 6.9272273327e-08, 2.53393012846e-09, 0.619468897965, 
0.0242864110067, 12.4078317887, -1.19430205662e-202, 1774.56547792, 0.16017692567659833, 0.0407033501933, 0.0333956463577, 0.00874451693753, 0.025534318323, 0.0133629535102, 0.25792570984, 1.71528427577e-05, 1.27304508202e-06, 3.5374014814e-08, 1.36866794373e-08, 2.202311577e-10, 9.87287448643e-11, 4.06862298486e-08, 1.12251029116e-05, 1.21312676075e-09, 7.02634487906e-08, 2.62368559522e-09, 0.620303689681, 
0.0243179643983, 12.5434603142, -1.19453971485e-202, 1796.16703455, 0.15844471133572605, 0.0403418814412, 0.0319814164319, 0.00850385224838, 0.0248760338068, 0.013608075875, 0.259580045488, 1.62424266305e-05, 1.16050869284e-06, 3.30179616124e-08, 1.33075152446e-08, 2.33516745172e-10, 1.07332362229e-10, 3.97786299388e-08, 1.20303289342e-05, 1.28781543914e-09, 7.10677397266e-08, 2.69875146479e-09, 0.621079099945, 
0.0243495177898, 12.6670005379, -1.19483442732e-202, 1815.94515772, 0.15689917385172705, 0.0400278914974, 0.030675897134, 0.00826824685367, 0.0243121815253, 0.0138089155271, 0.261074916411, 1.54568055406e-05, 1.06666371249e-06, 3.09507881635e-08, 1.29255221027e-08, 2.45912909459e-10, 1.1590482633e-10, 3.88694854353e-08, 1.27873781078e-05, 1.35758622211e-09, 7.17422685065e-08, 2.76192906868e-09, 0.621802481235, 
0.0243810711814, 12.7802328915, -1.19490813158e-202, 1834.15707381, 0.15550883935380436, 0.0397357888666, 0.0294725805389, 0.00804082168998, 0.0238130870932, 0.0139747659025, 0.262453747748, 1.47650799404e-05, 9.87588397572e-07, 2.91427992303e-08, 1.25491371074e-08, 2.57418802989e-10, 1.24351007535e-10, 3.79756269504e-08, 1.35009943438e-05, 1.42310361251e-09, 7.23249373516e-08, 2.81540204338e-09, 0.622479797886, 
0.0244126245729, 12.8845259489, -1.19498108229e-202, 1851.00264322, 0.15424988810830145, 0.0394529731809, 0.0283627361673, 0.00782302734654, 0.0233611650566, 0.014112291264, 0.263742380563, 1.41472699213e-05, 9.20315712842e-07, 2.75623919945e-08, 1.21831398095e-08, 2.68061979509e-10, 1.32610930654e-10, 3.71058736731e-08, 1.41753641124e-05, 1.48494828102e-09, 7.28412566566e-08, 2.86087680437e-09, 0.623116029033, 
0.0244441779645, 12.9809307967, -1.19505811848e-202, 1866.6370814, 0.15310415100943039, 0.0391735598756, 0.0273373312335, 0.00761537122359, 0.0229457960429, 0.0142263253657, 0.264956784755, 1.35899413395e-05, 8.62590943224e-07, 2.6179821317e-08, 1.18301159977e-08, 2.7788166027e-10, 1.40646692458e-10, 3.62644925761e-08, 1.48140223387e-05, 1.54361004792e-09, 7.33087215858e-08, 2.89969601339e-09, 0.623715412505, 
0.024475731356, 13.0702285445, -1.19513052147e-202, 1881.17728698, 0.15205795848429149, 0.0388950908357, 0.0263878603078, 0.00741789556019, 0.0225605010618, 0.0143204605212, 0.266107133684, 1.30837751687e-05, 8.12699060381e-07, 2.49683335152e-08, 1.14914035761e-08, 2.86918786916e-10, 1.48432174563e-10, 3.54530674159e-08, 1.541973944e-05, 1.59949530636e-09, 7.37396781148e-08, 2.93293025629e-09, 0.624281591195, 
0.0245388381391, 13.2292076647, -1.19497108525e-202, 1907.21983707, 0.15023035325652034, 0.0383413910434, 0.0246983752902, 0.00705480331323, 0.0218706206407, 0.0144588151668, 0.268226045522, 1.22046744122e-05, 7.31699052325e-07, 2.2990496006e-08, 1.08629353e-08, 3.02733749533e-10, 1.63130571963e-10, 3.39325945749e-08, 1.65338231038e-05, 1.70340219532e-09, 7.45149991797e-08, 2.98541114076e-09, 0.625320331372, 
0.0246019449222, 13.3700927478, -1.19483061212e-202, 1930.42717546, 0.14864707867426272, 0.0377917168559, 0.023217498614, 0.00672451250019, 0.0212502517222, 0.0145508658665, 0.27017377725, 1.14474292277e-05, 6.67716657807e-07, 2.14413690834e-08, 1.0287892501e-08, 3.16346356834e-10, 1.76989052233e-10, 3.25231080891e-08, 1.75595051141e-05, 1.80060966481e-09, 7.52224687707e-08, 3.02462806978e-09, 0.626261557747, 
0.0246650517053, 13.4961197871, -1.19467914243e-202, 1951.29090645, 0.14725878851347385, 0.0372499718354, 0.0219077441757, 0.00642322499167, 0.0206867467629, 0.0146071267721, 0.271975149267, 1.07868340575e-05, 6.16045211044e-07, 2.02278539261e-08, 9.76284751797e-09, 3.28109152415e-10, 1.90087367085e-10, 3.1216497304e-08, 1.85116399804e-05, 1.89269877903e-09, 7.58808231232e-08, 3.05396528834e-09, 0.627119979124, 
0.0247281584884, 13.6097509493, -1.19454956511e-202, 1970.18741329, 0.14602908973878861, 0.0367192396635, 0.0207402385565, 0.0061474859783, 0.0201710483236, 0.0146354428247, 0.273649017243, 1.0204592799e-05, 5.73524258905e-07, 1.92774041462e-08, 9.28358739641e-09, 3.38318681018e-10, 2.0249776292e-10, 3.00040157589e-08, 1.94021089944e-05, 1.9808540723e-09, 7.6502594589e-08, 3.0758818626e-09, 0.62790720652, 
0.0247912652715, 13.7128934512, -1.19439324638e-202, 1987.40991206, 0.14493054068116298, 0.0362016189555, 0.019692506239, 0.00589430734971, 0.019696290917, 0.0146417201551, 0.275210393352, 9.68705375568e-06, 5.37969891321e-07, 1.85352579896e-08, 8.84588385006e-09, 3.4722262218e-10, 2.14287784083e-10, 2.88773044444e-08, 2.02404770641e-05, 2.06597448796e-09, 7.70964130665e-08, 3.09219287474e-09, 0.628632558457, 
0.0248543720547, 13.8070337796, -1.19426095862e-202, 2003.18830252, 0.14394219671977887, 0.035698411302, 0.0187468540628, 0.00566115277974, 0.0192571329413, 0.0146304769099, 0.276671438325, 9.2238156026e-06, 5.07835047509e-07, 1.79596261636e-08, 8.4457867416e-09, 3.5502591661e-10, 2.25517925748e-10, 2.78287452851e-08, 2.10344518489e-05, 2.14874676484e-09, 7.76684089399e-08, 3.10426630997e-09, 0.629303629841, 
0.0249174788378, 13.8933077907, -1.19426968515e-202, 2017.69979117, 0.14304819820635087, 0.035210311964, 0.0178892417801, 0.00544589889621, 0.0188494628071, 0.0146051784144, 0.278041969292, 8.80691644373e-06, 4.82004891683e-07, 1.75179515788e-08, 8.07973800548e-09, 3.61893553871e-10, 2.36237253269e-10, 2.6851558962e-08, 2.1790145248e-05, 2.2296917694e-09, 7.82231149986e-08, 3.11315726928e-09, 0.629926721166, 
0.0249805856209, 13.9725009137, -1.19427703181e-202, 2031.06952345, 0.14223729030755289, 0.0347375732572, 0.0171084843789, 0.00524682040198, 0.0184704500221, 0.0145684297697, 0.279329528769, 8.43044483707e-06, 4.59675176401e-07, 1.71837961208e-08, 7.7446147576e-09, 3.67948850997e-10, 2.4647540784e-10, 2.59397298437e-08, 2.25120700695e-05, 2.30919401092e-09, 7.87642643062e-08, 3.11970884526e-09, 0.630507175536, 
0.0251067991871, 14.1107250109, -1.19428878192e-202, 2054.55899555, 0.14084373226895489, 0.0338421568755, 0.015753233469, 0.00489480228902, 0.0177974842734, 0.0144695954455, 0.281659383869, 7.78671066034e-06, 4.23521553275e-07, 1.67628468076e-08, 7.16147043886e-09, 3.77905390455e-10, 2.65427647624e-10, 2.4304758697e-08, 2.38578413291e-05, 2.46390436385e-09, 7.98130862136e-08, 3.1284698871e-09, 0.631551141427, 
0.0252330127533, 14.2315551487, -1.19429723799e-202, 2075.19802423, 0.13964770781037408, 0.0329998452141, 0.0145921028599, 0.00458598081592, 0.0171976554553, 0.0143481879552, 0.283764282602, 7.24034498884e-06, 3.94708208736e-07, 1.65698671091e-08, 6.66258370209e-09, 3.86092519234e-10, 2.83228767763e-10, 2.28534286938e-08, 2.51234460464e-05, 2.61686235749e-09, 8.08362120831e-08, 3.13297938483e-09, 0.632479053257, 
0.0253592263195, 14.3382997953, -1.1943032637e-202, 2093.51351088, 0.13860787311562703, 0.0322076907432, 0.0135861301751, 0.00431302763365, 0.0166582584808, 0.0142120668967, 0.285678682033, 6.77084428659e-06, 3.711934807e-07, 1.65362476106e-08, 6.23371159917e-09, 3.93033201864e-10, 3.00157696504e-10, 2.15577540194e-08, 2.63263520417e-05, 2.76926130307e-09, 8.18417944114e-08, 3.13524778403e-09, 0.633310542881, 
0.0254854398857, 14.4334460357, -1.19432235525e-202, 2109.90377003, 0.13769398313835654, 0.0314625210583, 0.0127063609372, 0.00407016041213, 0.0161695891885, 0.0140667725262, 0.287429599145, 6.36314964861e-06, 3.5162432054e-07, 1.66126538767e-08, 5.86323437576e-09, 3.99107271753e-10, 3.16427097501e-10, 2.03950797713e-08, 2.74794121511e-05, 2.92185622179e-09, 8.28345623979e-08, 3.13655406019e-09, 0.634060670067, 
0.0256116534519, 14.5188976445, -1.19433360194e-202, 2124.6750375, 0.13688341725261438, 0.0307612914014, 0.0119308955082, 0.00385281815518, 0.0157241018697, 0.013916237923, 0.289038454785, 6.00599144255e-06, 3.35072888438e-07, 1.67645075976e-08, 5.54182258568e-09, 4.04595578026e-10, 3.32207879445e-10, 1.93470895052e-08, 2.85921883929e-05, 3.07511527594e-09, 8.38168549912e-08, 3.13772666095e-09, 0.634741134685, 
0.0257378670181, 14.5961041523, -1.19433859022e-202, 2138.06159432, 0.13615921989687668, 0.0301013039361, 0.0112430205852, 0.00365741209015, 0.0153159716032, 0.01376332859, 0.290522040352, 5.69086505238e-06, 3.20888175849e-07, 1.69670922091e-08, 5.26200592244e-09, 4.09703108748e-10, 3.47631197643e-10, 1.83990734284e-08, 2.96717855267e-05, 3.22928856042e-09, 8.47892361561e-08, 3.1393270783e-09, 0.635361106761, 
0.0258640805843, 14.6660528615, -1.19433875983e-202, 2150.22586515, 0.13550968103128108, 0.0294803131367, 0.0106300923051, 0.00348120869758, 0.014941216059, 0.0136101762537, 0.291892530957, 5.41157589561e-06, 3.08616420285e-07, 1.7201238071e-08, 5.01784314119e-09, 4.14559809286e-10, 3.6276840112e-10, 1.75394719258e-08, 3.07231669598e-05, 3.38442578136e-09, 8.57507794328e-08, 3.14180499735e-09, 0.635927886418, 
0.0261165077168, 14.7847965928, -1.1943079868e-202, 2171.01431284, 0.13442110120396911, 0.0283550965866, 0.00960238229109, 0.00318205940857, 0.0142927642675, 0.0133129332417, 0.294298869733, 4.94929181293e-06, 2.88853781301e-07, 1.76967177728e-08, 4.62235702592e-09, 4.236214184e-10, 3.91867055283e-10, 1.60648580605e-08, 3.2742490921e-05, 3.69534115301e-09, 8.76260369128e-08, 3.15180195039e-09, 0.636917780162, 
0.0263689348492, 14.8864365865, -1.19425828123e-202, 2188.88769854, 0.13350310766631754, 0.0273379809784, 0.00874890956577, 0.00292927870041, 0.0137264391908, 0.0130236328826, 0.296418653956, 4.56825996103e-06, 2.73004421709e-07, 1.82116505805e-08, 4.30944653485e-09, 4.32705236049e-10, 4.20931654446e-10, 1.48094238999e-08, 3.46961469574e-05, 4.0118866972e-09, 8.94711527697e-08, 3.16459212988e-09, 0.637775432483, 
0.0266213619816, 14.9745221238, -1.19418666992e-202, 2204.43671308, 0.13271761028280182, 0.0264145883515, 0.00803014668837, 0.00271328358683, 0.0132266389772, 0.0127456486323, 0.298302199517, 4.24939239199e-06, 2.59990131633e-07, 1.87156811173e-08, 4.05952649712e-09, 4.42112630055e-10, 4.50340675844e-10, 1.37299274723e-08, 3.65968925875e-05, 4.33369797751e-09, 9.12852827106e-08, 3.18028721849e-09, 0.638526251774, 
0.026873789114, 15.0516597165, -1.1941092691e-202, 2218.09723724, 0.13203728723021421, 0.0255732739197, 0.0074177244905, 0.00252692662024, 0.0127817492437, 0.0124806448582, 0.299987787838, 3.97910663314e-06, 2.49100484711e-07, 1.91922044889e-08, 3.85816860199e-09, 4.51968565888e-10, 4.80290267921e-10, 1.27937581377e-08, 3.84531283006e-05, 4.66007672854e-09, 9.30630086459e-08, 3.19870295363e-09, 0.639189073996, 
0.0271262162465, 15.1198000739, -1.19399752172e-202, 2230.19600457, 0.13144208719010017, 0.0248048221027, 0.00689097778487, 0.00236485683854, 0.0123829219252, 0.012229398592, 0.301504722238, 3.74754952199e-06, 2.39850756378e-07, 1.9633433341e-08, 3.69478074357e-09, 4.62310242003e-10, 5.1087632098e-10, 1.19762633515e-08, 4.02705010278e-05, 4.99011889549e-09, 9.47974176136e-08, 3.21958394699e-09, 0.639777903333, 
0.0273786433789, 15.1803204498, -1.19388765951e-202, 2240.96444845, 0.13091792436351576, 0.0241026539996, 0.00643504952357, 0.00222317200956, 0.0120238496235, 0.0119924557497, 0.302873936775, 3.5476962631e-06, 2.31910357175e-07, 2.00356897459e-08, 3.56160472899e-09, 4.73099119095e-10, 5.42064808468e-10, 1.12593220039e-08, 4.20523878939e-05, 5.32257990983e-09, 9.64789704354e-08, 3.24276743893e-09, 0.640302909409, 
0.0278834976437, 15.279169595, -1.19366879224e-202, 2258.65959704, 0.13007072140660336, 0.0228934211313, 0.00570668317287, 0.00199471327897, 0.0114258159059, 0.0115715190214, 0.305177528895, 3.23118585268e-06, 2.19382848398e-07, 2.06945383043e-08, 3.36669055351e-09, 4.94969867518e-10, 6.0408877331e-10, 1.00947771425e-08, 4.54976174469e-05, 5.98327893556e-09, 9.96009044348e-08, 3.29771012626e-09, 0.641181226271, 
0.0283883519086, 15.3610812825, -1.2121962551e-202, 2273.37547728, 0.12937693953236337, 0.0218478915829, 0.00512705948813, 0.00181043620695, 0.0109203595367, 0.0111934910215, 0.307133526409, 2.98011526244e-06, 2.094504743e-07, 2.12256981812e-08, 3.2284187335e-09, 5.17857655516e-10, 6.68256136692e-10, 9.15131848902e-09, 4.88369838214e-05, 6.64876795703e-09, 1.0252474493e-07, 3.35572231927e-09, 0.641915061884, 
0.0288932061734, 15.4299523969, -1.23927075506e-202, 2285.78585056, 0.12879930611949508, 0.0209368958876, 0.00465738483776, 0.00165945835164, 0.0104878826502, 0.010854425128, 0.30881248442, 2.77693378199e-06, 2.01391785779e-07, 2.16477099463e-08, 3.12859995653e-09, 5.41382684737e-10, 7.34206794904e-10, 8.37558720104e-09, 5.20799784479e-05, 7.31455423686e-09, 1.05247176624e-07, 3.41578500252e-09, 0.642536260016, 
0.0293980604383, 15.4885520621, -1.26782702614e-202, 2296.37236288, 0.12831186310163803, 0.0201379777277, 0.00427100890282, 0.00153409881606, 0.0101142049156, 0.0105501799128, 0.310266540256, 2.60974783142e-06, 1.94732071089e-07, 2.19792673488e-08, 3.05531962663e-09, 5.65138252723e-10, 8.01340429216e-10, 7.72965961242e-09, 5.52342634045e-05, 7.97684974448e-09, 1.07765493476e-07, 3.47714273376e-09, 0.643067797376, 
0.0299029147031, 15.5389071462, -1.29462158908e-202, 2305.48937579, 0.1278959349231919, 0.019433448055, 0.00394908276781, 0.00142881865409, 0.00978869714073, 0.0102768655091, 0.311535256297, 2.47024028417e-06, 1.89145609202e-07, 2.22373635948e-08, 3.00069174651e-09, 5.88787006561e-10, 8.69048009465e-10, 7.18596445199e-09, 5.83065269098e-05, 8.63267242302e-09, 1.10082129255e-07, 3.53928457922e-09, 0.643526709527, 
0.0304077689679, 15.5825389279, -6.13424020751e-202, 2313.40401247, 0.12753771279560816, 0.0188091772189, 0.0036779280284, 0.0013395325497, 0.00950320000429, 0.0100309762944, 0.312649276319, 2.35243599061e-06, 1.84401093661e-07, 2.24365774891e-08, 2.95940858949e-09, 6.1206703386e-10, 9.36763617211e-10, 6.72402807622e-09, 6.13028598991e-05, 9.27976574446e-09, 1.12203681453e-07, 3.60188511042e-09, 0.643925911134, 
0.0309126232328, 15.6206146887, -1.28889970267e-201, 2320.32183122, 0.12722674033468032, 0.0182537875419, 0.00344740971514, 0.00126316969246, 0.00925132409015, 0.00980942142539, 0.313632721891, 2.25194357373e-06, 1.80329653467e-07, 2.25890857976e-08, 2.92784984255e-09, 6.34785043607e-10, 1.00398574248e-09, 6.3283850877e-09, 6.42289194189e-05, 9.916479682e-09, 1.14139438251e-07, 3.6647562993e-09, 0.644275343247, 
0.0314174774976, 15.6540471726, -2.3551447679e-201, 2326.40334311, 0.12695493697099144, 0.0177582290732, 0.00324993537676, 0.00119739690608, 0.00902798841344, 0.00960955439087, 0.31450467325, 2.16548435933e-06, 1.76805670308e-07, 2.27050381465e-08, 2.90354350589e-09, 6.56806873779e-10, 1.07027990331e-09, 5.98727107993e-09, 6.70899661192e-05, 1.05415826361e-08, 1.15899695346e-07, 3.72782875241e-09, 0.644582626842, 
0.0319223317625, 15.6835275978, -3.47018592712e-201, 2331.76882208, 0.12671622429318774, 0.0173160571574, 0.00307999863714, 0.00114049877052, 0.00882932222623, 0.00942939737508, 0.315279229448, 2.09067021154e-06, 1.73738069231e-07, 2.27930180125e-08, 2.8848681109e-09, 6.78025470137e-10, 1.13519428994e-09, 5.69209315317e-09, 6.98902688762e-05, 1.11537418035e-08, 1.174924171e-07, 3.79119917427e-09, 0.644853176088, 
0.0329320402922, 15.7306538995, -3.93377394304e-201, 2340.3772938, 0.12633648448911666, 0.0165891004828, 0.00281395406332, 0.0010510652208, 0.00850750683863, 0.00913105172551, 0.316538042551, 1.97306438283e-06, 1.68875179104e-07, 2.29044173896e-08, 2.86058306462e-09, 7.16421399805e-10, 1.25513796944e-09, 5.22673435304e-09, 7.52880377836e-05, 1.2322253444e-08, 1.20136657256e-07, 3.92081246721e-09, 0.645291679797, 
0.0339417488219, 15.768735132, -4.00686828647e-201, 2347.3450934, 0.12603128680180103, 0.0159896621425, 0.00260600436083, 0.000980692647093, 0.0082440202317, 0.00888215143139, 0.317567899549, 1.8802334694e-06, 1.64995396585e-07, 2.29659569454e-08, 2.84574873542e-09, 7.51610975393e-10, 1.3681502829e-09, 4.86026132046e-09, 8.05106098086e-05, 1.34476973026e-08, 1.22326715133e-07, 4.04995616237e-09, 0.645646841183, 
0.0349514573516, 15.7998159731, -4.0133854035e-201, 2353.03934062, 0.12578328330321348, 0.0154923522687, 0.00244109447378, 0.000924580794775, 0.00802644768356, 0.0086738157639, 0.318416944599, 1.80586831061e-06, 1.61855773378e-07, 2.29990081356e-08, 2.83737086245e-09, 7.8372748075e-10, 1.47363455155e-09, 4.56788812019e-09, 8.55828595315e-05, 1.45317090716e-08, 1.24137243826e-07, 4.17913027213e-09, 0.645937038322, 
0.0359611658812, 15.825380005, -4.01316272111e-201, 2357.72552074, 0.12558003035752971, 0.0150786457646, 0.00230896448452, 0.000879398549482, 0.00784565506727, 0.008499135617, 0.319120369786, 1.74564911766e-06, 1.59289155974e-07, 2.30179767294e-08, 2.83377490959e-09, 8.12950911438e-10, 1.57121512809e-09, 4.33249596729e-09, 9.05258056707e-05, 1.55765520561e-08, 1.25629876308e-07, 4.3088486364e-09, 0.646175221904, 
0.0379805829406, 15.8616305135, -4.01323282719e-201, 2364.39116808, 0.12529293610176631, 0.0144783428703, 0.0021255857212, 0.000816441599313, 0.00758538149854, 0.00824428001201, 0.320131966582, 1.6611566223e-06, 1.5564369513e-07, 2.30535534356e-08, 2.83872427908e-09, 8.61429448896e-10, 1.73407717272e-09, 4.00401821833e-09, 0.000100026914311, 1.75333969931e-08, 1.2775139341e-07, 4.57476714035e-09, 0.646515975651, 
0.04, 15.887691065, -4.01333442304e-201, 2369.18858924, 0.12508735391691228, 0.0140404438754, 0.00199758653873, 0.000772229133246, 0.00739535024715, 0.00805668468952, 0.320866243495, 1.60121668556e-06, 1.53020426921e-07, 2.3095311896e-08, 2.85161042149e-09, 9.02521125803e-10, 1.87283435551e-09, 3.77351591371e-09, 0.000109237165974, 1.93952620781e-08, 1.29253070115e-07, 4.84256021308e-09, 0.646760284631, 
0.04375, 15.9162313912, -4.01637834356e-201, 2374.45737682, 0.12486298368939966, 0.0135511899376, 0.00186020486216, 0.000724488830715, 0.00718219777164, 0.00784513794092, 0.32168143893, 1.53571548967e-06, 1.50106317878e-07, 2.32405145482e-08, 2.89295941822e-09, 9.61776438508e-10, 2.06634863812e-09, 3.52491829291e-09, 0.000125708229886, 2.26232941511e-08, 1.30859764012e-07, 5.35345677812e-09, 0.647027756152, 
0.0475, 15.9333048319, -4.01948354242e-201, 2377.61464169, 0.12472914577214413, 0.0132546702663, 0.00177954243343, 0.000696222812704, 0.00705078389287, 0.00771506949123, 0.322174446718, 1.49636976266e-06, 1.48324112976e-07, 2.34382353888e-08, 2.94445138575e-09, 1.01034819605e-09, 2.21808478854e-09, 3.37836052089e-09, 0.000141774304077, 2.57103445172e-08, 1.31784442425e-07, 5.8706415623e-09, 0.647185649033, 
0.05125, 15.9435885338, -4.02719779412e-201, 2379.52012174, 0.12464867108188019, 0.0130742682256, 0.00173122674807, 0.000679121186854, 0.00696835513643, 0.00763439161786, 0.322474691107, 1.47221923399e-06, 1.47211240146e-07, 2.36790509262e-08, 3.00280458645e-09, 1.0520793399e-09, 2.34101472367e-09, 3.29033656451e-09, 0.000157574058719, 2.87004718023e-08, 1.32318902642e-07, 6.39421815261e-09, 0.64727855171, 
0.055, 15.9497866344, -4.03452742275e-201, 2380.67180113, 0.1246002183992722, 0.0129644976268, 0.00170191364085, 0.000668597728808, 0.00691563955195, 0.00758384463297, 0.322658193374, 1.45711031762e-06, 1.46501629223e-07, 2.39507083624e-08, 3.06574857307e-09, 1.08947571945e-09, 2.44477046253e-09, 3.23682191704e-09, 0.00017319307967, 3.16233931452e-08, 1.3262592138e-07, 6.92302853168e-09, 0.647332311794, 
0.05875, 15.953501676, -4.03640246578e-201, 2381.36513759, 0.12457119475728304, 0.0128979430966, 0.0016839766307, 0.000662019286898, 0.00688107901008, 0.00755176412203, 0.322770458195, 1.44746072752e-06, 1.46037595705e-07, 2.42430229415e-08, 3.13170744324e-09, 1.12413683825e-09, 2.53602804432e-09, 3.20401180957e-09, 0.000188684132157, 3.4498763607e-08, 1.32798262545e-07, 7.45564326367e-09, 0.647362273036, 
0.0625, 15.9556982913, -4.03767496487e-201, 2381.77810511, 0.12455404017613292, 0.0128579272224, 0.00167293154472, 0.000657833389579, 0.00685766290246, 0.00753103636426, 0.322839047929, 1.44113749568e-06, 1.45724075357e-07, 2.45485625753e-08, 3.19959926533e-09, 1.15706781109e-09, 2.61922597894e-09, 3.18376187539e-09, 0.000204079693175, 3.73395082387e-08, 1.32889994057e-07, 7.99074595994e-09, 0.647377681164, 
0.06625, 15.9569628415, -4.03805931734e-201, 2382.01893426, 0.12454416681759591, 0.0128342456212, 0.00166609308399, 0.000655108874175, 0.00684110916379, 0.00751730267346, 0.322880781729, 1.43685268565e-06, 1.45503178594e-07, 2.48622031486e-08, 3.26868947954e-09, 1.18889481062e-09, 2.69724611158e-09, 3.1711846476e-09, 0.000219399687999, 4.01541139785e-08, 1.32933209066e-07, 8.52725420448e-09, 0.647384160008, 
0.07, 15.9576539404, -4.03834363427e-201, 2382.1538382, 0.12453877162511476, 0.0128206308767, 0.00166183416831, 0.000653281050651, 0.00682879092957, 0.00750788406805, 0.32290597171, 1.43382176377e-06, 1.45339439937e-07, 2.51805121629e-08, 3.33848366997e-09, 1.22000597669e-09, 2.77193370735e-09, 3.16331482968e-09, 0.000234656278637, 4.29481478068e-08, 1.32947213119e-07, 9.06432965011e-09, 0.647385151123, 
0.073625, 15.9579876439, -4.03884531244e-201, 2382.22246228, 0.12453616682673367, 0.0128133511971, 0.00165921972603, 0.000652036756261, 0.00681936267422, 0.00750130328202, 0.322920661168, 1.43162410702e-06, 1.45214625707e-07, 2.54904929986e-08, 3.40630602183e-09, 1.24963065076e-09, 2.84209024137e-09, 3.1584502062e-09, 0.000249351763623, 4.56331189665e-08, 1.32944179976e-07, 9.58345809216e-09, 0.647382912286, 
0.07725, 15.9581125831, -4.03932165846e-201, 2382.25250839, 0.12453519183478134, 0.0128097450322, 0.00165754257082, 0.000651118841569, 0.00681149085146, 0.00749630265712, 0.322929313349, 1.42988481487e-06, 1.4511081763e-07, 2.58014093432e-08, 3.47428236897e-09, 1.27894293102e-09, 2.91088824876e-09, 3.15529700977e-09, 0.000263998749777, 4.83043651996e-08, 1.32931204864e-07, 1.01021289374e-08, 0.647378684994, 
0.080875, 15.9581071658, -4.03989381377e-201, 2382.25845698, 0.12453523450280128, 0.0128084355722, 0.00165645127264, 0.000650405269025, 0.0068045990328, 0.00749229320681, 0.322934189139, 1.42843324655e-06, 1.45020234261e-07, 2.61123637577e-08, 3.5422762508e-09, 1.3080281677e-09, 2.97876432096e-09, 3.15321376876e-09, 0.000278599608647, 5.09633209054e-08, 1.32912400577e-07, 1.0620034893e-08, 0.647373221855, 
0.0845, 15.9580204002, -4.0403814325e-201, 2382.24935935, 0.12453591225336307, 0.0128085617104, 0.00165572649684, 0.000649819885188, 0.00679832681112, 0.00748890658013, 0.322936702173, 1.42716281559e-06, 1.44938007749e-07, 2.64227697867e-08, 3.61019649917e-09, 1.33693941545e-09, 3.04599573321e-09, 3.15180006024e-09, 0.00029315566075, 5.36109127194e-08, 1.32890325348e-07, 1.11369552294e-08, 0.647366993376, 
0.088125, 15.9578829395, -4.04086630134e-201, 2382.23087697, 0.12453698580794721, 0.0128095846319, 0.00165523119169, 0.000649315117587, 0.00679244875819, 0.0074859123301, 0.322937736804, 1.42600689126e-06, 1.44861091402e-07, 2.67322451844e-08, 3.67798224798e-09, 1.36570952583e-09, 3.11275806226e-09, 3.15080565546e-09, 0.000307667568226, 5.6247730122e-08, 1.32866571843e-07, 1.1652731719e-08, 0.647360293923, 
0.09175, 15.957713963, -4.04125196705e-201, 2382.20655268, 0.12453830544836227, 0.0128111669723, 0.0016548796413, 0.000648861227551, 0.00678682389251, 0.0074831662534, 0.322937846497, 1.42492380496e-06, 1.44787578247e-07, 2.70405402187e-08, 3.74559259703e-09, 1.39435863206e-09, 3.17916190393e-09, 3.15007404677e-09, 0.000322135539095, 5.88741319139e-08, 1.3284213203e-07, 1.21672489524e-08, 0.647353307872, 
0.095375, 15.9575254713, -4.04138084601e-201, 2382.17861159, 0.12453977744659832, 0.0128130946598, 0.00165461795885, 0.00064843970627, 0.00678136635298, 0.00748057866538, 0.322937377957, 1.42388783775e-06, 1.44716299235e-07, 2.73474170697e-08, 3.81298342008e-09, 1.42289191214e-09, 3.24526028218e-09, 3.14950684797e-09, 0.000336556088834, 6.1489714251e-08, 1.32817642479e-07, 1.26802991494e-08, 0.647346154041, 
0.099, 15.9573283212, -4.04092283986e-201, 2382.14911552, 0.12454131588719528, 0.0128151451224, 0.00165441101267, 0.000648047262309, 0.0067761519994, 0.00747814517859, 0.322936561336, 1.42290571111e-06, 1.44648119283e-07, 2.76469035268e-08, 3.87883879656e-09, 1.45076322677e-09, 3.30981023006e-09, 3.14904146341e-09, 0.000350653725329, 6.40449248876e-08, 1.32794321061e-07, 1.31819960282e-08, 0.647339067353, 
0.1, 15.9573278444, 0.0, 2382.14911552, 0.12454131561349371, 0.0128151474878, 0.0016544110087, 0.000648047260757, 0.00677615198317, 0.00747814516067, 0.322936560562, 1.4229057077e-06, 1.44648118936e-07, 2.76469034605e-08, 3.87883878727e-09, 1.45076322329e-09, 3.30981022213e-09, 3.14904145587e-09, 0.000350653724489, 6.40449247341e-08, 1.32794320743e-07, 1.31819959966e-08, 0.647339065802, 
