z (m), u (m/s), V (1/s), T (K), rho (kg/m3), H2, H, O, O2, OH, H2O, HO2, H2O2, C, CH, CH2, CH2(S), CH3, CH4, CO, CO2, HCO, CH2O, CH2OH, CH3O, CH3OH, C2H, C2H2, C2H3, C2H4, C2H5, C2H6, HCCO, CH2CO, HCCOH, N, NH, NH2, NH3, NNH, NO, NO2, N2O, HNO, CN, HCN, H2CN, HCNN, HCNO, HOCN, HNCO, NCO, N2, AR, C3H7, C3H8, CH2CHO, CH3CHO, 
0.0, 0.0462892323063, 0.0, 373.7, 0.8645258493552429, 0.0225887665622, 2.55058873844e-11, 8.19229876014e-12, 0.147042537681, 7.92036388501e-10, 0.0483539771339, 7.11420399908e-06, 2.04904777952e-05, -8.87654511357e-15, -7.72922998131e-15, 4.63040880238e-15, 2.46486981426e-15, 2.21545669868e-08, 0.0918223755185, 0.0117699035548, 0.00496138114876, 1.33244238857e-12, 0.000252682485523, 1.16470256357e-14, 1.45495567771e-08, 4.04421072815e-05, 3.87862147576e-17, 8.88686779925e-05, 1.83950626785e-14, 0.000344973634789, 7.36493664655e-11, 0.000182618821868, 1.64829230847e-13, 3.96190167439e-05, 1.90542191208e-08, 4.76652364749e-16, 1.8639684468e-15, 1.28484528763e-11, 1.42292425309e-07, 9.47737216183e-20, 4.95686433476e-09, 6.38238575585e-08, 2.98506009107e-09, 2.91143451281e-13, -1.54649675583e-17, 1.26865969912e-07, 1.28107046883e-12, -7.00683455658e-17, 1.06088314267e-09, 1.43555299747e-11, 1.47639284196e-08, 4.16920928994e-14, 0.67248114216, 1.20513941825e-34, 2.36778655341e-11, 1.8295986606e-06, 7.40365659568e-12, 8.63748164302e-07, 
7.8125e-05, 0.0520281524055, 0.0, 419.5535214, 0.76908559973952029, 0.0232196666857, 2.59517912269e-11, 8.76907486278e-12, 0.143545714258, 8.45380555258e-10, 0.0526842540285, 7.84481718413e-06, 2.26090745517e-05, 1.15489039393e-17, -1.80610309438e-17, 1.2585056543e-15, 7.3184613287e-18, 2.42441166811e-08, 0.0893135983171, 0.0129833691641, 0.00561724203223, 1.50888826303e-12, 0.000285805761923, 3.04189091909e-14, 1.64764915137e-08, 4.58509156915e-05, -1.333332618e-19, 0.000100052736478, 1.52938024027e-14, 0.000389662519046, 8.39266208936e-11, 0.000208386920277, 1.57236796864e-13, 4.56608182886e-05, 2.19599273852e-08, 5.94059650822e-17, 1.92780294187e-15, 1.37178536166e-11, 1.55506646182e-07, 9.60941267067e-20, 5.47181715154e-09, 7.15153133986e-08, 3.38430744034e-09, 2.91633504133e-13, -1.0905716725e-19, 1.43678798414e-07, 1.41619432284e-12, -7.84330116253e-18, 1.20219911442e-09, 1.62778242967e-11, 1.67300234873e-08, 5.15513222026e-14, 0.671526661256, 1.24496541377e-34, 2.79569539468e-11, 2.16282509454e-06, 8.54369697264e-12, 9.96665902554e-07, 
0.00015625, 0.0577800050394, 0.0, 465.4070428, 0.69249026804597491, 0.0238259175803, 8.05716028254e-11, 1.53892464677e-11, 0.139982907361, 1.2114982088e-09, 0.0569860033543, 9.03714274853e-06, 2.45488345745e-05, 1.88064488497e-20, -9.4018036595e-21, 3.34633952546e-15, 7.55203006568e-17, 3.88065636097e-08, 0.0867762321573, 0.0142270426413, 0.00630195748866, 2.68321094794e-12, 0.000320064440119, 5.29805389784e-14, 2.22911741011e-08, 5.14604696859e-05, 7.88616481141e-20, 0.000111680514279, 4.59430794208e-14, 0.000436142835663, 1.36620289647e-10, 0.000235486973312, 3.10717271977e-13, 5.20405847154e-05, 2.50279839789e-08, 9.04101309848e-17, 1.93890127031e-15, 1.46873822149e-11, 1.6871650203e-07, 6.93709817173e-19, 6.65371667413e-09, 7.87248846307e-08, 3.80190948708e-09, 3.37510325764e-13, -9.27987579586e-22, 1.61072828103e-07, 1.59544357558e-12, 2.54617081361e-19, 1.34988650247e-09, 1.82797163776e-11, 1.87853665732e-08, 6.45440368341e-14, 0.670655288158, 1.24488456551e-34, 4.83083254728e-11, 2.52546029702e-06, 2.84265579502e-11, 1.13721404463e-06, 
0.0003125, 0.0690483163433, 0.0, 554.99322565, 0.57946420260524167, 0.0249282100493, 6.54327371506e-10, 5.57539097518e-11, 0.132991224488, 2.81004776128e-09, 0.0651978807576, 1.24434693739e-05, 2.78573547637e-05, 5.18517914097e-23, 1.61452848725e-22, 2.03876745129e-14, 5.62033136124e-16, 1.20272604483e-07, 0.081842506256, 0.0167022181865, 0.00770001369889, 9.36585343012e-12, 0.000389101280931, 1.91166070565e-13, 4.3285850077e-08, 6.2797866628e-05, 4.41901175014e-18, 0.000135290794441, 3.42730902637e-13, 0.000530576569761, 4.53969852245e-10, 0.000291375962741, 1.17859238784e-12, 6.52672681716e-05, 3.13878356062e-08, 2.09278338206e-17, 5.79605607738e-15, 1.72437081574e-11, 1.94155233615e-07, 1.88601867898e-17, 1.09148343525e-08, 9.10937840966e-08, 4.65663810832e-09, 4.54914701022e-13, 2.43179304851e-20, 1.96153873159e-07, 1.88012489709e-12, 6.16319696437e-22, 1.65196304606e-09, 2.23749638787e-11, 2.29892889046e-08, 9.53677941478e-14, 0.669117777558, 1.24468485103e-34, 1.8219558819e-10, 3.30832501458e-06, 2.09071962448e-10, 1.4291331857e-06, 
0.000390625, 0.0746712216682, 0.0, 599.5552837, 0.53582312825489609, 0.0254810311843, 2.00998217748e-09, 1.34981573516e-10, 0.129222958852, 4.96425501307e-09, 0.0695021292865, 1.47495878261e-05, 2.93851653626e-05, 9.25532172229e-25, 1.72368794817e-21, 6.54838508755e-14, 1.94423542316e-15, 2.33456424929e-07, 0.0792060554853, 0.0180478754294, 0.00847751463534, 2.11106740471e-11, 0.000426957863118, 4.60779579567e-13, 6.50762285973e-08, 6.89998394369e-05, 2.68017533073e-17, 0.000148357586344, 1.03439500478e-12, 0.000582861545769, 1.03865163841e-09, 0.00032273358074, 2.64445795963e-12, 7.2724183034e-05, 3.4971706467e-08, 1.80497482759e-18, 1.53440990696e-14, 1.97077099556e-11, 2.07591961204e-07, 9.10128465477e-17, 1.45656248548e-08, 9.63816956443e-08, 5.13301312401e-09, 5.63560155103e-13, 1.19699006677e-19, 2.1544446336e-07, 1.92680776935e-12, 1.55791185076e-22, 1.82023016122e-09, 2.46562436341e-11, 2.53308642807e-08, 1.25077163809e-13, 0.668389397149, 1.24460124159e-34, 3.84815594008e-10, 3.76567091936e-06, 6.35911157688e-10, 1.59394203108e-06, 
0.00046875, 0.0802680188828, 0.0, 643.8342938, 0.49845633816311669, 0.0260204682291, 5.73222245966e-09, 3.32290818938e-10, 0.12536556051, 8.64646806525e-09, 0.0738317586574, 1.73981036682e-05, 3.07691816268e-05, 3.81474888762e-27, 1.39522089511e-20, 2.05772004514e-13, 6.33078659352e-15, 4.32980569032e-07, 0.076522369416, 0.0194335657242, 0.00929072559442, 4.76968415377e-11, 0.000466128414004, 1.15495439368e-12, 9.3492851292e-08, 7.53784853695e-05, 1.39866260601e-16, 0.000161979558427, 2.96264137898e-12, 0.000637386149828, 2.34734966903e-09, 0.00035572907065, 5.86529785665e-12, 8.06012481431e-05, 3.87553158323e-08, 4.51564171505e-17, 3.31113339588e-14, 2.33023418659e-11, 2.21174948728e-07, 3.81555110236e-16, 1.9418742715e-08, 1.00630853277e-07, 5.63199527485e-09, 7.286235657e-13, 2.99412662566e-19, 2.35473814348e-07, 1.87873567375e-12, 4.53080944063e-21, 1.99643068715e-09, 2.7045181017e-11, 2.77825278004e-08, 1.70938903487e-13, 0.667702956174, 1.24469289397e-34, 7.26380741804e-10, 4.26032596008e-06, 1.77108721881e-09, 1.76815146895e-06, 
0.000546875, 0.0858609799957, 0.0, 688.0122338, 0.46598171158780954, 0.0265479803737, 1.55096269889e-08, 8.55390384974e-10, 0.121414197523, 1.50898965463e-08, 0.0781920460955, 2.0350916085e-05, 3.19866959954e-05, -1.44196821013e-25, 1.44837931873e-19, 6.53831141023e-13, 2.00892234524e-14, 7.84379931581e-07, 0.0737881526196, 0.0208602743369, 0.0101406500525, 1.09851128545e-10, 0.000506534528137, 3.02808045388e-12, 1.28096003104e-07, 8.18696681746e-05, 6.43909954762e-16, 0.000176172598255, 8.21978309348e-12, 0.000694209479259, 5.27350390679e-09, 0.000390414183871, 1.33067125178e-11, 8.89214018405e-05, 4.27477837114e-08, 5.06376136301e-17, 6.95579685208e-14, 2.85525624314e-11, 2.34918066346e-07, 1.43511549122e-15, 2.5762414967e-08, 1.03511468099e-07, 6.15423968532e-09, 9.87954833524e-13, 2.35560441001e-18, 2.56261933139e-07, 1.75000029508e-12, -2.50785670328e-20, 2.18082997012e-09, 2.95452174853e-11, 3.03474020795e-08, 2.45845251241e-13, 0.667057836051, 1.24468484786e-34, 1.21395159218e-09, 4.79419525112e-06, 4.63725650722e-09, 1.95214482464e-06, 
0.000625, 0.0914546659778, 0.0, 732.1284327, 0.43747565721381476, 0.027064914965, 3.92839614578e-08, 2.22808855909e-09, 0.117366862494, 2.6397672834e-08, 0.0825880531144, 2.35271200685e-05, 3.30037987909e-05, -7.33201435702e-23, 8.73352386957e-19, 2.06471735832e-12, 6.2295433386e-14, 1.39683791442e-06, 0.0710018423996, 0.0223291505111, 0.011028418548, 2.55101153878e-10, 0.000548012241146, 8.0568901017e-12, 1.67265246232e-07, 8.83695166698e-05, 2.6640937205e-15, 0.000190955749866, 2.19449041983e-11, 0.000753395801512, 1.15648806943e-08, 0.000426845556308, 3.1169670912e-11, 9.77191989873e-05, 4.69630429803e-08, 3.76851288807e-17, 1.43671488008e-13, 3.61751265642e-11, 2.48835069325e-07, 4.83502449192e-15, 3.39173656123e-08, 1.04655016336e-07, 6.70049015627e-09, 1.39690254539e-12, 3.23678498574e-18, 2.77831651832e-07, 1.59605462108e-12, -4.0807876788e-18, 2.37378686098e-09, 3.21610017032e-11, 3.30289988509e-08, 3.70108340439e-13, 0.666449002008, 1.2445784673e-34, 1.7460711912e-09, 5.36937160489e-06, 1.12082654874e-08, 2.14637686215e-06, 
0.000703125, 0.097052991562, 0.0, 776.2170662, 0.4122359993017054, 0.0275723172078, 9.15971555958e-08, 5.61518092296e-09, 0.113220354524, 4.5909537926e-08, 0.0870228407569, 2.67823824215e-05, 3.3770400278e-05, 2.86970433593e-22, 7.63851484755e-18, 6.30986103833e-12, 1.86391270461e-13, 2.44384790326e-06, 0.0681612423247, 0.02384088446, 0.0119549364818, 5.84928284237e-10, 0.000590227941685, 2.09591566826e-11, 2.08428067417e-07, 9.47233132495e-05, 1.00472146797e-14, 0.000206346788293, 5.58187093807e-11, 0.000814989832264, 2.43355932891e-08, 0.000465068583717, 7.46916886811e-11, 0.000107045699607, 5.14232982372e-08, 3.25443188415e-17, 2.89998001891e-13, 4.71165334836e-11, 2.62934222291e-07, 1.44681779552e-14, 4.41862181714e-08, 1.03750462588e-07, 7.2713677429e-09, 2.03027731221e-12, 2.44410781575e-17, 3.00200740242e-07, 1.46258878734e-12, 3.28176306234e-18, 2.57575807378e-09, 3.48986502823e-11, 3.58301265273e-08, 5.8484970526e-13, 0.665876474741, 1.2445657097e-34, 2.12420730358e-09, 5.987976242e-06, 2.44328303363e-08, 2.35129429464e-06, 
0.00078125, 0.102658639458, 0.0, 820.3020011, 0.38972156214370235, 0.0280711982326, 1.94731831313e-07, 1.32263794621e-08, 0.108974049515, 7.83974573321e-08, 0.0914993561891, 2.99107480253e-05, 3.42176819608e-05, 3.21555384176e-21, 5.44397209653e-17, 1.81672752429e-11, 5.30373804723e-13, 4.18240175018e-06, 0.0652656958872, 0.0253962527013, 0.012921212688, 1.29341488605e-09, 0.000632603924725, 5.16828491999e-11, 2.48819231687e-07, 0.000100727044089, 3.45699171e-14, 0.000222370140278, 1.34114084068e-10, 0.000879034089105, 4.86242652211e-08, 0.000505122575235, 1.78349836218e-10, 0.000116980500618, 5.6169203978e-08, 3.22931177848e-16, 5.6579473232e-13, 6.25652902136e-11, 2.77224380349e-07, 3.83253676153e-14, 5.67738715695e-08, 1.00524852575e-07, 7.86758189079e-09, 2.97960989093e-12, 7.10102352619e-17, 3.23390205646e-07, 1.35241181764e-12, -7.12429416283e-18, 2.78751682804e-09, 3.77694842698e-11, 3.87538935131e-08, 9.44792050891e-13, 0.665336367769, 1.24454680444e-34, 2.24708926712e-09, 6.65235205245e-06, 4.68955408278e-08, 2.56734443993e-06, 
0.000859375, 0.108273104234, 0.0, 864.3979228, 0.36950851032888721, 0.0285623383606, 3.77422620073e-07, 2.86115891902e-08, 0.104626688666, 1.29968749169e-07, 0.0960186101546, 3.26867432466e-05, 3.4224620978e-05, -2.28265572162e-22, 2.87627506397e-16, 4.85549535119e-11, 1.41801233143e-12, 6.96219620026e-06, 0.062314294503, 0.0269954868374, 0.0139280064922, 2.71551374853e-09, 0.000674207123777, 1.18919565025e-10, 2.85900961458e-07, 0.000106130635219, 1.08540678773e-13, 0.000239055172092, 3.04471771507e-10, 0.000945539520489, 9.20322594325e-08, 0.000547008984937, 4.13426188895e-10, 0.000127632549074, 6.12713454811e-08, 3.74699982151e-16, 1.05884193784e-12, 8.39486222811e-11, 2.91709848358e-07, 9.02950222712e-14, 7.16986954213e-08, 9.49535955205e-08, 8.48972247919e-09, 4.34745174378e-12, 2.18049778655e-16, 3.47416794599e-07, 1.24789402223e-12, 2.3439384273e-17, 3.01028889509e-09, 4.07938696935e-11, 4.18026536336e-08, 1.54135828376e-12, 0.664829050083, 1.24453306736e-34, 2.21599312041e-09, 7.36478035775e-06, 7.75292629836e-08, 2.79480740315e-06, 
0.0009375, 0.113896905253, 0.0, 908.5112198, 0.3512596312882158, 0.0290464975977, 6.71960162857e-07, 5.66832599325e-08, 0.100179499793, 2.08019085415e-07, 0.100581289838, 3.49457412109e-05, 3.37472033915e-05, 3.91649721507e-20, 1.30241941666e-15, 1.19847204471e-10, 3.54537418531e-12, 1.12209087119e-05, 0.0593077881336, 0.0286387499929, 0.0149761408142, 5.38640152746e-09, 0.000713708988316, 2.54247001421e-10, 3.1784958396e-07, 0.000110658274338, 3.11756639289e-13, 0.000256447186218, 6.57038190315e-10, 0.001014494217, 1.65426140447e-07, 0.000590664683769, 9.1457157482e-10, 0.000139130004015, 6.6847439991e-08, 9.6791362911e-16, 1.89426364462e-12, 1.12966203093e-10, 3.06395849354e-07, 1.91377499961e-13, 8.87399593743e-08, 8.72798205166e-08, 9.13845681882e-09, 6.24637856581e-12, 5.49350302723e-16, 3.72301297435e-07, 1.14071567639e-12, 5.91886727669e-17, 3.24607217012e-09, 4.40091225347e-11, 4.49790423083e-08, 2.49292165148e-12, 0.664351338091, 1.24453154406e-34, 2.16538216573e-09, 8.1272321069e-06, 1.08882681718e-07, 3.03388174991e-06, 
0.001015625, 0.119529403975, 0.0, 952.6396629, 0.33470369812587136, 0.0295241874969, 1.11330633507e-06, 1.03603336587e-07, 0.0956336981633, 3.22090453767e-07, 0.105185855357, 3.66555672995e-05, 3.26329094028e-05, 2.65060693178e-19, 5.12181691656e-15, 2.74960194801e-10, 8.31677101472e-12, 1.74712973006e-05, 0.0562473405073, 0.0303254373677, 0.0160661174361, 1.01430808218e-08, 0.000749377670258, 5.07660507085e-10, 3.44196025338e-07, 0.000114025771245, 8.26742921195e-13, 0.000274609418373, 1.36286616016e-09, 0.00108582039567, 2.83801470998e-07, 0.000635876712472, 1.92288865749e-09, 0.000151583310162, 7.30771949393e-08, 4.61243172716e-15, 3.24416565676e-12, 1.51758282332e-10, 3.21282990845e-07, 3.70789229553e-13, 1.07454380027e-07, 7.79952990676e-08, 9.81427702428e-09, 8.81515800887e-12, 1.36401826761e-15, 3.98061172265e-07, 1.03459216643e-12, 1.38312819344e-16, 3.4977915627e-09, 4.74765554838e-11, 4.82849195113e-08, 3.96898823004e-12, 0.663903731665, 1.24449751186e-34, 2.15706642286e-09, 8.93993926777e-06, 1.30890096228e-07, 3.28506514309e-06, 
0.00109375, 0.125166341242, 0.0, 996.7515831, 0.31962655351118707, 0.0299958496958, 1.74434578848e-06, 1.77019421026e-07, 0.090993018038, 4.86049862182e-07, 0.109830010466, 3.79226411346e-05, 3.07741261426e-05, 1.46594731879e-18, 1.79384775517e-14, 5.93929290327e-10, 1.84831915922e-11, 2.62940733378e-05, 0.0531361149844, 0.0320545745826, 0.0171984226739, 1.82702904971e-08, 0.00077919411579, 9.5599464733e-10, 3.66198538984e-07, 0.000115973565456, 2.04955307308e-12, 0.00029363903225, 2.74896989068e-09, 0.0011593654176, 4.66730455029e-07, 0.00068218907034, 3.85913577416e-09, 0.000165054773505, 8.02176567527e-08, 8.83990518678e-15, 5.3461732563e-12, 2.03237169865e-10, 3.3637202379e-07, 6.68982487002e-13, 1.27265524093e-07, 6.77465425856e-08, 1.0517634855e-08, 1.22581648262e-11, 3.16575722349e-15, 4.24719480577e-07, 9.38431238089e-13, 5.06496186159e-16, 3.76955034747e-09, 5.12900922619e-11, 5.1722428613e-08, 6.18388110569e-12, 0.663483742168, 1.24447447657e-34, 2.21601826435e-09, 9.79900721961e-06, 1.39817813631e-07, 3.55013096209e-06, 
0.001171875, 0.130797129872, 0.0, 1040.765863, 0.30586324057585923, 0.0304616490424, 2.62751344448e-06, 2.86938790645e-07, 0.0862619630742, 7.20852151732e-07, 0.114508855592, 3.89140666926e-05, 2.81040038094e-05, 6.9211363648e-18, 5.79010895962e-14, 1.22639290174e-09, 3.93588299542e-11, 3.83422236478e-05, 0.0499784329559, 0.0338240403546, 0.0183731450254, 3.16569616451e-08, 0.000800956439761, 1.71693240232e-09, 3.86231773839e-07, 0.000116262797875, 4.809276388e-12, 0.000313676720351, 5.44264384463e-09, 0.0012348349727, 7.37071072708e-07, 0.000728756788096, 7.45444164467e-09, 0.000179552489018, 8.86130105803e-08, 1.85803167189e-14, 8.53740127143e-12, 2.71503313773e-10, 3.51658505688e-07, 1.14478356263e-12, 1.47578337589e-07, 5.72024571067e-08, 1.12485844104e-08, 1.69008939613e-11, 7.06304514093e-15, 4.522991602e-07, 8.60625155437e-13, 1.47219898624e-15, 4.06669824487e-09, 5.55808563288e-11, 5.52928998572e-08, 9.43034236962e-12, 0.663091871881, 1.24445279991e-34, 2.36425128993e-09, 1.06916330938e-05, 1.40416455513e-07, 3.83268600996e-06, 
0.0012109375, 0.133600438891, 0.0, 1062.69919925, 0.29943132630619396, 0.0306946518487, 3.20570716828e-06, 3.61307596924e-07, 0.0838397924183, 8.77206709829e-07, 0.116883622391, 3.93568032845e-05, 2.6453334029e-05, 1.41338738592e-17, 1.02318798468e-13, 1.74971772665e-09, 5.70567899319e-11, 4.59393377929e-05, 0.0483677732014, 0.0347323802026, 0.0189829592956, 4.12715441457e-08, 0.000807955865311, 2.27737417331e-09, 3.9740464428e-07, 0.000115767933083, 7.26668667192e-12, 0.000324268597466, 7.65172755183e-09, 0.00127352165517, 9.15540852584e-07, 0.000751866983972, 1.02963464015e-08, 0.000187260708548, 9.35040228118e-08, 2.66729197696e-14, 1.07490907683e-11, 3.1456586505e-10, 3.59455691783e-07, 1.48187536653e-12, 1.57836697539e-07, 5.19854720482e-08, 1.16283387949e-08, 1.98986165779e-11, 1.04365327627e-14, 4.6660099465e-07, 8.33377454213e-13, 2.44430753272e-15, 4.22917073092e-09, 5.79970662829e-11, 5.71484712547e-08, 1.16134369699e-11, 0.662904134311, 1.24442942702e-34, 2.48971420423e-09, 1.11448138302e-05, 1.40411432467e-07, 3.98411345036e-06, 
0.00125, 0.136405870414, 0.0, 1084.558639, 0.29328127501872414, 0.0309261969171, 3.8890482094e-06, 4.50661874889e-07, 0.0813972911168, 1.06421357869e-06, 0.119263984527, 3.97605301807e-05, 2.46148908871e-05, 2.84459861391e-17, 1.80449064777e-13, 2.48140817794e-09, 8.20636767511e-11, 5.46474738833e-05, 0.0467479732519, 0.0356494744535, 0.019603415597, 5.33160033574e-08, 0.000812247443052, 2.99375399604e-09, 4.08675411655e-07, 0.000114770072415, 1.08704832955e-11, 0.000335204325505, 1.07298307958e-08, 0.00131247887673, 1.12407875534e-06, 0.00077446110982, 1.41314629485e-08, 0.000195215611615, 9.88942104326e-08, 3.85720201194e-14, 1.34497631742e-11, 3.64205699944e-10, 3.6729858768e-07, 1.90193141389e-12, 1.68031943635e-07, 4.69104951418e-08, 1.20148140884e-08, 2.34166053111e-11, 1.53768857928e-14, 4.81146884116e-07, 8.12102083927e-13, 4.15423232764e-15, 4.40087244825e-09, 6.06047194767e-11, 5.90380185637e-08, 1.42281055992e-11, 0.66272412629, 1.24441169869e-34, 2.64866601572e-09, 1.15936375141e-05, 1.40656001107e-07, 4.14193193389e-06, 
0.0012890625, 0.139187056925, 0.0, 1106.32035495, 0.28740142378846417, 0.0311560656479, 4.69720350666e-06, 5.57688359442e-07, 0.0789363583426, 1.28723820236e-06, 0.121648993324, 4.0117503197e-05, 2.26148734751e-05, 7.38095475668e-17, 3.11778041315e-13, 3.48864613112e-09, 1.17011224721e-10, 6.45823957271e-05, 0.0451205975793, 0.036574998391, 0.0202348339721, 6.82932239331e-08, 0.000814573396727, 3.900613759e-09, 4.20076174768e-07, 0.000113304574441, 1.60688500205e-11, 0.000346539330736, 1.49725093271e-08, 0.00135160939449, 1.36394702755e-06, 0.000796242413082, 1.92569576246e-08, 0.000203414708118, 1.04868901145e-07, 5.47527816602e-14, 1.67402506273e-11, 4.2137611916e-10, 3.75188690284e-07, 2.42374064919e-12, 1.78114546026e-07, 4.20347435648e-08, 1.24080097549e-08, 2.75528295583e-11, 2.23655024929e-14, 4.9595414479e-07, 7.95937568959e-13, 6.78342916162e-15, 4.58316747014e-09, 6.34358217892e-11, 6.09627135263e-08, 1.73463110232e-11, 0.662548961621, 1.24441775416e-34, 2.84681095965e-09, 1.20303275051e-05, 1.41548964248e-07, 4.30694479266e-06, 
0.001328125, 0.141970286019, 0.0, 1127.956918, 0.28178132236002934, 0.0313843712874, 5.65381444585e-06, 6.85330871101e-07, 0.0764585163484, 1.55277637448e-06, 0.124036509095, 4.04091013553e-05, 2.04891284191e-05, 1.31346054933e-16, 5.38644587802e-13, 4.88275656498e-09, 1.6569591281e-10, 7.58437601798e-05, 0.0434871524156, 0.0375077015353, 0.0208766465205, 8.64691703232e-08, 0.000811588755704, 5.04041117786e-09, 4.31489726981e-07, 0.000111339149817, 2.35365306444e-11, 0.000358313429041, 2.08366922396e-08, 0.00139075190773, 1.63513540789e-06, 0.000816905752635, 2.61209489845e-08, 0.000211834798726, 1.11496858972e-07, 7.81928826707e-14, 2.07414967698e-11, 4.87149414279e-10, 3.83120837186e-07, 3.0700861692e-12, 1.88044157146e-07, 3.740536017e-08, 1.28073035767e-08, 3.24227662646e-11, 3.24242432355e-14, 5.11016357426e-07, 7.85875140616e-13, 1.12385304775e-14, 4.77710358262e-09, 6.65170272681e-11, 6.29210226665e-08, 2.10524598825e-11, 0.662383141015, 1.2444053039e-34, 3.08867468191e-09, 1.24458684141e-05, 1.43383061835e-07, 4.47935104554e-06, 
0.0013671875, 0.144714615614, 0.0, 1149.43874453, 0.27641170481101845, 0.0316108713822, 6.78401399179e-06, 8.36705280114e-07, 0.0739661030166, 1.86694134746e-06, 0.126425257639, 4.06119641015e-05, 1.82846835051e-05, 3.1042959018e-16, 9.14865983419e-13, 6.78185389935e-09, 2.32744819001e-10, 8.85410329629e-05, 0.0418496045763, 0.0384470254927, 0.0215291563118, 1.08494950768e-07, 0.000805927788316, 6.45803682332e-09, 4.42749443667e-07, 0.000108899929166, 3.40904096899e-11, 0.000370604571535, 2.88375899689e-08, 0.00142974048918, 1.93680199424e-06, 0.00083604730173, 3.52133453332e-08, 0.000220462196101, 1.1887695732e-07, 1.10597823441e-13, 2.55906408967e-11, 5.62666465785e-10, 3.91096730876e-07, 3.86714306006e-12, 1.97790309361e-07, 3.30585405414e-08, 1.32124506406e-08, 3.81563529162e-11, 4.65023724068e-14, 5.26354769263e-07, 7.81260366778e-13, 1.81348409583e-14, 4.98431491011e-09, 6.98840366194e-11, 6.49140132093e-08, 2.54339904414e-11, 0.662221819857, 1.2443851333e-34, 3.38006339322e-09, 1.28281915125e-05, 1.46358908643e-07, 4.65955708408e-06, 
0.00140625, 0.147460899189, 0.0, 1170.730129, 0.27128487327152934, 0.0318356044345, 8.11726070188e-06, 1.01500255908e-06, 0.0714612619873, 2.23699844116e-06, 0.128812219591, 4.07124993608e-05, 1.60569564563e-05, 6.41689012431e-16, 1.55247096899e-12, 9.37397865895e-09, 3.24526173039e-10, 0.000102751968927, 0.0402100545331, 0.0393912592006, 0.022191596168, 1.34715607218e-07, 0.000796466263604, 8.20601477421e-09, 4.53600347368e-07, 0.000105981817498, 4.89145128838e-11, 0.00038347101664, 3.97444315258e-08, 0.00146833627552, 2.2665071745e-06, 0.000853308580989, 4.7253958619e-08, 0.000229257852807, 1.27085980185e-07, 1.569590087e-13, 3.14481258962e-11, 6.4917591225e-10, 3.99109165722e-07, 4.8457532161e-12, 2.07330230768e-07, 2.90217663507e-08, 1.36224301597e-08, 4.48997555216e-11, 6.63546834736e-14, 5.4196211351e-07, 7.82367795565e-13, 2.94312644741e-14, 5.20602007339e-09, 7.35642438251e-11, 6.69394210425e-08, 3.05871934083e-11, 0.662067773542, 1.24438530706e-34, 3.72404844961e-09, 1.3165842733e-05, 1.50484263568e-07, 4.8471090807e-06, 
0.0014453125, 0.150149549671, 0.0, 1191.79303939, 0.2663939729789977, 0.0320582363328, 9.68533507458e-06, 1.22375500511e-06, 0.0689466511054, 2.67031143654e-06, 0.131195416777, 4.068712191e-05, 1.38657185227e-05, 1.29500935013e-15, 2.59564884707e-12, 1.28609295033e-08, 4.48829631418e-10, 0.000118560497241, 0.0385708331712, 0.0403394273683, 0.0228641755444, 1.65521462471e-07, 0.000783380921381, 1.03337781847e-08, 4.63791761563e-07, 0.000102617924272, 6.94335915939e-11, 0.000397019214535, 5.44135629417e-08, 0.00150626715762, 2.62169539708e-06, 0.000868171904574, 6.30355497859e-08, 0.000238187049636, 1.36232879721e-07, 2.21715958228e-13, 3.84935362578e-11, 7.4799980758e-10, 4.0715911741e-07, 6.04123027718e-12, 2.16651081466e-07, 2.53115792688e-08, 1.40365485155e-08, 5.28132871837e-11, 9.37570169888e-14, 5.57863517103e-07, 7.8893779588e-13, 4.68557705584e-14, 5.444091684e-09, 7.75936143508e-11, 6.89978300574e-08, 3.66111343701e-11, 0.661919454071, 1.24436843199e-34, 4.12553856326e-09, 1.34423464268e-05, 1.55841385609e-07, 5.04157444209e-06, 
0.001484375, 0.152840050296, 0.0, 1212.585506, 0.26173295529909668, 0.0322787651517, 1.15235991192e-05, 1.46609902632e-06, 0.0664254953522, 3.17433087882e-06, 0.133571294781, 4.05018697941e-05, 1.17714817745e-05, 2.73671586695e-15, 4.32643656271e-12, 1.75449499654e-08, 6.15751571276e-10, 0.00013600227212, 0.0369348952482, 0.0412894293972, 0.0235459939127, 2.01077572752e-07, 0.000766521261678, 1.28949157763e-08, 4.7270756356e-07, 9.88284471738e-05, 9.76124165497e-11, 0.000411331880123, 7.4049811766e-08, 0.00154319808644, 2.998153763e-06, 0.000880293956471, 8.3666166315e-08, 0.000247186961474, 1.46398111949e-07, 3.13928043661e-13, 4.69297086222e-11, 8.60551027409e-10, 4.15238280354e-07, 7.49343456156e-12, 2.25747282942e-07, 2.19370110188e-08, 1.44532767357e-08, 6.20683357437e-11, 1.31639810602e-13, 5.74053372025e-07, 8.01808051749e-13, 7.46267938055e-14, 5.69988218498e-09, 8.19964875669e-11, 7.10862790543e-08, 4.36074751044e-11, 0.661777933735, 1.24435553196e-34, 4.58470879701e-09, 1.36472293754e-05, 1.62348801076e-07, 5.2414831479e-06, 
0.0015234375, 0.15545030095, 0.0, 1233.06021492, 0.25729713623648076, 0.0324967732328, 1.36704102011e-05, 1.74549974066e-06, 0.0639009577224, 3.75775886446e-06, 0.135937307936, 4.0149325552e-05, 9.82802447694e-06, 5.43582866053e-15, 7.10902049492e-12, 2.37524791239e-08, 8.37682865215e-10, 0.00015511057978, 0.0353050352868, 0.042239873496, 0.0242371898491, 2.41552333829e-07, 0.000746108463496, 1.5936433971e-08, 4.80163160047e-07, 9.46605381631e-05, 1.35817439234e-10, 0.000426549394328, 9.99633110409e-08, 0.0015787171213, 3.39244080909e-06, 0.000889038576677, 1.10364368139e-07, 0.000256191089595, 1.57696083133e-07, 4.43390115477e-13, 5.69795633172e-11, 9.88341451762e-10, 4.23347206582e-07, 9.24755210156e-12, 2.34622117112e-07, 1.88977522779e-08, 1.4871294653e-08, 7.28482335075e-11, 1.83066487761e-13, 5.90562734537e-07, 8.20148637184e-13, 1.16752792031e-13, 5.97542312926e-09, 8.68047341076e-11, 7.32047057755e-08, 5.16790375303e-11, 0.661642072479, 1.24434171644e-34, 5.1023688083e-09, 1.37573352428e-05, 1.70043011887e-07, 5.44513593198e-06, 
0.0015625, 0.158062283327, 0.0, 1253.168589, 0.25308188942131637, 0.0327121753095, 1.61673186112e-05, 2.0645304186e-06, 0.061377253242, 4.42917038791e-06, 0.138289138057, 3.96122780985e-05, 8.07939356656e-06, 1.09827977242e-14, 1.16236684014e-11, 3.19519805264e-08, 1.13002862328e-09, 0.000175850788666, 0.0336849985319, 0.0431881446935, 0.0249366536991, 2.86727048408e-07, 0.000722241089382, 1.95011322782e-08, 4.85612933561e-07, 9.01583596503e-05, 1.8720593776e-10, 0.000442779738887, 1.33900762434e-07, 0.00161237347914, 3.79982346971e-06, 0.000894235503679, 1.44763121119e-07, 0.000265103328105, 1.70205375103e-07, 6.27633099828e-13, 6.88844115688e-11, 1.13295187806e-09, 4.31475512083e-07, 1.13530385174e-11, 2.43283333255e-07, 1.6187832491e-08, 1.52883609094e-08, 8.53362596132e-11, 2.52786517194e-13, 6.07387307112e-07, 8.45508511888e-13, 1.82169114567e-13, 6.27205222983e-09, 9.20347179496e-11, 7.53489630192e-08, 6.09222007622e-11, 0.661512459009, 1.24434071246e-34, 5.67736768734e-09, 1.37777953678e-05, 1.78775346949e-07, 5.64971922124e-06, 
0.0016015625, 0.160567832936, 0.0, 1272.85713199, 0.24908380684123069, 0.0329244120893, 1.90583708666e-05, 2.42588792966e-06, 0.0588579827679, 5.19847467732e-06, 0.140623459762, 3.88905924318e-05, 6.55301043101e-06, 2.15756081095e-14, 1.87473689435e-11, 4.26451457207e-08, 1.51139810138e-09, 0.00019817605936, 0.0320779813483, 0.0441323263504, 0.0256444002318, 3.36417856485e-07, 0.000695265659026, 2.36216344308e-08, 4.88856270578e-07, 8.53839333241e-05, 2.55551517626e-10, 0.000460196348168, 1.77673336652e-07, 0.00164358073788, 4.21722423041e-06, 0.000896082403289, 1.88629348123e-07, 0.000273814110883, 1.84040729594e-07, 8.87789572109e-13, 8.29025296819e-11, 1.29604613241e-09, 4.39622620039e-07, 1.3864560784e-11, 2.5174706252e-07, 1.37938183637e-08, 1.57023055048e-08, 9.97190916006e-11, 3.45800125642e-13, 6.24565078799e-07, 8.77677555921e-13, 2.7972338856e-13, 6.59176747225e-09, 9.77092376857e-11, 7.75178506127e-08, 7.14299610065e-11, 0.661387986939, 1.24432662164e-34, 6.30481308499e-09, 1.36860789818e-05, 1.88532936975e-07, 5.85190722393e-06, 
0.001640625, 0.163074974601, 0.0, 1292.072391, 0.24529912783037375, 0.0331333481486, 2.23895419006e-05, 2.83098911517e-06, 0.0563485145438, 6.07532363995e-06, 0.142935457199, 3.79829947383e-05, 5.26081889e-06, 4.24554424508e-14, 3.00256944221e-11, 5.65159276191e-08, 2.00386177906e-09, 0.000221948782033, 0.0304885346983, 0.0450693612436, 0.0263591326706, 3.89920308217e-07, 0.000665508873458, 2.83157198939e-08, 4.89496043437e-07, 8.04021383659e-05, 3.45722610187e-10, 0.000478926328674, 2.3350928088e-07, 0.00167178662457, 4.63348728049e-06, 0.000891765397115, 2.44196403616e-07, 0.000282189761587, 1.99272552404e-07, 1.25860309469e-12, 9.92974651208e-11, 1.47927175163e-09, 4.47776428952e-07, 1.68396414173e-11, 2.60031066603e-07, 1.16989349179e-08, 1.61100911181e-08, 1.16163184925e-10, 4.69373755547e-13, 6.42094432884e-07, 9.18585079495e-13, 4.27158069053e-13, 6.93564817313e-09, 1.03832023926e-10, 7.97057882951e-08, 8.32754687329e-11, 0.661271115807, 1.24432239504e-34, 6.96915511253e-09, 1.3471320524e-05, 1.99090411982e-07, 6.04738730329e-06, 
0.0016796875, 0.165447617403, 0.0, 1310.466079, 0.24177893276247603, 0.0333382925795, 2.62066481268e-05, 3.27996198506e-06, 0.0538528956555, 7.06783584316e-06, 0.145221033668, 3.69021700741e-05, 4.19701401269e-06, 8.1490715695e-14, 4.74190093021e-11, 7.42613411449e-08, 2.63196505054e-09, 0.000247005232293, 0.0289201848169, 0.0459967845306, 0.0270807002387, 4.46573357587e-07, 0.000633450641689, 3.35719550896e-08, 4.87951068753e-07, 7.52860725757e-05, 4.62669958955e-10, 0.000499163313158, 3.03323353336e-07, 0.00169622711437, 5.04987014813e-06, 0.000883650370155, 3.13710388504e-07, 0.000290071358588, 2.16008580455e-07, 1.7843296228e-12, 1.18338857458e-10, 1.68425945335e-09, 4.55934938851e-07, 2.03287783342e-11, 2.68160515942e-07, 9.88139902587e-09, 1.65085649891e-08, 1.3482326197e-10, 6.3017374135e-13, 6.60020871578e-07, 9.70702429554e-13, 6.42963446135e-13, 7.30533366422e-09, 1.10412206442e-10, 8.19099210859e-08, 9.6517593101e-11, 0.661159581289, 1.24430805723e-34, 7.66645229208e-09, 1.31397933228e-05, 2.10624984718e-07, 6.23110232362e-06, 
0.00171875, 0.167821695795, 0.0, 1328.859767, 0.23835818403196093, 0.0335390714208, 3.05537281365e-05, 3.77430107676e-06, 0.0513775498886, 8.19280842971e-06, 0.147474958568, 3.56560355719e-05, 3.3418936642e-06, 1.55868957901e-13, 7.42466819284e-11, 9.68716795343e-08, 3.42904539924e-09, 0.000273147244887, 0.0273780956264, 0.0469111489328, 0.0278076016451, 5.05345178891e-07, 0.000599580419721, 3.9425156908e-08, 4.82371125186e-07, 7.01109363792e-05, 6.15929408877e-10, 0.00052103477738, 3.90249419482e-07, 0.00171634171296, 5.45152798644e-06, 0.000870474340882, 4.00304687653e-07, 0.000297295905175, 2.34315742091e-07, 2.53374742071e-12, 1.40266304453e-10, 1.91229903027e-09, 4.64084658812e-07, 2.44207853989e-11, 2.76158831924e-07, 8.3183425912e-09, 1.68939667835e-08, 1.5578524326e-10, 8.41485537592e-13, 6.78346132797e-07, 1.030825065e-12, 9.58103932446e-13, 7.7012736979e-09, 1.17442279095e-10, 8.41228556074e-08, 1.11189905186e-10, 0.661053612146, 1.24430871321e-34, 8.36330097761e-09, 1.26872912708e-05, 2.21918756541e-07, 6.39747085825e-06, 
0.0017578125, 0.17003326991, 0.0, 1346.32421275, 0.23519539861660796, 0.0337348262026, 3.54682232162e-05, 4.3092390135e-06, 0.0489270336741, 9.45027195884e-06, 0.14969245796, 3.42712107543e-05, 2.66966008916e-06, 2.91316640461e-13, 1.14529215884e-10, 1.2517154455e-07, 4.4217268901e-09, 0.000300006442257, 0.0258660667244, 0.0478095490044, 0.0285395530065, 5.65004929639e-07, 0.000564470885845, 4.57905691521e-08, 4.7436475717e-07, 6.49540817058e-05, 8.11117747847e-10, 0.000544725730633, 4.95419515806e-07, 0.00173115200865, 5.83630575447e-06, 0.000852470391962, 5.06264335653e-07, 0.000303657255535, 2.54266589504e-07, 3.59624533804e-12, 1.65320999695e-10, 2.16460934863e-09, 4.72222837311e-07, 2.91416096717e-11, 2.84056552595e-07, 6.98442056852e-09, 1.72621768984e-08, 1.79134641369e-10, 1.11079333391e-12, 6.9712595944e-07, 1.10666058227e-12, 1.40739551668e-12, 8.1242690185e-09, 1.24908444845e-10, 8.63397686567e-08, 1.27266187028e-10, 0.660954117408, 1.24429568383e-34, 9.04912999172e-09, 1.21252141367e-05, 2.33597564004e-07, 6.53990844205e-06, 
0.001796875, 0.172246100468, 0.0, 1363.101361, 0.23223292389608777, 0.0339254262164, 4.09780469217e-05, 4.88020074029e-06, 0.0465086511154, 1.08462827643e-05, 0.151868087444, 3.27705969027e-05, 2.14960445789e-06, 5.38663849538e-13, 1.7447152283e-10, 1.60201105288e-07, 5.64134322859e-09, 0.000327178712584, 0.0243896550163, 0.0486882687974, 0.0292748050787, 6.24005173044e-07, 0.000528701714377, 5.26237742368e-08, 4.63344690498e-07, 5.98924710925e-05, 1.05823076832e-09, 0.000570323388092, 6.20970427627e-07, 0.0017403125223, 6.19218112297e-06, 0.000829590151043, 6.34408369174e-07, 0.000308983766086, 2.75874200008e-07, 5.10351561032e-12, 1.93675014617e-10, 2.44176333116e-09, 4.8033476009e-07, 3.45464997394e-11, 2.91878704549e-07, 5.85499231929e-09, 1.76088594659e-08, 2.04854612398e-10, 1.45209780366e-12, 7.16364318485e-07, 1.20028211884e-12, 2.04488502932e-12, 8.57356068714e-09, 1.3277758569e-10, 8.85510355349e-08, 1.44667949125e-10, 0.660859485192, 1.24429344624e-34, 9.68773950952e-09, 1.14635759157e-05, 2.44993542177e-07, 6.65261401855e-06, 
0.0018359375, 0.174272175502, 0.0, 1379.14778955, 0.22946672141389521, 0.0341098769905, 4.71023283743e-05, 5.48039465173e-06, 0.044127039586, 1.23815986892e-05, 0.153995958031, 3.11811595936e-05, 1.75037360391e-06, 9.7273690916e-13, 2.61461702875e-10, 2.02870024334e-07, 7.11747562693e-09, 0.000354238580325, 0.0229524584073, 0.0495438197845, 0.0300127007044, 6.81610450429e-07, 0.000492821478035, 5.98618056738e-08, 4.49500074912e-07, 5.49913495359e-05, 1.36724435694e-09, 0.000597953033208, 7.71642869613e-07, 0.00175620443386, 6.51148428066e-06, 0.000802197138966, 7.87008870369e-07, 0.000313037287285, 2.99178402678e-07, 7.22365928849e-12, 2.25462276703e-10, 2.74393343157e-09, 4.88415233958e-07, 4.06726330248e-11, 2.99656220615e-07, 4.90459835765e-09, 1.79291449018e-08, 2.32883587418e-10, 1.87783621541e-12, 7.36120618158e-07, 1.31549338707e-12, 2.92288598426e-12, 9.04850382512e-09, 1.41021672865e-10, 9.07488397415e-08, 1.6328481705e-10, 0.660759670068, 1.24428443666e-34, 1.02612896495e-08, 1.07202105761e-05, 2.56838305876e-07, 6.72767451852e-06, 
0.001875, 0.176299317804, 0.0, 1394.425274, 0.22689178763088391, 0.0342881730479, 5.38405891325e-05, 6.10272688386e-06, 0.0417903650194, 1.40562722486e-05, 0.156071463901, 2.95180012607e-05, 1.44451609878e-06, 1.72874891642e-12, 3.85834881684e-10, 2.54115421618e-07, 8.87441959556e-09, 0.000380672549358, 0.0215600978137, 0.0503727455338, 0.0307515037309, 7.34228034216e-07, 0.000457362701288, 6.74170066759e-08, 4.32838810331e-07, 5.03142151428e-05, 1.74895690675e-09, 0.000627601615517, 9.33176661538e-07, 0.00173759098026, 6.77893542865e-06, 0.000770627891875, 9.65932457308e-07, 0.000315658754317, 3.24131056725e-07, 1.01917927744e-11, 2.60719076288e-10, 3.07058243836e-09, 4.96451689959e-07, 4.75382466491e-11, 3.07414542724e-07, 4.10980579991e-09, 1.8218836719e-08, 2.63058429589e-10, 2.4027719229e-12, 7.56405160812e-07, 1.45823327603e-12, 4.12209310321e-12, 9.546682096e-09, 1.49591017459e-10, 9.29220231947e-08, 1.82945748082e-10, 0.660691718114, 1.24429313039e-34, 1.07125876619e-08, 9.91427461144e-06, 2.64655931161e-07, 6.76153512209e-06, 
0.0019140625, 0.178121776062, 0.0, 1408.90564865, 0.22450270708032385, 0.0344592529518, 6.11847529708e-05, 6.73495803365e-06, 0.0395033990987, 1.58594303003e-05, 0.158088654836, 2.7820941543e-05, 1.20888684886e-06, 2.99772493921e-12, 5.59133146685e-10, 3.14537299668e-07, 1.0928313288e-08, 0.000405997495482, 0.0202158413516, 0.0511716083886, 0.0314904780993, 7.82565953563e-07, 0.000422790926666, 7.52120560906e-08, 4.13880175428e-07, 4.59061334538e-05, 2.21366857521e-09, 0.000659301297504, 1.11837454328e-06, 0.00172570886554, 6.9912317609e-06, 0.000735472335333, 1.17187059956e-06, 0.000316528061963, 3.5069198011e-07, 1.42966667228e-11, 2.99416457003e-10, 3.42054155166e-09, 5.04440058082e-07, 5.51476124939e-11, 3.15183589711e-07, 3.44809228885e-09, 1.8472867305e-08, 2.95164527111e-10, 3.03944415417e-12, 7.77285309335e-07, 1.63517905844e-12, 5.71410847675e-12, 1.00655303153e-08, 1.58440519039e-10, 9.50605199416e-08, 2.034216851e-10, 0.660617190699, 1.24426341941e-34, 1.10423660044e-08, 9.06845247929e-06, 2.72122517814e-07, 6.74839095158e-06, 
0.001953125, 0.179945099995, 0.0, 1422.569115, 0.222292813662403, 0.0346233500424, 6.91016809411e-05, 7.36520480563e-06, 0.0372740987344, 1.77792994593e-05, 0.160043336334, 2.61149142793e-05, 1.02567255668e-06, 5.0927501734e-12, 7.95825432307e-10, 3.84574496649e-07, 1.3283754456e-08, 0.000429700086558, 0.0189246386654, 0.0519371820984, 0.0322276121944, 8.24619251552e-07, 0.000389523908271, 8.31556373546e-08, 3.92980227264e-07, 4.18065540621e-05, 2.77104604383e-09, 0.000692915639965, 1.31989249671e-06, 0.00170585838953, 7.13952674919e-06, 0.000697353434971, 1.40514967707e-06, 0.000316059537203, 3.78711798673e-07, 1.99150663867e-11, 3.41393326681e-10, 3.79178127181e-09, 5.12367565873e-07, 6.34787874592e-11, 3.22983436308e-07, 2.89961205342e-09, 1.86877395695e-08, 3.28880990652e-10, 3.80123524311e-12, 7.98765213985e-07, 1.85453716662e-12, 7.79746227703e-12, 1.06005057161e-08, 1.67505612403e-10, 9.71508806335e-08, 2.2442428173e-10, 0.660546287813, 1.24426648356e-34, 1.12197913249e-08, 8.20557870954e-06, 2.77531645743e-07, 6.68159404328e-06, 
0.0019921875, 0.181555241149, 0.0, 1435.40391571, 0.22025560400478333, 0.0347793587696, 7.75443364704e-05, 7.98105521571e-06, 0.0351066346229, 1.97986972175e-05, 0.161928562349, 2.44217581931e-05, 8.81101489235e-07, 8.43251382396e-12, 1.1107453153e-09, 4.64200958577e-07, 1.59330321214e-08, 0.000451310367022, 0.0176887852325, 0.052665695776, 0.0329616213173, 8.59480096097e-07, 0.000357837635171, 9.11670061337e-08, 3.70565011688e-07, 3.80335501547e-05, 3.42933784292e-09, 0.000728301585781, 1.53343767011e-06, 0.00167831165208, 7.21841904887e-06, 0.000657003647287, 1.66352364057e-06, 0.000313633707465, 4.08039897484e-07, 2.74841438304e-11, 3.86415792237e-10, 4.1817375512e-09, 5.20226732241e-07, 7.24924399105e-11, 3.30836110507e-07, 2.44588086504e-09, 1.88583979933e-08, 3.63857052693e-10, 4.69845421655e-12, 8.20900677701e-07, 2.1255702033e-12, 1.04512553489e-11, 1.11466632793e-08, 1.76730966205e-10, 9.91795505656e-08, 2.45656535205e-10, 0.660485642216, 1.24425976045e-34, 1.12350153182e-08, 7.34725219619e-06, 2.80505153936e-07, 6.56325023548e-06, 
0.00203125, 0.183166057454, 0.0, 1447.410648, 0.21838266646009238, 0.0349278351497, 8.64419106272e-05, 8.56848371411e-06, 0.0330086945687, 2.18950443224e-05, 0.163742395589, 2.27624805727e-05, 7.65341267882e-07, 1.36352725045e-11, 1.51985750556e-09, 5.52979425724e-07, 1.88505823502e-08, 0.000470416704218, 0.0165123010934, 0.0533550902817, 0.03369080771, 8.86310070927e-07, 0.000327976173852, 9.91573244283e-08, 3.47102928493e-07, 3.45999870514e-05, 4.19369048381e-09, 0.000765174303517, 1.75338724491e-06, 0.00164305066263, 7.22671366416e-06, 0.000615199399135, 1.94376227516e-06, 0.00030938419885, 4.38416977474e-07, 3.75279350783e-11, 4.34102138604e-10, 4.58696041764e-09, 5.28010543754e-07, 8.21188303645e-11, 3.38757937908e-07, 2.07136872015e-09, 1.89832838438e-08, 3.99655665701e-10, 5.73985272741e-12, 8.43694585999e-07, 2.45748972032e-12, 1.37678577102e-11, 1.16974825986e-08, 1.86049902629e-10, 1.01133071647e-07, 2.66761757243e-10, 0.660428320889, 1.2442651326e-34, 1.10842835066e-08, 6.51377454249e-06, 2.80745818034e-07, 6.39165222209e-06, 
0.0020703125, 0.184564275505, 0.0, 1458.59752481, 0.21666615762794078, 0.0350677853504, 9.57109015756e-05, 9.11491512974e-06, 0.0309839939702, 2.40427454633e-05, 0.165479336636, 2.11528223745e-05, 6.71082837265e-07, 2.14728753952e-11, 2.0373222137e-09, 6.49964503829e-07, 2.19966013298e-08, 0.000486680015885, 0.0153965073386, 0.0540025388368, 0.0344141323136, 9.04729153729e-07, 0.000300046124357, 1.07043820146e-07, 3.23045338053e-07, 3.14998675905e-05, 5.06632887627e-09, 0.000803243792047, 1.97362166397e-06, 0.00160061730173, 7.16432872262e-06, 0.000572703231476, 2.24131713874e-06, 0.00030342843124, 4.69581371561e-07, 5.06077212741e-11, 4.84002970182e-10, 5.00362614199e-09, 5.35716102692e-07, 9.22716330938e-11, 3.46765538909e-07, 1.76213409992e-09, 1.90577278859e-08, 4.35840832615e-10, 6.93029671462e-12, 8.67197886038e-07, 2.8601829786e-12, 1.78051821959e-11, 1.22462302922e-08, 1.95408552464e-10, 1.0299733805e-07, 2.87405706971e-10, 0.660378858858, 1.24426425227e-34, 1.07770271218e-08, 5.72117366154e-06, 2.78195995402e-07, 6.1702447229e-06, 
0.002109375, 0.185962985787, 0.0, 1468.982722, 0.21509663659913819, 0.0352001120903, 0.000105248914118, 9.60774616884e-06, 0.0290387437286, 2.62125849876e-05, 0.167138640667, 1.96066259917e-05, 5.9321330834e-07, 3.29627649337e-11, 2.67495537011e-09, 7.53720691972e-07, 2.53146225651e-08, 0.000499872349796, 0.014343853354, 0.0546067705081, 0.0351297708306, 9.1454547358e-07, 0.000274125767913, 1.14733993439e-07, 2.98846602548e-07, 2.87233520783e-05, 6.04457852878e-09, 0.000842094073119, 2.18727297571e-06, 0.00155154703098, 7.03476909368e-06, 0.000530264818452, 2.54985867135e-06, 0.000295826425348, 5.01171027656e-07, 6.73291874213e-11, 5.35533715058e-10, 5.42719929951e-09, 5.43337149441e-07, 1.02839111838e-10, 3.54864817096e-07, 1.50680852127e-09, 1.90837899035e-08, 4.71921720303e-10, 8.27103298761e-12, 8.91388808356e-07, 3.34063918852e-12, 2.26121496385e-11, 1.27849360822e-08, 2.04744086557e-10, 1.04758343709e-07, 3.07219519318e-10, 0.660330893244, 1.24426880417e-34, 1.03295946543e-08, 4.98259655052e-06, 2.72828306667e-07, 5.90305982851e-06, 
0.0021484375, 0.187159451716, 0.0, 1478.59085502, 0.2136656318338781, 0.0353238072761, 0.000114945483467, 1.0036727326e-05, 0.0271746950912, 2.8373843656e-05, 0.168712571011, 1.81321973794e-05, 5.27893482365e-07, 4.92708295841e-11, 3.43950304548e-09, 8.62331307325e-07, 2.87343426524e-08, 0.000509828397902, 0.0133540087629, 0.0551643439185, 0.0358355063248, 9.15911235942e-07, 0.000250180229946, 1.22130912326e-07, 2.74882494334e-07, 2.62467967942e-05, 7.12145447461e-09, 0.000881299708141, 2.38765066177e-06, 0.00149664990461, 6.84461564159e-06, 0.000488514069021, 2.8622052873e-06, 0.000286752585137, 5.3281756666e-07, 8.82699976595e-11, 5.88058025169e-10, 5.85294958948e-09, 5.50860529108e-07, 1.13698846952e-10, 3.6305196356e-07, 1.29541351492e-09, 1.90576875601e-08, 5.07430432293e-10, 9.75897399418e-12, 9.16263201321e-07, 3.90515673525e-12, 2.81880337564e-11, 1.3305367561e-08, 2.14001887541e-10, 1.06398023407e-07, 3.25874997537e-10, 0.660296582745, 1.24425664087e-34, 9.76579679233e-09, 4.30590422448e-06, 2.64822068181e-07, 5.59668741437e-06, 
0.0021875, 0.188356258822, 0.0, 1487.453914, 0.21236306569320776, 0.0354402452334, 0.00012467988067, 1.03931053309e-05, 0.0253970430438, 3.04955708382e-05, 0.170205282124, 1.67370027618e-05, 4.72440121616e-07, 7.17521456826e-11, 4.3316730056e-09, 9.73567656204e-07, 3.21789359144e-08, 0.000516554022433, 0.0124281802605, 0.055676543781, 0.0365307898513, 9.0917774952e-07, 0.000228184260895, 1.29132058481e-07, 2.51526494296e-07, 2.40481473739e-05, 8.28500783965e-09, 0.000920412206468, 2.56856058786e-06, 0.00143689232231, 6.60184293134e-06, 0.000448066270518, 3.17037958922e-06, 0.000276402563422, 5.64126688854e-07, 1.13967291758e-10, 6.40859950324e-10, 6.27590737581e-09, 5.58293753059e-07, 1.24710813802e-10, 3.71331193456e-07, 1.1201144789e-09, 1.89782260887e-08, 5.41906200892e-10, 1.13863484921e-11, 9.41795508439e-07, 4.55417961197e-12, 3.45016604949e-11, 1.37997504928e-08, 2.23135417211e-10, 1.0790715367e-07, 3.43057117307e-10, 0.660262124129, 1.24424560136e-34, 9.11420769684e-09, 3.69647977254e-06, 2.54429487454e-07, 5.2590401957e-06, 
0.0022265625, 0.189366715191, 0.0, 1495.60777463, 0.21118138510561693, 0.035547105894, 0.000134325798712, 1.06700344693e-05, 0.0237021786779, 3.254380239e-05, 0.171589968691, 1.54210121642e-05, 4.24688002483e-07, 1.01798531973e-10, 5.34401609594e-09, 1.08475003193e-06, 3.55563989007e-08, 0.000519979319811, 0.0115630338999, 0.056132150837, 0.0372063206135, 8.94826085053e-07, 0.000207987499725, 1.35606932274e-07, 2.28977480556e-07, 2.20923976732e-05, 9.51714298695e-09, 0.000958803009629, 2.7241963261e-06, 0.00137300891298, 6.31446586256e-06, 0.000409260337083, 3.46586533964e-06, 0.000264951461418, 5.94580079857e-07, 1.44831629679e-10, 6.93139744838e-10, 6.69046844155e-09, 5.65552847246e-07, 1.3573824236e-10, 3.79625907903e-07, 9.73887440277e-10, 1.88457369324e-08, 5.74836922453e-10, 1.31394786908e-11, 9.67768894637e-07, 5.2849541352e-12, 4.14671962286e-11, 1.42573334422e-08, 2.32053863726e-10, 1.09247258913e-07, 3.58429371549e-10, 0.66028391224, 1.24424162722e-34, 8.40166718339e-09, 3.15398756661e-06, 2.4195325039e-07, 4.89758154541e-06, 
0.002265625, 0.190377383731, 0.0, 1503.092709, 0.21011080265203985, 0.0356457867115, 0.000143760676755, 1.08632857441e-05, 0.0220928873605, 3.44893440711e-05, 0.172868368687, 1.41864901278e-05, 3.83172744516e-07, 1.4080004369e-10, 6.46184750176e-09, 1.19331940972e-06, 3.8787499432e-08, 0.000520333294692, 0.0107581271854, 0.0565317527833, 0.037860076036, 8.73587432501e-07, 0.000189505519883, 1.41442673419e-07, 2.07502507061e-07, 2.03533144996e-05, 1.07970753873e-08, 0.000996003334195, 2.85047726176e-06, 0.00130609701443, 5.99271985424e-06, 0.000372488647416, 3.74082899978e-06, 0.000252649469627, 6.23776163157e-07, 1.81105366778e-10, 7.44115914922e-10, 7.09166547459e-09, 5.72631613562e-07, 1.46637444802e-10, 3.87914350507e-07, 8.51529887462e-10, 1.86600710735e-08, 6.05811300282e-10, 1.50004139719e-11, 9.94075260466e-07, 6.08737674838e-12, 4.89613258816e-11, 1.46708590911e-08, 2.40711106446e-10, 1.10407189267e-07, 3.71741300688e-10, 0.660356664698, 1.24431361289e-34, 7.65660796524e-09, 2.67751248076e-06, 2.27809379111e-07, 4.52149141423e-06, 
0.0023046875, 0.191222752917, 0.0, 1509.95036122, 0.20913969123407844, 0.0357402181077, 0.000152874204521, 1.09747098069e-05, 0.0205795176079, 3.6316524823e-05, 0.174100018009, 1.30407312967e-05, 3.46953454501e-07, 1.89837704287e-10, 7.66072066065e-09, 1.29687996206e-06, 4.17998542674e-08, 0.000517975945816, 0.0100160698508, 0.0569019372439, 0.0385131418548, 8.46784378293e-07, 0.000172722645049, 1.4658207257e-07, 1.8739883118e-07, 1.88143530989e-05, 1.21068370619e-08, 0.00103218360829, 2.94601516264e-06, 0.00123799606398, 5.65068953867e-06, 0.000338229005825, 3.98997646514e-06, 0.000239927044573, 6.51797299466e-07, 2.22794825221e-10, 7.93243776964e-10, 7.47719994518e-09, 5.79749911827e-07, 1.57244637759e-10, 3.96361099452e-07, 7.49133460752e-10, 1.84359888479e-08, 6.34793119952e-10, 1.69560463926e-11, 1.02119029611e-06, 6.95001657103e-12, 5.67914968397e-11, 1.5043005117e-08, 2.4922267039e-10, 1.11440787617e-07, 3.83050159127e-10, 0.660353136937, 1.244290731e-34, 6.91205449637e-09, 2.26555822375e-06, 2.12640605758e-07, 4.14263783066e-06, 
0.00234375, 0.192068241916, 0.0, 1516.224147, 0.2082611847278367, 0.0358288424101, 0.000161550452144, 1.10035834074e-05, 0.0191548447079, 3.79962977356e-05, 0.175246182007, 1.19773409127e-05, 3.15021179021e-07, 2.49762542651e-10, 8.91077396586e-09, 1.3928385457e-06, 4.45170539591e-08, 0.000513033451874, 0.00933160853037, 0.0572263087121, 0.0391492143439, 8.15086461263e-07, 0.000157449591208, 1.50890129471e-07, 1.68661608511e-07, 1.74422167787e-05, 1.34188365781e-08, 0.00106662329571, 3.00894565748e-06, 0.00116920458015, 5.29504320646e-06, 0.000306465315895, 4.20679125941e-06, 0.000226915474355, 6.78084140318e-07, 2.69664198135e-10, 8.3967696807e-10, 7.84146538448e-09, 5.86754388504e-07, 1.67438079343e-10, 4.0481133838e-07, 6.62834313873e-10, 1.81684351113e-08, 6.61305874746e-10, 1.8977497278e-11, 1.04861473847e-06, 7.85051348867e-12, 6.47588409277e-11, 1.53632407925e-08, 2.57459653741e-10, 1.12297597425e-07, 3.92076774019e-10, 0.660359160497, 1.24431389619e-34, 6.1834797956e-09, 1.91159011094e-06, 1.96766563504e-07, 3.7669994157e-06, 
0.0023828125, 0.192770278584, 0.0, 1521.95677962, 0.20746720557690515, 0.0359118787413, 0.00016968997254, 1.09537519189e-05, 0.0178180350395, 3.95123046454e-05, 0.176313478786, 1.09938146778e-05, 2.86690079232e-07, 3.20846530054e-10, 1.01756405272e-08, 1.47915483377e-06, 4.68831089578e-08, 0.000505877242997, 0.00870224447705, 0.0575089085112, 0.039770248104, 7.79555374851e-07, 0.000143570528854, 1.54299219513e-07, 1.51374427134e-07, 1.62142232437e-05, 1.4708795085e-08, 0.00109912792754, 3.03956342353e-06, 0.00110072378113, 4.93500304082e-06, 0.00027726568894, 4.38738627861e-06, 0.000213862545813, 7.02473128035e-07, 3.21201319051e-10, 8.82799132212e-10, 8.18117802127e-09, 5.93671440253e-07, 1.77090226432e-10, 4.13256866439e-07, 5.89694289571e-10, 1.78627390742e-08, 6.85182131609e-10, 2.10406042348e-11, 1.07631022962e-06, 8.76711372257e-12, 7.26307990887e-11, 1.56291098218e-08, 2.65417296623e-10, 1.12977452256e-07, 3.98790175832e-10, 0.660363987943, 1.24428020208e-34, 5.4888878861e-09, 1.60979132408e-06, 1.8063619711e-07, 3.40179858568e-06, 
0.002421875, 0.193472368834, 0.0, 1527.19079, 0.20674991663191752, 0.0359903660663, 0.000177207819061, 1.08305571324e-05, 0.0165669167498, 4.08500661297e-05, 0.177300744437, 1.00866196454e-05, 2.61412875704e-07, 4.02856640463e-10, 1.14185216113e-08, 1.55414908046e-06, 4.8857198043e-08, 0.000496807293205, 0.00812498498658, 0.057749832691, 0.0403732036248, 7.41122649709e-07, 0.000130967546918, 1.56746947243e-07, 1.35530896903e-07, 1.51096208549e-05, 1.59532112391e-08, 0.00112943494128, 3.03958601622e-06, 0.0010333299832, 4.57755749033e-06, 0.00025060281519, 4.52921607385e-06, 0.000200960290651, 7.24765266231e-07, 3.76613915428e-10, 9.22025080276e-10, 8.49302057908e-09, 6.00478880327e-07, 1.86096823451e-10, 4.21645051651e-07, 5.27356425828e-10, 1.75218320166e-08, 7.06236455709e-10, 2.31154966216e-11, 1.10406685778e-06, 9.6723327088e-12, 8.01787967158e-11, 1.58380017908e-08, 2.73056240812e-10, 1.13473602771e-07, 4.03161186937e-10, 0.660375106083, 1.24431384233e-34, 4.83782389814e-09, 1.35397453059e-06, 1.64615656693e-07, 3.05263705505e-06, 
0.0025, 0.194632945057, 0.0, 1536.32348, 0.20551793154922213, 0.036134218364, 0.000190137761757, 1.03939340903e-05, 0.0143168124901, 4.2965781255e-05, 0.179043400597, 8.4922204244e-06, 2.18678864941e-07, 5.9495930684e-10, 1.36825462239e-08, 1.66534221432e-06, 5.15241572045e-08, 0.000474082735448, 0.00711850785017, 0.058114554512, 0.041524247574, 6.59826537951e-07, 0.000109273781399, 1.58759330715e-07, 1.08124408356e-07, 1.32191574623e-05, 1.82251387123e-08, 0.00118306373736, 2.95685033859e-06, 0.000904098407059, 3.89482703266e-06, 0.000204696969428, 4.69361357516e-06, 0.000176170238301, 7.6279470784e-07, 4.95424782184e-10, 9.87298483333e-10, 9.02563455033e-09, 6.13770498788e-07, 2.01850517092e-10, 4.38138390348e-07, 4.29028707843e-10, 1.67499162165e-08, 7.39678706016e-10, 2.71955912001e-11, 1.1593377983e-06, 1.13540130665e-11, 9.34089503935e-11, 1.6083542735e-08, 2.87320958788e-10, 1.13913326654e-07, 4.05111080839e-10, 0.660410574187, 1.24431515437e-34, 3.7121541571e-09, 9.61911740546e-07, 1.34097631716e-07, 2.41643989152e-06, 
0.002578125, 0.195585129782, 0.0, 1543.891739, 0.20451805192950034, 0.0362657577722, 0.000199983157325, 9.75407723163e-06, 0.0123697265886, 4.43157998704e-05, 0.180509711123, 7.15167801568e-06, 1.83928825698e-07, 8.11571752955e-10, 1.54456999039e-08, 1.72253673964e-06, 5.24882758245e-08, 0.000447357083518, 0.0062804377772, 0.0583456890755, 0.0426022416855, 5.77045606547e-07, 9.14353390576e-05, 1.56951938198e-07, 8.58717771771e-08, 1.16449540736e-05, 2.01024089123e-08, 0.00122735435191, 2.78945674789e-06, 0.000785787908272, 3.27645068903e-06, 0.000167495385854, 4.71036504234e-06, 0.000153614537296, 7.92220808021e-07, 6.1624248584e-10, 1.03300502823e-09, 9.42742510851e-09, 6.26656320934e-07, 2.14203154461e-10, 4.53994700047e-07, 3.55374787309e-10, 1.58927055178e-08, 7.61464540974e-10, 3.09967509275e-11, 1.21319026862e-06, 1.27062390434e-11, 1.03070027866e-10, 1.61140812859e-08, 3.00126389729e-10, 1.136496443e-07, 3.98662794129e-10, 0.660461030636, 1.24433289894e-34, 2.80320789222e-09, 6.86084440759e-07, 1.06991938915e-07, 1.87876326068e-06, 
0.00265625, 0.19637022212, 0.0, 1550.203579, 0.20370136029006466, 0.0363888647773, 0.000206659909547, 8.97942097392e-06, 0.0106960292944, 4.49429275943e-05, 0.181729773419, 6.03097801291e-06, 1.55464408629e-07, 1.03142725277e-09, 1.65478595891e-08, 1.72840061861e-06, 5.19189901062e-08, 0.000418604849093, 0.00558597812021, 0.0584648316423, 0.043606659451, 4.97626458712e-07, 7.67965658499e-05, 1.51815261092e-07, 6.80740752208e-08, 1.03152445839e-05, 2.15211554067e-08, 0.00126286351484, 2.56775849696e-06, 0.000680376210883, 2.73652442254e-06, 0.000137691106178, 4.60389638457e-06, 0.00013375950166, 8.13834902341e-07, 7.28966909173e-10, 1.0585567768e-09, 9.6969071239e-09, 6.39133637338e-07, 2.22998272527e-10, 4.68946752018e-07, 2.99255104149e-10, 1.49837744843e-08, 7.72147965065e-10, 3.43431944261e-11, 1.26451627197e-06, 1.3605158782e-11, 1.08389797992e-10, 1.59556124359e-08, 3.11414490748e-10, 1.1273823278e-07, 3.8511237787e-10, 0.66052287769, 1.24433700766e-34, 2.0969538598e-09, 4.9337751387e-07, 8.40610257287e-08, 1.44152055377e-06, 
0.002734375, 0.197017667948, 0.0, 1555.480771, 0.20303278680501474, 0.0365064458159, 0.000210289311358, 8.133528757e-06, 0.00926426696348, 4.49241233005e-05, 0.182734548206, 5.09750323342e-06, 1.32014041103e-07, 1.23163412344e-09, 1.69458733538e-08, 1.69026502342e-06, 5.01027604145e-08, 0.000389364671604, 0.00501205448137, 0.0584928759043, 0.044538802482, 4.24660756241e-07, 6.47913365375e-05, 1.44067555264e-07, 5.39914902931e-08, 9.17971003667e-06, 2.24684901161e-08, 0.00129063299872, 2.31918858207e-06, 0.000588354454402, 2.27711615259e-06, 0.000113953086734, 4.40492521965e-06, 0.000116695536545, 8.28805216638e-07, 8.24635704088e-10, 1.06490839367e-09, 9.84022562372e-09, 6.5119806673e-07, 2.28318740141e-10, 4.82780324583e-07, 2.5574208077e-10, 1.4052878397e-08, 7.72788562736e-10, 3.7105221161e-11, 1.31241228751e-06, 1.40057417282e-11, 1.093214504e-10, 1.56426966565e-08, 3.21174074292e-10, 1.11259843543e-07, 3.66053246421e-10, 0.660593100956, 1.24435662626e-34, 1.56199960702e-09, 3.5876441534e-07, 6.53749762093e-08, 1.09626548018e-06, 
0.0028125, 0.197552873683, 0.0, 1559.908135, 0.2024837592031761, 0.036620572218, 0.000211150063064, 7.26952614085e-06, 0.00804331854106, 4.43607478516e-05, 0.183553934029, 4.32131132856e-06, 1.12600825855e-07, 1.39305025665e-09, 1.66995570343e-08, 1.61796862379e-06, 4.73754059603e-08, 0.000360726125156, 0.00453810996265, 0.0584501561506, 0.0454011442237, 3.59735541498e-07, 5.49392419722e-05, 1.34510589684e-07, 4.29202283256e-08, 8.20231500781e-06, 2.29744693586e-08, 0.00131190822607, 2.06524208656e-06, 0.000509196642081, 1.89293906261e-06, 9.50725146401e-05, 4.14418964614e-06, 0.000102266394983, 8.38431898913e-07, 8.96989686484e-10, 1.05419100134e-09, 9.86918148193e-09, 6.62842461507e-07, 2.30441565105e-10, 4.95347314352e-07, 2.21431284316e-10, 1.31246131005e-08, 7.64759622147e-10, 3.92127293242e-11, 1.35624017427e-06, 1.39358222477e-11, 1.06396917991e-10, 1.52121664824e-08, 3.29446479526e-10, 1.09309984837e-07, 3.43152028659e-10, 0.66066824336, 1.24434997815e-34, 1.16319889569e-09, 2.64263070233e-07, 5.05617770221e-08, 8.29492164254e-07, 
0.002890625, 0.197958546399, 0.0, 1563.637879, 0.2020312275361551, 0.0367323579271, 0.00020961263808, 6.42779589435e-06, 0.0070038055591, 4.33604590107e-05, 0.184216773489, 3.67590559994e-06, 9.64568972171e-08, 1.50313821845e-09, 1.59334015513e-08, 1.52178598065e-06, 4.40612025912e-08, 0.000333390586668, 0.00414640386868, 0.0583518633245, 0.0461976963138, 3.03326403798e-07, 4.68380438935e-05, 1.23904883848e-07, 3.42405552815e-08, 7.35615092999e-06, 2.30946273151e-08, 0.00132796404874, 1.82079733235e-06, 0.000441781599732, 1.57518922901e-06, 8.00225158365e-05, 3.84845364004e-06, 9.01837022586e-05, 8.43965450663e-07, 9.43008001868e-10, 1.02919500144e-09, 9.79895884218e-09, 6.74065775362e-07, 2.2976203182e-10, 5.06574800248e-07, 1.9393510216e-10, 1.2218099197e-08, 7.49540972734e-10, 4.0651810028e-11, 1.39566889057e-06, 1.34735205044e-11, 1.00479522652e-10, 1.46988623849e-08, 3.36320571252e-10, 1.06989845119e-07, 3.17974621432e-10, 0.660746645696, 1.24435276458e-34, 8.68656659816e-10, 1.97333083963e-07, 3.90432223579e-08, 6.26447159813e-07, 
0.00296875, 0.198364085377, 0.0, 1566.794144, 0.2016565928765077, 0.0368428717386, 0.000206100678256, 5.63510714081e-06, 0.00611940264393, 4.20272201375e-05, 0.184747179233, 3.13887765718e-06, 8.29815594804e-08, 1.55945144759e-09, 1.48024616926e-08, 1.4110712626e-06, 4.04386564749e-08, 0.000307756140836, 0.00382210491899, 0.0582143615919, 0.0469318081311, 2.55108126192e-07, 4.0160955827e-05, 1.12882020956e-07, 2.74419979284e-08, 6.62069317637e-06, 2.28971833809e-08, 0.00133990225854, 1.59450683725e-06, 0.000384736012248, 1.31385174829e-06, 6.79749662591e-05, 3.5383249356e-06, 8.01139471018e-05, 8.46447215189e-07, 9.62965753098e-10, 9.93053415437e-10, 9.64609882126e-09, 6.8485415495e-07, 2.2674865578e-10, 5.16441134355e-07, 1.71628406435e-10, 1.1347472388e-08, 7.28615616228e-10, 4.14590808448e-11, 1.43057248999e-06, 1.27215575173e-11, 9.25565448723e-11, 1.41331329086e-08, 3.41902310116e-10, 1.04398745847e-07, 2.91836263931e-10, 0.660825413517, 1.24436648224e-34, 6.51531537097e-10, 1.49451741053e-07, 3.02024375401e-08, 4.73492979843e-07, 
0.003046875, 0.198646555618, 0.0, 1569.477867, 0.20134508365578474, 0.0369519403103, 0.000201028143925, 4.908944245e-06, 0.00536632335141, 4.0458644807e-05, 0.185168772695, 2.69092178073e-06, 7.16813683833e-08, 1.56325744369e-09, 1.34537550094e-08, 1.29372357876e-06, 3.67310001769e-08, 0.000284017924448, 0.00355277930623, 0.0580475692454, 0.0476085119132, 2.14446343932e-07, 3.46343692446e-05, 1.01955617273e-07, 2.2103679091e-08, 5.97900332679e-06, 2.24513338397e-08, 0.00134872674599, 1.39106082444e-06, 0.000336605357042, 1.09960036214e-06, 5.82632546366e-05, 3.22949572416e-06, 7.17219007955e-05, 8.46723427937e-07, 9.59094876126e-10, 9.48783466392e-10, 9.42744753566e-09, 6.95211835782e-07, 2.21864481221e-10, 5.24989935111e-07, 1.53244739798e-10, 1.05219323493e-08, 7.03385325695e-10, 4.16771674561e-11, 1.461096149e-06, 1.17840938668e-11, 8.35310627766e-11, 1.35394840379e-08, 3.46339010989e-10, 1.01625413944e-07, 2.65824110723e-10, 0.660903405303, 1.24436392691e-34, 4.91775974479e-10, 1.14726158257e-07, 2.34629481206e-08, 3.58846918845e-07, 
0.003125, 0.198928922545, 0.0, 1571.77099, 0.20108490232610804, 0.0370596847204, 0.000194793433478, 4.25622272942e-06, 0.00472425321264, 3.87351344697e-05, 0.185498614609, 2.31648510669e-06, 6.21718947098e-08, 1.52382482527e-09, 1.20132800224e-08, 1.1755955964e-06, 3.30949852223e-08, 0.000262213372879, 0.00332833091065, 0.0578619450828, 0.0482316894637, 1.80411140181e-07, 3.00427060169e-05, 9.14647313616e-08, 1.7905021697e-08, 5.41759529804e-06, 2.18208695067e-08, 0.00135517430777, 1.21140102294e-06, 0.000296027555153, 9.23902464601e-07, 5.03769937196e-05, 2.93168059567e-06, 6.47077317283e-05, 8.45566855961e-07, 9.35464628727e-10, 8.99198762838e-10, 9.15867735762e-09, 7.05129688045e-07, 2.15564411795e-10, 5.32286761057e-07, 1.37943257459e-10, 9.74723436711e-09, 6.75114361974e-10, 4.14345612572e-11, 1.48747141934e-06, 1.07522093829e-11, 7.4148626115e-11, 1.29370773203e-08, 3.49749701845e-10, 9.8749171887e-08, 2.40714745349e-10, 0.66098067178, 1.24437672529e-34, 3.73706294847e-10, 8.92343930048e-08, 1.83470867589e-08, 2.73114674061e-07, 
0.003203125, 0.199125541213, 0.0, 1573.5784095, 0.20088707814050064, 0.0371658334799, 0.000187747923946, 3.67894250568e-06, 0.00417557416411, 3.69130759524e-05, 0.185755265267, 2.00285236307e-06, 5.41278715933e-08, 1.4502310614e-09, 1.05774108993e-08, 1.06092543952e-06, 2.96294877607e-08, 0.000242292275257, 0.00314052078195, 0.0576639621416, 0.0488061237729, 1.52124726313e-07, 2.62078103918e-05, 8.16596771327e-08, 1.45898652001e-08, 4.92509975355e-06, 2.10452867823e-08, 0.00135988801408, 1.05519702405e-06, 0.000261767947774, 7.79748862674e-07, 4.39180492727e-05, 2.65132751146e-06, 5.88115875093e-05, 8.43185428587e-07, 8.9634430159e-10, 8.46719036828e-10, 8.85392804059e-09, 7.14616185048e-07, 2.08213825675e-10, 5.3843604144e-07, 1.25050689606e-10, 9.02592906268e-09, 6.4491443464e-10, 4.07537621675e-11, 1.51007466972e-06, 9.70413729449e-12, 6.50253522041e-11, 1.23399407779e-08, 3.52251438913e-10, 9.5834125735e-08, 2.17019012485e-10, 0.661054624749, 1.24438804234e-34, 2.86077476586e-10, 7.02543060852e-08, 1.44678173925e-08, 2.08880315205e-07, 
0.00328125, 0.199322086061, 0.0, 1575.385829, 0.20068908448873507, 0.0372700110201, 0.000180195584126, 3.17443985213e-06, 0.00370548478797, 3.50868362824e-05, 0.185949583583, 1.73775914013e-06, 4.73028344845e-08, 1.35429221483e-09, 9.21551717824e-09, 9.53043242699e-07, 2.64352853471e-08, 0.000224202225919, 0.00298265656672, 0.057459749291, 0.0493356175788, 1.28608315509e-07, 2.2987383037e-05, 7.26346865539e-08, 1.19517390282e-08, 4.49072301015e-06, 2.02181393299e-08, 0.00136329951092, 9.19984129992e-07, 0.000232757235725, 6.60622811712e-07, 3.85607120548e-05, 2.3923611729e-06, 5.38197605632e-05, 8.40650867387e-07, 8.47034246368e-10, 7.93164748481e-10, 8.52655367598e-09, 7.23667693232e-07, 2.00264830297e-10, 5.43540051157e-07, 1.14037777582e-10, 8.35854674463e-09, 6.13637490515e-10, 3.98135823753e-11, 1.52927875397e-06, 8.68185195823e-12, 5.6378961481e-11, 1.17584918523e-08, 3.54187224123e-10, 9.29332474811e-08, 1.95119249101e-10, 0.661127351273, 1.24439282329e-34, 2.20391320124e-10, 5.58301812774e-08, 1.14954777247e-08, 1.60514018748e-07, 
0.0034375, 0.199605469694, 0.0, 1578.108169, 0.20040457800570724, 0.0374716920705, 0.000164318974997, 2.36611743032e-06, 0.0029638472332, 3.1455299207e-05, 0.186190900883, 1.32917713935e-06, 3.66452244662e-08, 1.12340955646e-09, 6.83248031112e-09, 7.61907953755e-07, 2.08760437786e-08, 0.000193033266459, 0.00274084064235, 0.0570448036462, 0.050271917925, 9.32577227149e-08, 1.80375523368e-05, 5.71514820511e-08, 8.19219139714e-09, 3.77409520022e-06, 1.84131256378e-08, 0.00136728420167, 7.06254738125e-07, 0.000187814062194, 4.82330529004e-07, 3.04714026703e-05, 1.94380471738e-06, 4.60275124225e-05, 8.34489451437e-07, 7.29198755655e-10, 6.87735698483e-10, 7.83263975868e-09, 7.40497224397e-07, 1.83213988539e-10, 5.50961722857e-07, 9.6746109942e-11, 7.18289142911e-09, 5.50271673202e-10, 3.72426216437e-11, 1.55873705816e-06, 6.84255402048e-12, 4.15269787126e-11, 1.06640679488e-08, 3.56276578824e-10, 8.72959417929e-08, 1.57124730321e-10, 0.661262005724, 1.24439872166e-34, 1.35072211407e-10, 3.6734317083e-08, 7.50809102606e-09, 9.85391371845e-08, 
0.00359375, 0.199813476719, 0.0, 1580.194856, 0.20019661211443365, 0.0376627710139, 0.000148674538776, 1.76895446231e-06, 0.00240676024588, 2.80604462332e-05, 0.186302813048, 1.03161220902e-06, 2.87587551739e-08, 8.93582752916e-10, 4.97718352786e-09, 6.05482128533e-07, 1.64190634786e-08, 0.000167297990518, 0.0025650201392, 0.0566417032694, 0.0510760484418, 6.87821637039e-08, 1.44262030468e-05, 4.48449250564e-08, 5.73622651927e-09, 3.20637935898e-06, 1.6615275245e-08, 0.00136915399424, 5.48872987739e-07, 0.000154590762757, 3.57726564414e-07, 2.46113157374e-05, 1.57789824391e-06, 4.01168077447e-05, 8.2807204226e-07, 6.08368841654e-10, 5.91023960907e-10, 7.14046315674e-09, 7.55753652268e-07, 1.66187762024e-10, 5.55607234953e-07, 8.35018088449e-11, 6.19287036897e-09, 4.8946166166e-10, 3.42757479675e-11, 1.5795046844e-06, 5.35839814272e-12, 3.01045465286e-11, 9.67410113039e-09, 3.56836971373e-10, 8.20504483764e-08, 1.26415448423e-10, 0.661384749125, 1.24440796328e-34, 8.49602598345e-11, 2.49070525728e-08, 5.08506389542e-09, 6.21403818996e-08, 
0.00375, 0.199967860247, 0.0, 1581.820666, 0.20004223070796542, 0.0378421192993, 0.000133975678206, 1.33147778426e-06, 0.00198222082179, 2.49887963192e-05, 0.186330374056, 8.11589809873e-07, 2.28419264767e-08, 6.91801452245e-10, 3.59897370372e-09, 4.80885993248e-07, 1.29249165952e-08, 0.000145978926759, 0.00243503689715, 0.0562609843308, 0.0517710322799, 5.16754274001e-08, 1.1742072922e-05, 3.52470432195e-08, 4.0978459593e-09, 2.75143959146e-06, 1.49229803592e-08, 0.00136976246915, 4.32567496376e-07, 0.00012952763946, 2.69258834667e-07, 2.02432060247e-05, 1.28334566706e-06, 3.54787775294e-05, 8.21823662274e-07, 4.97386314462e-10, 5.05813365442e-10, 6.48190319708e-09, 7.69554435246e-07, 1.50053866339e-10, 5.58208810248e-07, 7.30783792788e-11, 5.36279080198e-09, 4.33256924129e-10, 3.12360429775e-11, 1.59400700618e-06, 4.21343247616e-12, 2.16889310012e-11, 8.78902708144e-09, 3.5641349694e-10, 7.72736029492e-08, 1.0205397031e-10, 0.661495123249, 1.24441948834e-34, 5.48415324888e-11, 1.73328874245e-08, 3.56362505363e-09, 4.0305943074e-08, 
0.00390625, 0.200019252656, 0.0, 1583.106578, 0.19992594969880104, 0.0380098678826, 0.00012055172013, 1.01087417501e-06, 0.0016538110642, 2.22606254187e-05, 0.186303160739, 6.46383336137e-07, 1.83424038544e-08, 5.26864013894e-10, 2.59975716569e-09, 3.82957845103e-07, 1.02129061263e-08, 0.000128206527054, 0.00233740586062, 0.0559068575429, 0.0523756728162, 3.95338927906e-08, 9.70809476884e-06, 2.78210768738e-08, 2.98013258555e-09, 2.38283721071e-06, 1.33790660339e-08, 0.00136951171094, 3.45744003144e-07, 0.000110234234445, 2.0540593589e-07, 1.69064004421e-05, 1.04743275564e-06, 3.17270779181e-05, 8.15532420066e-07, 4.01667951558e-10, 4.32519221637e-10, 5.87265583894e-09, 7.82034372019e-07, 1.35233309323e-10, 5.59407974041e-07, 6.47009584301e-11, 4.66701968102e-09, 3.82571106117e-10, 2.83116341025e-11, 1.60409390143e-06, 3.34790920923e-12, 1.5620602128e-11, 8.00187027632e-09, 3.55233999403e-10, 7.29773632805e-08, 8.28738292038e-11, 0.661594084377, 1.24443685185e-34, 3.62580975759e-11, 1.23297608204e-08, 2.57237554486e-09, 2.68667173343e-08, 
0.0040625, 0.20007060437, 0.0, 1583.31539717, 0.19994098514713454, 0.0381650566722, 0.000108503841717, 7.75205811562e-07, 0.00139599081034, 1.9817906063e-05, 0.186243587999, 5.2216458687e-07, 1.4889557481e-08, 3.97259856518e-10, 1.88397198806e-09, 3.06084679937e-07, 8.09600480136e-09, 0.000113247449812, 0.00226292111912, 0.0555798594449, 0.0529044623059, 3.08414429174e-08, 8.13869430623e-06, 2.21197738089e-08, 2.21182988915e-09, 2.08270011448e-06, 1.1943252328e-08, 0.00136874956564, 2.80875465992e-07, 9.51020055644e-05, 1.59135775746e-07, 1.432780425e-05, 8.58209623057e-07, 2.86150158863e-05, 8.07324733188e-07, 3.21603074477e-10, 3.70680817808e-10, 5.3175678072e-09, 7.9330636296e-07, 1.21765216852e-10, 5.5949058085e-07, 5.79453204595e-11, 4.08289740612e-09, 3.37946227155e-10, 2.55149506814e-11, 1.61103155397e-06, 2.70760273527e-12, 1.1353979725e-11, 7.30320482877e-09, 3.5282568112e-10, 6.91416744858e-08, 6.77642936952e-11, 0.661682654649, 1.24443679438e-34, 2.46602419177e-11, 8.98913883121e-09, 1.92118005436e-09, 1.83537303524e-08, 
0.004375, 0.200053083768, 0.0, 1583.7330355, 0.19995824468433762, 0.038441864564, 8.86383694272e-05, 4.77155512982e-07, 0.00103752664853, 1.59233383456e-05, 0.186059741256, 3.55185366931e-07, 1.02107772553e-08, 2.25892870483e-10, 1.0242919846e-09, 2.01480954724e-07, 5.25623141418e-09, 9.03852432169e-05, 0.00216451414792, 0.0550063075118, 0.0537735333223, 1.99246566936e-08, 5.9916034098e-06, 1.44103887341e-08, 1.29130426205e-09, 1.6360220802e-06, 9.62829937761e-09, 0.00136600361313, 1.94232548876e-07, 7.38681380931e-05, 9.97863993797e-08, 1.06898161665e-05, 5.91387947412e-07, 2.38443493274e-05, 7.93267972669e-07, 2.07210725425e-10, 2.76333089275e-10, 4.39025296416e-09, 8.12617672467e-07, 9.954429118e-11, 5.57591167604e-07, 4.78936916533e-11, 3.18998117585e-09, 2.65594920622e-10, 2.08314789193e-11, 1.61844853319e-06, 1.86960896656e-12, 6.1950998756e-12, 6.14992037935e-09, 3.4798246281e-10, 6.27549189404e-08, 4.68859748751e-11, 0.661833675104, 1.24443819957e-34, 1.24167295104e-11, 5.10632230713e-09, 1.15518180034e-09, 9.74788324474e-09, 
0.0046875, 0.200048382172, 0.0, 1584.15067383, 0.19996289680933746, 0.0386801179259, 7.3348273217e-05, 3.06254788131e-07, 0.000796743029562, 1.30170480317e-05, 0.185849264975, 2.49338283446e-07, 7.21361836823e-09, 1.30958760026e-10, 5.82340214335e-10, 1.37206000881e-07, 3.53909270671e-09, 7.37531582524e-05, 0.00210231945317, 0.0545208608874, 0.0544708310233, 1.36527860398e-08, 4.58791645321e-06, 9.70785491852e-09, 7.94814088303e-10, 1.31699535893e-06, 7.8843361182e-09, 0.00136242719529, 1.40335066782e-07, 5.9242344109e-05, 6.49526934296e-08, 8.18819423927e-06, 4.16732500215e-07, 2.0192004254e-05, 7.82310686746e-07, 1.3570680814e-10, 2.10222992798e-10, 3.66542040465e-09, 8.28603716132e-07, 8.24284894825e-11, 5.54533757387e-07, 4.02795262226e-11, 2.53445420891e-09, 2.11094515308e-10, 1.72020520337e-11, 1.62181059014e-06, 1.37517778353e-12, 3.52826067474e-12, 5.22686829931e-09, 3.43958038788e-10, 5.76666423262e-08, 3.3624405932e-11, 0.661958564409, 1.24443954746e-34, 6.71475620444e-12, 3.01595245238e-09, 7.40888483967e-10, 5.64667969467e-09, 
0.005, 0.200053190574, 0.0, 1584.56831216, 0.19995783158710595, 0.0388860390144, 6.15562610327e-05, 2.040441884e-07, 0.000627700482784, 1.08241502977e-05, 0.185637378959, 1.79617493571e-07, 5.22293725364e-09, 7.81673527159e-11, 3.46771925926e-10, 9.66128731465e-08, 2.46786194514e-09, 6.13528424298e-05, 0.00206125134963, 0.0541077223816, 0.0550426219262, 9.83391818911e-09, 3.6275340186e-06, 6.75735794429e-09, 5.12039715201e-10, 1.08272702646e-06, 6.56043747606e-09, 0.00135840446359, 1.05246225945e-07, 4.86892305284e-05, 4.36965925297e-08, 6.4003676066e-06, 2.9995468849e-07, 1.72962672821e-05, 7.73550286686e-07, 9.10394491532e-11, 1.63425190471e-10, 3.09922159273e-09, 8.41971034012e-07, 6.92205356263e-11, 5.5109142695e-07, 3.42742958138e-11, 2.04210618523e-09, 1.70145655496e-10, 1.44006477208e-11, 1.62316883451e-06, 1.06485250504e-12, 2.10219904058e-12, 4.47988572345e-09, 3.40706566243e-10, 5.35826532896e-08, 2.49323749561e-11, 0.662063231331, 1.24444305829e-34, 3.87606789271e-12, 1.83942530719e-09, 4.99126679723e-10, 3.5208532414e-09, 
0.005625, 0.200086024308, 0.0, 1585.40358882, 0.19992514229874148, 0.0392170938485, 4.5848791723e-05, 1.04176436874e-07, 0.000425745912981, 7.96472681595e-06, 0.185242976285, 1.03366911765e-07, 3.02808374127e-09, 3.21419298651e-11, 1.46661029027e-10, 5.41710638866e-08, 1.36179553961e-09, 4.53116688218e-05, 0.00201738432355, 0.0534572093163, 0.055904028626, 5.91034407914e-09, 2.50688252279e-06, 3.69747412296e-09, 2.49071238472e-10, 7.85651597588e-07, 4.82418509729e-09, 0.00134975527986, 6.64913322123e-08, 3.55214096353e-05, 2.2404953303e-08, 4.21068823619e-06, 1.70573719902e-07, 1.32061085893e-05, 7.60770310672e-07, 4.6374609886e-11, 1.07501518816e-10, 2.33513299692e-09, 8.62491255001e-07, 5.16181023876e-11, 5.44169796143e-07, 2.60267144558e-11, 1.40097626001e-09, 1.17927366312e-10, 1.06751368637e-11, 1.62286917717e-06, 7.25704704331e-13, 8.88090947461e-13, 3.40700438526e-09, 3.36131963157e-10, 4.77439009473e-08, 1.53546906057e-11, 0.662226061266, 1.24444755138e-34, 1.62643416724e-12, 7.95764542837e-10, 2.61843015232e-10, 1.81965783702e-09, 
0.00625, 0.200135252305, 0.0, 1586.23886548, 0.19987574445031173, 0.0394731661101, 3.57557683368e-05, 5.84968910733e-08, 0.000303994131326, 6.16318667608e-06, 0.184905529032, 6.33522778409e-08, 1.86622539729e-09, 1.49286149587e-11, 7.14494943494e-11, 3.34695670303e-08, 8.30335621109e-10, 3.5170040424e-05, 0.00199364860181, 0.0529549286688, 0.0565517743065, 3.96645449562e-09, 1.85786525072e-06, 2.22649291343e-09, 1.36109836921e-10, 6.00755623069e-07, 3.72740624169e-09, 0.00134142195752, 4.59259836091e-08, 2.73321378919e-05, 1.26086139959e-08, 2.90813439252e-06, 1.03534468458e-07, 1.03424229565e-05, 7.51635802708e-07, 2.62872249948e-11, 7.58265496549e-11, 1.83695718023e-09, 8.77903474537e-07, 4.02996342085e-11, 5.38072433082e-07, 2.0156158891e-11, 9.8956094387e-10, 8.63590585465e-11, 8.29610625788e-12, 1.62160925953e-06, 5.40928788308e-13, 4.31516266669e-13, 2.65321369686e-09, 3.33145991688e-10, 4.36635053523e-08, 1.03279037929e-11, 0.662351236051, 1.24444754169e-34, 8.14088488681e-13, 3.77551005053e-10, 1.51809942527e-10, 1.10705284182e-09, 
0.0075, 0.200267031874, 0.0, 1587.90941881, 0.19974424521712511, 0.0398170505486, 2.53421606056e-05, 2.54680321129e-08, 0.000184224883132, 4.3359039305e-06, 0.184397890973, 3.04568606307e-08, 9.04546569288e-10, 5.04299356739e-12, 2.66248470867e-11, 1.73271189994e-08, 4.22450836436e-10, 2.48089474993e-05, 0.00197345912142, 0.0522645088668, 0.0574238612458, 2.37275604249e-09, 1.24635223434e-06, 1.10316228325e-09, 5.90160885819e-11, 4.14226555719e-07, 2.61368730526e-09, 0.00132712207528, 2.81299289691e-08, 1.91417908421e-05, 5.58362352803e-09, 1.68723422471e-06, 4.94876464631e-08, 7.09295099169e-06, 7.40971687122e-07, 1.23787503232e-11, 4.72366837468e-11, 1.31757432092e-09, 8.98196820771e-07, 2.86219579473e-11, 5.28686906729e-07, 1.33608211181e-11, 5.63338508917e-10, 5.61718651246e-11, 5.8610694767e-12, 1.61862344642e-06, 3.68593446962e-13, 1.59577845018e-13, 1.78562640924e-09, 3.30405472701e-10, 3.88862057215e-08, 6.05735992373e-12, 0.662523818413, 1.24444314875e-34, 3.36258137066e-13, 1.28870971673e-10, 6.95812713716e-11, 6.14532151547e-10, 
0.0087, 0.200414514388, 0.0, 1589.51315, 0.19959747408211428, 0.0400072827307, 2.04149870045e-05, 1.42326437021e-08, 0.000125993858415, 3.48662019645e-06, 0.184076371532, 1.77892106867e-08, 5.31838830613e-10, 2.51449439837e-12, 1.43093204024e-11, 1.14578771638e-08, 2.76979501169e-10, 1.99260022275e-05, 0.00196380798971, 0.0518352953849, 0.0579732955133, 1.74589863546e-09, 9.70176082926e-07, 7.07111947122e-10, 3.44741502095e-11, 3.26061264039e-07, 2.09798689768e-09, 0.00131699668917, 2.08438245336e-08, 1.52575721673e-05, 3.29511278584e-09, 1.16503480491e-06, 2.96357081603e-08, 5.40744390397e-06, 7.36539119066e-07, 7.99865618547e-12, 3.53127418049e-11, 1.06962632052e-09, 9.10132369709e-07, 2.31006706894e-11, 5.22544938918e-07, 9.54970919626e-12, 3.54185508101e-10, 4.29774275392e-11, 4.72428818528e-12, 1.61638011561e-06, 2.91302816294e-13, 8.50350620262e-14, 1.32353023949e-09, 3.29910063439e-10, 3.62586895597e-08, 4.35250917686e-12, 0.662630074151, 1.24443630692e-34, 1.98708672429e-13, 6.26149054895e-11, 4.11444946909e-11, 4.23694793171e-10, 
0.0093, 0.200399622337, 0.0, 1589.54352154, 0.19961246247535558, 0.0400581857329, 1.91115340321e-05, 1.16660888006e-08, 0.000109593619566, 3.25826670506e-06, 0.183979816254, 1.47681787793e-08, 4.42026716869e-10, 2.02641379111e-12, 1.1783647328e-11, 1.00586333759e-08, 2.42618116938e-10, 1.86318769183e-05, 0.00196094585805, 0.051703141139, 0.0581475484685, 1.5942996362e-09, 8.95957355529e-07, 6.16657644832e-10, 2.91233209746e-11, 3.02513937868e-07, 1.95690531847e-09, 0.00131368107921, 1.90862059061e-08, 1.41975627173e-05, 2.8070766608e-09, 1.03933914034e-06, 2.4976204678e-08, 4.9298703371e-06, 7.3367123728e-07, 7.04811161361e-12, 3.24162333384e-11, 1.00332041366e-09, 9.13644441114e-07, 2.16275082546e-11, 5.20629395458e-07, 8.43339887023e-12, 2.94812315978e-10, 3.9725185844e-11, 4.41606997543e-12, 1.61564197223e-06, 2.71967141683e-13, 7.00398666331e-14, 1.18792291632e-09, 3.29173406452e-10, 3.54620975736e-08, 3.92787817702e-12, 0.662660810228, 1.24442833625e-34, 1.69977867444e-13, 5.02473460403e-11, 3.48154665129e-11, 3.7452104798e-10, 
0.0096, 0.200395712969, 0.0, 1589.55870731, 0.19961644746422844, 0.0400721016043, 1.87565342039e-05, 1.09808019601e-08, 0.000104861515603, 3.19622886564e-06, 0.183951762187, 1.39425782573e-08, 4.17481803552e-10, 1.90499994814e-12, 1.11406035929e-11, 9.68545508354e-09, 2.33527073862e-10, 1.827817111e-05, 0.00196009475453, 0.0516639621066, 0.0582002883192, 1.5534840849e-09, 8.74976966641e-07, 5.92771091916e-10, 2.7718376605e-11, 2.95869855908e-07, 1.91855824026e-09, 0.00131266954842, 1.86097436321e-08, 1.38922065271e-05, 2.68005104914e-09, 1.00504987763e-06, 2.37194127669e-08, 4.79046781141e-06, 7.32789308696e-07, 6.80245386825e-12, 3.16389171613e-11, 9.85244577294e-10, 9.14657799812e-07, 2.12264057166e-11, 5.20059830167e-07, 8.10400202135e-12, 2.77427986529e-10, 3.88473776976e-11, 4.33232709902e-12, 1.61541606105e-06, 2.66711557314e-13, 6.62201239807e-14, 1.14784949121e-09, 3.28945051402e-10, 3.52238400382e-08, 3.81260590512e-12, 0.662669264643, 1.24442670709e-34, 1.62434224967e-13, 4.71301733934e-11, 3.31149408561e-11, 3.6045372586e-10, 
0.00975, 0.200394949609, 0.0, 1589.56630019, 0.19961725727330287, 0.040076047761, 1.86571146995e-05, 1.07875054538e-08, 0.000103488216152, 3.17888292578e-06, 0.183943635536, 1.37073203127e-08, 4.10490037424e-10, 1.87189603079e-12, 1.09628565593e-11, 9.5807273166e-09, 2.30987249354e-10, 1.81785907973e-05, 0.00195984455143, 0.0516524938571, 0.058215894912, 1.54201292458e-09, 8.68915214446e-07, 5.86085006297e-10, 2.73242816962e-11, 2.93950836022e-07, 1.9078385648e-09, 0.00131236952253, 1.84753252252e-08, 1.38031474488e-05, 2.64450807427e-09, 9.9523309034e-07, 2.33630271782e-08, 4.7495418762e-06, 7.32532646569e-07, 6.73459197839e-12, 3.14212132954e-11, 9.8017962656e-10, 9.14950247567e-07, 2.11141448956e-11, 5.19892997138e-07, 8.0081982945e-12, 2.72327407123e-10, 3.86009696435e-11, 4.30892488995e-12, 1.61534885297e-06, 2.65236838304e-13, 6.51657069198e-14, 1.13606257435e-09, 3.28879602326e-10, 3.51534980838e-08, 3.78007819043e-12, 0.662671595845, 1.2444244114e-34, 1.60309239587e-13, 4.62575578551e-11, 3.2631994902e-11, 3.56340049387e-10, 
0.0099, 0.200395119256, 0.0, 1589.57389308, 0.19961714053046256, 0.0400779309023, 1.8611391026e-05, 1.06976155313e-08, 0.000102840806434, 3.17093667348e-06, 0.183939802284, 1.35971951072e-08, 4.07221292725e-10, 1.85775331364e-12, 1.08812334758e-11, 9.5323467984e-09, 2.29817982925e-10, 1.81325664535e-05, 0.00195972562062, 0.0516470603178, 0.0582233348489, 1.53669508475e-09, 8.66060751841e-07, 5.82991927658e-10, 2.71414250292e-11, 2.93046880141e-07, 1.9029413526e-09, 0.00131222618824, 1.84127166421e-08, 1.37609601355e-05, 2.6280185622e-09, 9.90620486793e-07, 2.3196783989e-08, 4.7300673107e-06, 7.32413421149e-07, 6.70489532536e-12, 3.13217186218e-11, 9.7785002374e-10, 9.15087383759e-07, 2.10626055773e-11, 5.1981394889e-07, 7.96489104596e-12, 2.69904022015e-10, 3.84880926778e-11, 4.29825130609e-12, 1.61531659542e-06, 2.64558143604e-13, 6.4687897308e-14, 1.13045487705e-09, 3.2885028645e-10, 3.51199708277e-08, 3.76523951934e-12, 0.662672619612, 1.24442103949e-34, 1.59323590455e-13, 4.58520223548e-11, 3.24054258113e-11, 3.54385452891e-10, 
0.01, 0.200395176126, 0.0, 1589.57389308, 0.19961712312586513, 0.0400780216215, 1.86113892671e-05, 1.06976145203e-08, 0.000102840796715, 3.17093637381e-06, 0.183939784901, 1.35971938222e-08, 4.0722125424e-10, 1.85775313806e-12, 1.08812324474e-11, 9.53234589753e-09, 2.29817961206e-10, 1.81325647398e-05, 0.00195972543542, 0.0516470554368, 0.0582233293464, 1.53669493953e-09, 8.66060669992e-07, 5.82991872561e-10, 2.71414224641e-11, 2.93046852447e-07, 1.90294117276e-09, 0.00131222606423, 1.8412714902e-08, 1.3760958835e-05, 2.62801831383e-09, 9.90620393173e-07, 2.31967817968e-08, 4.73006686368e-06, 7.32413351931e-07, 6.7048946917e-12, 3.13217156617e-11, 9.77849931327e-10, 9.15087297277e-07, 2.10626035868e-11, 5.19813899764e-07, 7.96489029322e-12, 2.69903996507e-10, 3.84880890404e-11, 4.29825089987e-12, 1.61531644276e-06, 2.64558118601e-13, 6.46878911946e-14, 1.13045477022e-09, 3.28850255372e-10, 3.51199675086e-08, 3.7652391635e-12, 0.662672556985, 1.24442092188e-34, 1.59323575398e-13, 4.58520180215e-11, 3.24054227487e-11, 3.54385419399e-10, 
