T, K(cr), K(L), KOH(a), KOH(b), KOH(L), K2O2(s), K2O(s), KO2(s), H2O(s), H2O(L), Electron, H, H+, H-, HO2, H2, H2+, H2-, H2O, H2O+, H2O2, H3O+, K, K+, KH, KO, KO-, KOH, KOH+, K2, K2O2H2, O, O+, O-, OH, OH+, OH-, O2, O2+, O2-, O3, 
350.0, 0.0, 0.0, 1.03, 0.0, 0.0, 0.0, 0.0, 0.0, 0.0, 0.18119557129815692, 1.0746606000576843e-46, 1.2219875380647556e-30, 1.9168381804055794e-180, 2.1965235814312228e-66, 1.4732685988162158e-72, 0.8350000000000003, 5.0117327876076588e-176, 1.7702406250521121e-82, 0.58880442870184324, 5.7538836328608633e-136, 1.3621887794855629e-53, 2.2594023147806673e-82, 3.3884157987289072e-30, 1.0746606000582461e-46, 7.780851398159597e-37, 9.6156537557175755e-63, 2.3050883616347978e-79, 5.0182037655427752e-21, 4.3079438004373338e-82, 2.0137812194665746e-55, 9.1759767323867778e-21, 1.2942752726146873e-68, 1.2187462770819967e-218, 5.3235474961343865e-94, 1.1967307977653427e-39, 3.7997121822684762e-179, 3.1643401324332357e-60, 2.111483198375542e-68, 4.8544371004356994e-196, 3.0384748670368342e-108, 4.5338164022474031e-127, 
400.0, 0.0, 0.0, 1.03, 0.0, 0.0, 0.0, 0.0, 0.0, 0.0, 0.0, 3.4179198583927094e-40, 1.5439098298173587e-26, 3.5861000975672133e-158, 2.4619443338092261e-57, 5.0168128674931243e-63, 0.8350000000000003, 1.45224414475243e-154, 1.1509594738400717e-71, 0.77000000000000002, 1.8984221780286243e-119, 7.1516653933018641e-47, 4.7156046703482961e-73, 3.3510573760174078e-25, 3.4179198584019725e-40, 3.0874370690993164e-31, 1.939970855153256e-53, 1.5339593191076065e-67, 2.0456272136639256e-17, 2.8359697385037652e-71, 1.675042324135964e-46, 3.7509306827531392e-17, 2.9109791414666375e-59, 4.2911092262844382e-191, 5.588436251619125e-81, 3.0235695156623939e-34, 7.8494305431964742e-157, 8.2739761186487265e-52, 4.5761893669110265e-59, 2.9000264681919487e-171, 2.2223257841695878e-93, 1.8830204465651915e-110, 
450.0, 0.0, 0.0, 1.0299999999999485, 0.0, 0.0, 0.0, 0.0, 0.0, 0.0, 0.0, 3.8211868352359109e-35, 2.306553984782496e-23, 7.0028180241269334e-141, 2.6936590672824065e-50, 8.3550306090500324e-56, 0.83500000000000019, 6.8967240581229576e-138, 3.0776185776006448e-63, 0.77000000000000002, 1.0457072728897227e-106, 8.036861328863294e-42, 6.7260237179398803e-66, 2.6155188017921198e-21, 3.8211868354735892e-35, 7.405045031762059e-27, 2.814817932561605e-46, 2.1008486974869107e-58, 1.1563703369359106e-14, 6.2441181936877365e-63, 1.6384303715931058e-39, 2.0068121664550743e-14, 4.1564088592396398e-52, 8.3531968864470635e-170, 5.9143743519214976e-71, 3.7919357999545642e-30, 1.351579611980231e-139, 2.3821234931530233e-45, 5.1843236207912634e-52, 3.233932258032332e-152, 5.2326886058956582e-82, 8.1063621623220927e-98, 
500.0, 0.0, 0.0, 1.0299999999925753, 0.0, 0.0, 0.0, 0.0, 0.0, 0.0, 0.0, 4.1394073730439807e-31, 8.0538394885482122e-21, 4.9826121669719816e-127, 1.1195983107361986e-44, 5.0895125198105151e-50, 0.83500000000000008, 1.5713640165228638e-124, 1.6393717688040408e-56, 0.76999999999999991, 1.6927492708335986e-96, 8.9199349182470279e-38, 3.6455088645754232e-60, 3.2460223695505388e-18, 4.1394073764857738e-31, 2.2499596785457031e-23, 1.4620425882044713e-40, 3.9968175066349455e-51, 1.7820461674684683e-12, 2.9653698431662548e-56, 5.8182519592422245e-34, 2.8213688694515757e-12, 2.2476639821436436e-46, 9.5131580710326381e-153, 6.0915660622395852e-63, 7.2951262276887742e-27, 8.7316260015596956e-126, 3.4163870608376969e-40, 2.3417762575974481e-46, 5.9595979945651975e-137, 6.5021773513076203e-73, 1.079323030163449e-87, 
550.0, 0.0, 0.0, 0.0, 1.0299999996527724, 0.0, 0.0, 0.0, 0.0, 0.0, 0.0, 7.8335990784742094e-28, 9.76317057754452e-19, 1.169489221863682e-115, 4.1219366414573226e-40, 2.7917039132673063e-45, 0.83499999999999974, 1.444147817557685e-113, 4.8424590629368721e-51, 0.77000000000000091, 4.1289384237355461e-88, 1.8382389834018923e-34, 1.9198066519783094e-55, 9.6492839085560325e-16, 7.8335991312861415e-28, 1.3892862514344522e-20, 6.1397293269912199e-36, 2.9535624057124981e-45, 9.7237825181348244e-11, 8.238439602868032e-51, 1.5429768574448592e-29, 1.2499462021203255e-10, 1.1211770959189123e-41, 9.4342955126422933e-139, 2.0602521481871393e-56, 3.5836692307440849e-24, 1.8992472935210914e-114, 5.2807741613551292e-36, 1.0125137070167758e-41, 2.0334112535756549e-124, 1.6988951346939639e-65, 2.1420764508831756e-79, 
600.0, 0.0, 0.0, 0.0, 1.0299999923053718, 0.0, 0.0, 0.0, 0.0, 0.0, 0.0, 4.101404473211048e-25, 5.3499726136854735e-17, 3.6812978729309731e-106, 2.52611592321011e-36, 2.514223525971346e-41, 0.83499999999994845, 2.0714388840299359e-104, 1.6772713864691619e-46, 0.77000000000010305, 4.2225801790758263e-81, 1.0712993285450451e-31, 1.7181427874694748e-51, 1.0314511561869319e-13, 4.1014046305401812e-25, 2.7287107769199216e-18, 4.1003507403751488e-32, 2.0547125964370529e-40, 2.5550718804358456e-09, 2.7842274095517445e-46, 6.4502200180282586e-26, 2.56972675128282e-09, 9.3423345077551512e-38, 4.6147846116077848e-127, 5.5029693792628633e-51, 6.3153301194827422e-22, 5.6221952033566997e-105, 1.5730386917863045e-32, 7.516130388082411e-38, 6.0218328612703108e-114, 2.5078145047809049e-59, 1.8084526698766836e-72, 
650.0, 0.0, 0.0, 0.0, 1.0299998967757884, 0.0, 0.0, 0.0, 0.0, 0.0, 0.0, 8.1473973976802687e-23, 1.5910164692479649e-15, 4.1151711813230483e-98, 3.9778660341355133e-33, 5.6354047343240087e-38, 0.83499999999738639, 1.1864665925797009e-96, 1.1408451714375888e-42, 0.77000000000522573, 3.6870505975898051e-75, 2.3622876832725526e-29, 3.8575607176134634e-48, 5.2254568665335662e-12, 8.1473987449088829e-23, 2.3123824616683011e-16, 6.9214599397938542e-29, 2.464468136836415e-36, 3.9798645825885467e-08, 1.89562672577972e-42, 7.0551345907759334e-23, 3.1710170084500025e-08, 1.9622767654428891e-34, 3.7099663599409548e-117, 2.1259310978152412e-46, 5.05297021735988e-20, 5.9744931801865616e-97, 1.3468305862174037e-29, 1.4359277645174798e-34, 4.5249069288333508e-105, 4.1359572510190293e-54, 1.3426673328033947e-66, 
700.0, 0.0, 0.0, 0.0, 0.0, 1.0299991263880524, 0.0, 0.0, 0.0, 0.0, 0.0, 7.390987976913747e-21, 2.9260978577317782e-14, 3.4107300899139265e-91, 2.1076288084004942e-30, 4.2315698933785743e-35, 0.83499999992949647, 5.5278714232247138e-90, 2.114835058889907e-39, 0.77000000014096914, 4.7571214457343212e-70, 2.4264017638103413e-27, 2.9876056478326785e-45, 1.4095937687021411e-10, 7.3909922146142272e-21, 9.6946472268852178e-15, 3.7930877707950044e-26, 6.9561659566733475e-33, 3.9323422474671323e-07, 3.5812790970895833e-39, 2.4668928247870523e-20, 2.4011837704560166e-07, 1.3941907719142856e-31, 1.2061895468751273e-108, 1.757923347615694e-42, 2.1723351873678346e-18, 4.7456853726492318e-90, 4.2355856444845637e-27, 9.4299108198526082e-32, 1.9335688668317028e-97, 1.1914254428792975e-49, 1.4730010622083591e-61, 
750.0, 0.0, 0.0, 0.0, 0.0, 1.0299949619363626, 0.0, 0.0, 0.0, 0.0, 0.0, 3.5509389043729281e-19, 3.662771536505253e-13, 3.5527226472740555e-85, 4.6349730257524086e-28, 1.3237796032216768e-32, 0.83499999886972576, 3.4872865913947468e-84, 1.3752481585163977e-36, 0.77000000225995413, 1.3396173310085721e-65, 1.3520919892272744e-25, 9.9578611762099148e-43, 2.259726594116255e-09, 3.5509448378189982e-19, 2.2779032386798755e-13, 8.3098614038206788e-24, 6.0215158976798691e-30, 2.6544595557984438e-06, 2.4038730466996159e-36, 3.353553365545713e-18, 1.1906720636884903e-06, 4.1580522924362011e-29, 3.0329182127348029e-101, 4.1988491702774869e-39, 5.6784547488600038e-17, 4.7672574425611074e-84, 5.9287273298156443e-25, 2.6325973837283732e-29, 8.3914273532237218e-91, 8.4226229752871714e-46, 3.49447152055353e-57, 
800.0, 0.0, 0.0, 0.0, 0.0, 1.02997669944768, 0.0, 0.0, 0.0, 0.0, 0.0, 1.0466592336862068e-17, 3.3532129656863592e-12, 6.6663093034606247e-80, 5.1325726114656725e-26, 2.0319272581034486e-30, 0.83499998743764403, 4.2118090063884262e-79, 3.9290008298866549e-34, 0.77000002511781984, 1.0643891724140302e-61, 4.5826240189146329e-24, 1.6266613759447451e-40, 2.5114281888769284e-08, 1.0466636609041261e-17, 3.5383503335559612e-12, 9.1404910042389256e-22, 2.1712647904491672e-27, 1.3905288531174218e-05, 7.1534576001439881e-34, 2.3690163793924403e-16, 4.6850729840499035e-06, 6.1211842830023566e-27, 9.2555225470831024e-95, 3.7599269707340831e-36, 9.9030352161116645e-16, 8.6693002947632942e-79, 4.4218682199421438e-23, 3.6646574517246541e-27, 5.5139995258829367e-85, 1.9547772496527953e-42, 2.385662844773246e-53, 
850.0, 0.0, 0.0, 0.0, 0.0, 1.0299100671719692, 0.0, 0.0, 0.0, 0.0, 0.0, 2.0640049315057095e-16, 2.3720922133181826e-11, 3.0454946694105345e-75, 3.2328710039928211e-24, 1.734324172953559e-28, 0.83499989658946439, 1.3025060693356596e-74, 5.7075192971170249e-32, 0.77000020675820668, 2.9801357760195471e-58, 1.0309938066000114e-22, 1.4760581009468834e-38, 2.0671905299274299e-07, 2.0640246184648952e-16, 3.9145939733497015e-11, 5.7063588610246635e-20, 3.8139886952276312e-25, 5.917381100365972e-05, 1.0893925849132953e-31, 9.7885135077301738e-15, 1.5276129404344422e-05, 5.0352671819964604e-25, 4.9658558884590309e-89, 1.5015238541341785e-33, 1.2370906450217447e-14, 3.8535234966650091e-74, 1.9650816482775107e-21, 2.8739733121135279e-25, 7.6417857074920551e-80, 1.8132727888378392e-39, 5.8325440378862508e-50, 
900.0, 0.0, 0.0, 0.0, 0.0, 1.029701363032538, 0.0, 0.0, 0.0, 0.0, 0.0, 2.9128766300524497e-15, 1.3533740892047901e-10, 4.2825556852291959e-71, 1.2733468389924652e-22, 9.0736690634445274e-27, 0.83499933635490697, 1.2932291474130222e-70, 4.7226525972783663e-30, 0.77000132682803712, 3.4955320039679569e-55, 1.6480398687164075e-21, 8.2014909584949484e-37, 1.3265008208596552e-06, 2.912933551312616e-15, 3.2681187007798089e-10, 2.2240771882236295e-18, 3.6856987550551992e-23, 0.00021195672490504315, 9.4932458498609107e-30, 2.5929520359444961e-13, 4.2676707201496816e-05, 2.5491406354355016e-23, 6.2506011745655368e-84, 3.0607266383972639e-31, 1.1699399241775615e-13, 5.2892735793579626e-70, 5.6757068498857269e-20, 1.3964595157178477e-23, 2.8911741694515063e-75, 7.8345790228590157e-37, 6.0542689980158742e-47, 
950.0, 0.0, 0.0, 0.0, 0.0, 1.0292425224900152, 0.0, 0.0, 0.0, 0.21700599380383842, 0.0, 3.0535264742398079e-14, 5.990810551720817e-10, 1.8230878964309775e-67, 3.5764971398600679e-21, 1.5073697870303243e-25, 0.8349961281097581, 4.3314818329349703e-67, 2.7701778816119766e-28, 0.55300174678270186, 1.2427666235473885e-52, 1.0186842889869772e-20, 2.0451156948430827e-35, 7.7379785025288344e-06, 3.0536137500536469e-14, 2.5948635210255487e-09, 4.6925241375898545e-17, 1.9738081965892109e-21, 0.00056836209667644798, 3.929404277302257e-28, 6.8640142315032132e-12, 9.0687413092040291e-05, 5.3243842428540965e-22, 1.2653504234541702e-79, 2.504028771873922e-29, 5.8445957699552837e-13, 1.5825984089438259e-66, 8.672078331439808e-19, 2.0216781925139152e-22, 1.4352382608528541e-71, 9.0315448534022865e-35, 9.7786263606671763e-45, 
1000.0, 0.0, 0.0, 0.0, 0.0, 1.0279309982733218, 0.0, 0.0, 0.0, 0.76070395241989164, 0.0, 1.0169547064012679e-12, 1.9077016581873936e-09, 4.8879889111952214e-65, 3.4523696865595401e-19, 9.712607921060907e-28, 0.8345625023816392, 1.12179529665277e-64, 6.2218037762892568e-26, 0.010170576834378751, 1.0589580620167061e-52, 3.2333725172417042e-23, 1.9107405293986365e-36, 0.00087386442329911854, 1.0169564849327328e-12, 4.6407475069940344e-07, 4.1869099780965376e-16, 2.3404435909264071e-19, 0.000950601920369578, 1.3426540975138044e-27, 1.0037762758581336e-07, 0.00012193527599327316, 1.4177244387984261e-22, 2.8566195825794785e-78, 1.3093073301608971e-28, 5.1423672605415781e-14, 7.6578997892211933e-66, 1.1992500762621974e-18, 9.603531336074051e-25, 2.2685537983463635e-72, 1.5962129412701464e-35, 1.012548586622178e-47, 
1050.0, 1.0295241749696997, 0.0, 0.0, 0.0, 0.0, 0.0, 0.0, 0.0, 1.799951057915399, 0.0, 1.6207677588290757e-12, 2.5975328688113923e-09, 3.27594489833897e-62, 1.1547146446426314e-18, 8.8931043601297413e-31, 0.32000180945285295, 5.8604264815610476e-62, 3.5952248548184312e-25, 4.5015038526785842e-05, 1.3441267544385621e-52, 1.2554555052903585e-26, 2.6399686991495943e-37, 0.00047148094555150703, 1.6207689568035551e-12, 3.0554283588375054e-07, 9.7627657095092869e-18, 6.3571032498935059e-21, 3.9234301905942783e-06, 9.4315095041303885e-29, 5.574710949053883e-08, 1.8079413311788761e-09, 1.0905391944466328e-23, 1.0883651035239431e-76, 1.6703141184779336e-29, 1.1671048608098358e-15, 5.8207021985208105e-65, 3.6902372208508484e-20, 8.2982457530313243e-28, 4.1645937161946008e-73, 4.0798301773724093e-38, 9.4809367569092066e-52, 
1100.0, 1.0298694432358222, 0.0, 0.0, 0.0, 0.0, 0.0, 0.0, 0.0, 1.7999998201167131, 0.0, 2.6865528382876166e-12, 8.2751378376513943e-09, 6.5439092738328222e-59, 3.7208402758003448e-18, 1.9093420745313582e-34, 0.31999994691816991, 9.2812575861005443e-59, 1.8944322265219159e-24, 1.7695711059612267e-07, 2.0279346691906971e-52, 1.2293219658397636e-30, 5.2742576759888154e-38, 0.00013044667367325953, 2.6865565595217627e-12, 1.0081469950826131e-07, 3.5313263206052331e-20, 1.1803308704746262e-23, 2.9261758077525425e-09, 2.0708364520090901e-30, 3.1734711711646499e-09, 3.6715642019393474e-16, 5.8214953232986544e-25, 3.6636179914559598e-75, 6.3103056427879355e-31, 2.0405513096348673e-17, 4.4975330019908665e-64, 3.8017247273533497e-22, 1.6999790373255294e-31, 2.4918196280241481e-74, 1.0013097024916182e-41, 5.8614354970382895e-57, 
1150.0, 1.0299731805745775, 0.0, 0.0, 0.0, 0.0, 0.0, 0.0, 0.0, 1.799999999798388, 0.0, 3.4825098964474453e-12, 2.3876452004935896e-08, 8.3226104949610616e-56, 8.8140107834296449e-18, 2.7330659113992897e-39, 0.31999997590290541, 9.5417464845688985e-56, 7.0283036257602777e-24, 2.0112726820276599e-10, 6.4910806530023072e-53, 8.5893065510632952e-36, 2.6633316295632846e-39, 2.6794899379767656e-05, 3.4825187104661075e-12, 2.4318222836559303e-08, 2.4730232216979201e-23, 3.6531764952482074e-27, 4.8471792351192903e-13, 9.2624546354226305e-33, 1.0192663290953894e-10, 4.013641574855527e-24, 7.1823785592016879e-27, 2.0026352389071703e-74, 4.613314778616973e-33, 9.0717122630287944e-20, 6.4052019124047343e-64, 8.4719849713548521e-25, 2.3333400515262239e-36, 7.503385398475958e-77, 1.3173676832505865e-46, 5.8914446315603678e-64, 
1200.0, 1.0299959716064755, 0.0, 0.0, 0.0, 0.0, 0.0, 0.0, 0.0, 1.7999999999999441, 0.0, 3.544788283183016e-12, 6.3149631992094544e-08, 7.3149183032492572e-53, 1.5537375401581092e-17, 1.9255020205725898e-45, 0.31999996630894179, 6.8973377458355382e-53, 1.8690251955716812e-23, 5.6004117484810573e-14, 3.9840548769660574e-54, 3.1355394230837024e-42, 3.0070090759124729e-41, 4.0241539208148559e-06, 3.5448038205771079e-12, 4.2324850713205458e-09, 2.8339778140972422e-27, 1.5815772288744321e-31, 1.4819940532061971e-17, 7.2757114589955274e-36, 1.7869749468957855e-12, 1.6143474359181896e-33, 1.7833813724575341e-29, 1.6602017415869779e-74, 5.6621575017744627e-36, 8.8268020640732857e-23, 1.5460864807506734e-64, 3.4951628869262396e-28, 1.5826004218593967e-42, 8.919974565230292e-81, 6.865744298868042e-53, 6.148423604639736e-73, 
1250.0, 1.0299995645021993, 0.0, 0.0, 0.0, 0.0, 0.0, 0.0, 0.0, 1.8, 0.0, 2.8394504334419446e-12, 1.5468495482992921e-07, 4.7685188827227596e-50, 2.0562783705223127e-17, 4.7972578306367433e-53, 0.31999992239548442, 3.7550670884996511e-50, 3.6107686817435548e-23, 3.2004630682886506e-18, 4.1537617414942455e-56, 4.2666792707195531e-50, 6.6026256516851231e-44, 4.3497085125862536e-07, 2.8394709962617575e-12, 5.2407696681582857e-10, 4.4295826745273831e-32, 7.9223313775503738e-37, 6.8715317564050666e-23, 8.5186605743072859e-40, 1.6531113699627643e-14, 1.5983442985182679e-44, 7.6413437707745989e-33, 1.9012800250115015e-75, 9.9565210041221829e-40, 1.5958469189569121e-26, 5.685993399820242e-66, 2.2518910102567782e-32, 3.8087641094637219e-50, 3.1710620327242465e-86, 1.0178336750254839e-60, 4.0815195244297386e-84, 
1300.0, 1.0299999666626594, 0.0, 0.0, 0.0, 0.0, 0.0, 0.0, 0.0, 1.8, 0.0, 1.7906003101686498e-12, 3.5400612839055372e-07, 2.4516786790438272e-47, 2.0552861547965899e-17, 2.9564819987401444e-62, 0.3199998229741961, 1.6344664999702026e-47, 5.1174620285863534e-23, 3.1080893370820473e-23, 6.3962251158475597e-59, 1.504694325167192e-59, 2.4137070106490555e-47, 3.3290070044499701e-08, 1.7906208630813725e-12, 4.5480157476651436e-11, 7.7629653061129648e-38, 3.7442094982344047e-43, 3.9237939130435227e-29, 1.2428480906191092e-44, 7.7933066906795168e-17, 2.5490713632114204e-57, 4.7719839742443689e-37, 2.6779662869052139e-77, 2.1067990825714131e-44, 4.4898923526203519e-31, 2.8049321463635871e-68, 1.8844032856165321e-37, 2.2740263788583539e-59, 2.4698895387205776e-93, 2.9962530327665018e-70, 1.013322745135613e-97, 
1350.0, 1.0299999982225949, 0.0, 0.0, 0.0, 0.0, 0.0, 0.0, 0.0, 1.8, 0.0, 8.8796511928064738e-13, 7.6262895058614076e-07, 1.0491653444445569e-44, 1.5570597507491054e-17, 3.0708170834635602e-73, 0.31999961868416354, 5.9939042799325094e-45, 5.3573004821118304e-23, 4.1979340343280607e-29, 1.2430069470724472e-62, 9.3219951131228345e-71, 1.2387495702426328e-51, 1.7737941009665773e-09, 8.8798068993172805e-13, 2.7229052279074157e-12, 1.237084065892122e-44, 1.3427150781639361e-50, 2.2145533712736506e-36, 1.8616329572751587e-50, 1.8067800681332034e-19, 4.1899483683368765e-72, 3.615434238104771e-42, 4.0450510464073275e-80, 4.4375031602545592e-50, 1.6245352989362083e-36, 1.6028937050570118e-71, 1.679955866271598e-43, 2.2940821518150912e-70, 2.9919097132105766e-102, 1.1895035164957009e-81, 5.3145113543551192e-114, 
1400.0, 1.0299999999348775, 0.0, 0.0, 0.0, 0.0, 0.0, 0.0, 0.0, 1.8, 0.0, 3.454481210396393e-13, 1.5564968635714423e-06, 3.9193389727072937e-42, 8.9554105276051285e-18, 3.5695535749264706e-86, 0.31999922175151324, 1.9397924166276836e-42, 4.1608705358790613e-23, 6.378958570043663e-36, 2.5626419719009654e-67, 6.7070596779345157e-84, 7.4177365983374632e-57, 6.4666661658613275e-11, 3.4545707649177571e-13, 1.1063728769785097e-13, 1.434613644420719e-52, 2.8988930495682876e-59, 9.7987175196262212e-45, 2.3258214514803855e-57, 1.9864376834195216e-22, 4.440400089747896e-89, 2.7275747994046631e-48, 5.6044851200432371e-84, 7.5842749419079292e-57, 6.1659666619156435e-43, 9.0014913915490361e-76, 1.2913360569008253e-50, 2.5958238076334955e-83, 3.882374452995196e-113, 4.2111684302153556e-95, 3.1978974742054386e-133, 
1450.0, 1.0299999999983076, 0.0, 0.0, 0.0, 0.0, 0.0, 0.0, 0.0, 1.8, 0.0, 1.0506385870385811e-13, 3.0263897666592185e-06, 1.3335755253883612e-39, 3.9103092175159024e-18, 3.006557531030535e-101, 0.31999848680511556, 5.7740797153848992e-40, 2.4032876900652769e-23, 8.7196269423782458e-44, 4.6390103830894316e-73, 3.6147001186946071e-99, 4.2476211438822201e-63, 1.584616430943336e-12, 1.050677690371085e-13, 2.9996359994878789e-15, 9.5646890864181263e-62, 2.9505147219051753e-69, 2.6646772577890382e-54, 1.9423694397346502e-65, 9.9814979819722796e-26, 1.8554970981719966e-108, 1.6590341311088956e-55, 5.9841021292298199e-89, 8.4545782115157575e-65, 1.977137598385735e-50, 4.1440896894723872e-81, 6.8364694932244125e-59, 2.1325286573774187e-98, 3.6112187810902861e-126, 8.5649572910569434e-111, 0.0, 
1500.0, 1.0299999999999496, 0.0, 0.0, 0.0, 0.0, 0.0, 0.0, 0.0, 1.8, 0.0, 2.4872234561191755e-14, 5.6329052244117209e-06, 4.2937647646126408e-37, 1.2944670517893604e-18, 1.1588748607431305e-118, 0.31999718354738815, 1.6408085954110027e-37, 1.0330438037447329e-23, 8.4743523533872195e-53, 6.0131336081944043e-80, 9.1855437041127741e-117, 1.8807295308272715e-70, 2.5630885062486542e-14, 2.487352903857398e-14, 5.3330596591797381e-17, 2.859756123732932e-72, 1.0944124278700908e-80, 3.45090812653917e-65, 8.5757696114198144e-75, 2.20808742910967e-29, 1.8277152657446597e-130, 6.5004957993474451e-64, 4.0678556558764414e-95, 4.8740326993920857e-74, 4.2596276641047065e-59, 1.2841875545290286e-87, 1.9658144294372899e-68, 8.0313127036972263e-116, 1.5668653146739329e-141, 6.2845238825267049e-129, 0.0, 
1550.0, 1.0299999999999951, 0.0, 0.0, 0.0, 0.0, 0.0, 0.0, 0.0, 1.8, 0.0, 4.5598436923138336e-15, 1.0078407369112793e-05, 1.3542174088800678e-34, 3.2407060470287668e-19, 1.2597118886077591e-138, 0.31999496079631573, 4.6039706096516738e-35, 3.3023259901291369e-24, 4.5748601096561099e-63, 4.4866718703322715e-88, 6.7628686515551542e-137, 5.1380959385953078e-79, 2.6865998508028904e-16, 4.5601677662208622e-15, 6.1080462185979647e-19, 2.9539627480967673e-84, 1.1292495231133864e-93, 1.6300621180332717e-77, 1.5627335746262443e-85, 2.0706293918418483e-33, 2.4801905570124256e-155, 1.2941058764572439e-73, 1.4313877230454549e-102, 1.1369661350144648e-84, 4.8436060074478288e-69, 2.1662355797216266e-95, 2.3909336930630684e-79, 8.5432498262233194e-136, 2.0085437374069582e-159, 1.0187623992264519e-149, 0.0, 
1600.0, 1.0299999999999994, 0.0, 0.0, 0.0, 0.0, 0.0, 0.0, 0.0, 1.8, 0.0, 6.4367606452364107e-16, 1.7397929468636785e-05, 4.3177767486048515e-32, 6.1144025424797813e-20, 0.0, 0.31999130103526602, 1.3154709070819281e-32, 7.8359240470259785e-25, 1.059494299742378e-74, 1.5278961886992311e-97, 0.0, 6.8226224589332004e-89, 1.7911856353464347e-18, 6.4373720933265828e-16, 4.4257108368400707e-21, 8.0211994484177439e-98, 2.4435520508621362e-108, 2.1261096803289066e-91, 9.0599745856971762e-98, 7.922540593072725e-38, 0.0, 1.0193376901528251e-84, 2.087724273228477e-111, 8.2883220831799726e-97, 2.2557090166030509e-80, 1.5853339532979403e-104, 9.4604377778601305e-92, 1.5436289468154786e-158, 4.6921840933640135e-180, 0.0, 0.0, 
1650.0, 1.03, 0.0, 0.0, 0.0, 0.0, 0.0, 0.0, 0.0, 1.8, 0.0, 6.9525275718782477e-17, 2.9070424518470294e-05, 1.4325983451215033e-29, 8.6571870066463643e-21, 0.0, 0.31998546478774098, 3.9372670806854865e-30, 1.3761708884619715e-25, 8.0361437021049316e-88, 1.8576086103151702e-108, 0.0, 3.4248243054973154e-100, 7.4539174081572454e-21, 6.9533933043387939e-17, 1.9917554601455804e-23, 4.3040321442173929e-113, 8.2571276331159485e-125, 5.7303011147667605e-107, 1.2720900887262054e-111, 1.1900911897857317e-42, 0.0, 2.4431042080391198e-97, 9.9595536162196654e-122, 1.4397906759346544e-110, 3.2984666903678427e-93, 3.9555542547860761e-115, 9.2523097819663639e-106, 2.7812528929210739e-184, 1.2007189097189201e-203, 0.0, 0.0, 
1700.0, 1.03, 0.0, 0.0, 0.0, 0.0, 0.0, 0.0, 0.0, 1.8, 0.0, 5.7075928282015269e-18, 4.7151025411031674e-05, 5.0803728964784616e-27, 9.1526777366275794e-22, 0.0, 0.3199764244872948, 1.2671842733992268e-27, 1.7821133791625093e-26, 1.5066131405434915e-102, 6.2248248839024408e-121, 0.0, 4.9922307240706982e-113, 1.8996165902170849e-23, 5.7085081074487664e-18, 5.4648271660996505e-26, 3.3892890947971485e-130, 3.2053541795700883e-143, 2.3607963156653887e-124, 3.2524054662758537e-127, 6.7517040966825289e-48, 0.0, 1.3533808907788162e-111, 1.2089794725004267e-133, 4.4878715277054422e-126, 1.1472001525851177e-107, 2.6082150501683554e-127, 1.6787502084405589e-121, 2.8644530222351358e-213, 1.9722298262555057e-230, 0.0, 0.0, 
1750.0, 1.03, 0.0, 0.0, 0.0, 0.0, 0.0, 0.0, 0.0, 1.8, 0.0, 3.5359502889049388e-19, 7.4424154871999981e-05, 1.9740891641516497e-24, 7.185392403243247e-23, 0.0, 0.31996278792256427, 4.4935363869827525e-25, 1.6940601525645206e-27, 5.2088336905827049e-119, 4.3814500096798314e-135, 0.0, 1.6031865508194446e-127, 2.9083691752676252e-26, 3.5366446106578696e-19, 8.9708068863851664e-29, 2.8742542384281341e-149, 0.0, 1.0871633166797587e-143, 1.1246542071107667e-144, 1.3913276711818956e-53, 0.0, 1.3002191640327452e-127, 2.8653409208737329e-147, 1.8667979981736902e-143, 7.1034395211724789e-124, 3.4760902970683906e-141, 4.1907462617571015e-139, 9.4398712790166705e-246, 1.188250833642394e-260, 0.0, 0.0, 
1800.0, 1.0300000000000002, 0.0, 0.0, 0.0, 0.0, 0.0, 0.0, 0.0, 1.8000000000000003, 0.0, 1.6919892549442749e-20, 0.00011457647269516062, 8.3424003836870881e-22, 4.2931573968800633e-24, 0.0, 0.31994271176365269, 1.7417903360266255e-22, 1.212719322059214e-28, 2.4493495021811959e-137, 4.726857415958922e-151, 0.0, 8.2437548550416865e-144, 2.6238742485317603e-29, 1.5915766756140202e-20, 8.6447507961332181e-32, 0.0, 0.0, 4.045248970684968e-165, 3.7427631884756674e-164, 1.0014026051111144e-59, 0.0, 0.0, 9.7340328004615902e-163, 0.0, 0.0, 6.8545949465425015e-157, 0.0, 5.4422530762643716e-282, 0.0, 0.0, 0.0, 
1850.0, 1.03, 0.0, 0.0, 0.0, 0.0, 0.0, 0.0, 0.0, 1.8, 0.0, 1.7034805805144845e-20, 0.00017238781942313633, 1.4274783103246705e-20, 5.3243699967416086e-24, 0.0, 0.31991380609028874, 2.7465416531742708e-21, 1.7845931295893753e-28, 0.0, 2.1156619522527079e-170, 0.0, 1.8307551924134558e-163, 1.3680586466684617e-32, 1.8805597179927426e-23, 4.7976064323461882e-35, 0.0, 0.0, 0.0, 3.1658419815530639e-187, 2.4202363404493849e-66, 0.0, 0.0, 1.2899612066494614e-181, 0.0, 0.0, 5.4288526387941254e-176, 0.0, 6.9514344065808863e-301, 0.0, 0.0, 0.0, 
1900.0, 1.03, 0.0, 0.0, 0.0, 0.0, 0.0, 0.0, 0.0, 1.8, 0.0, 6.5238255999689433e-20, 0.00025393756042414142, 5.5398176340063632e-20, 2.4807072569153553e-23, 0.0, 0.31987303121978822, 9.8648845342910172e-21, 9.7778772421364496e-28, 0.0, 1.5820882805037044e-192, 0.0, 7.0487009947683987e-186, 4.0425005326709807e-36, 3.1756917091993514e-27, 1.5040965761049987e-38, 0.0, 0.0, 0.0, 2.6755001683375485e-213, 1.8880726054132995e-73, 0.0, 0.0, 2.6985354507975719e-203, 0.0, 0.0, 6.9722038721862165e-198, 0.0, 6.9523199300527325e-301, 0.0, 0.0, 0.0, 
1950.0, 1.03, 0.0, 0.0, 0.0, 0.0, 0.0, 0.0, 0.0, 1.8, 0.0, 2.3366144196377772e-19, 0.00036682309097147981, 2.0057991930032958e-19, 1.0686004623770437e-22, 0.0, 0.31981658845451455, 3.3188387621692187e-20, 4.9123129993644391e-27, 0.0, 5.7805973774313287e-217, 0.0, 1.3720376460013936e-210, 6.6383067928635956e-40, 3.066486703328662e-31, 2.6126624294979953e-42, 0.0, 0.0, 0.0, 6.4514874285568983e-242, 4.569589756384001e-81, 0.0, 0.0, 2.6175225028437304e-227, 0.0, 0.0, 4.2560990469386052e-222, 0.0, 6.9535457191932552e-301, 0.0, 0.0, 0.0, 
2000.0, 1.03, 0.0, 0.0, 0.0, 0.0, 0.0, 0.0, 0.0, 1.8, 0.0, 7.8618252291811478e-19, 0.00052038675815911249, 6.8145592271442274e-19, 4.2785631012952986e-22, 0.0, 0.31973980662092077, 1.0515447927714231e-19, 2.2763320588742633e-26, 0.0, 7.2964385679948164e-244, 0.0, 9.5218073182189517e-238, 5.9398042314025845e-44, 1.6574854083333272e-35, 2.4659297540263153e-46, 0.0, 0.0, 0.0, 3.0655915775927748e-273, 3.2973855933757611e-89, 0.0, 0.0, 8.356280724797383e-254, 0.0, 0.0, 8.7492540722721388e-249, 0.0, 6.9552132196665658e-301, 0.0, 0.0, 0.0, 
2050.0, 1.03, 0.0, 0.0, 0.0, 0.0, 0.0, 0.0, 0.0, 0.0, 1.8, 2.4961767551742812e-18, 0.00072594710315189914, 2.1826210177578807e-18, 1.6007591568327078e-21, 0.0, 0.31963702644842434, 3.1515659443888971e-19, 9.7865656179767688e-26, 0.0, 0.0, 0.0, 0.0, 2.8393039333765676e-48, 4.9072700784063102e-40, 1.2401161477667629e-50, 0.0, 0.0, 0.0, 6.9574453360183478e-301, 6.8169371122316735e-98, 0.0, 0.0, 0.0, 0.0, 0.0, 0.0, 0.0, 6.9574453360183478e-301, 0.0, 0.0, 0.0, 
2100.0, 1.03, 0.0, 0.0, 0.0, 0.0, 0.0, 0.0, 0.0, 0.0, 1.8, 7.509716676548132e-18, 0.00099703012908628364, 6.6183105800875156e-18, 5.623205128680749e-21, 0.0, 0.31950148493545716, 8.97029694021073e-19, 3.9243177961929498e-25, 0.0, 0.0, 0.0, 0.0, 7.1083558204431972e-53, 7.7882903082013637e-45, 3.2582793429728017e-55, 0.0, 0.0, 0.0, 0.0, 3.8796336144815553e-107, 0.0, 0.0, 0.0, 0.0, 0.0, 0.0, 0.0, 6.9603889429426338e-301, 0.0, 0.0, 0.0, 
2150.0, 1.03, 0.0, 0.0, 0.0, 0.0, 0.0, 0.0, 0.0, 0.0, 1.8000000000000003, 0.0, 0.0013495962457965201, 0.0, 0.0, 0.0, 0.31932520187710195, 0.0, 0.0, 0.0, 0.0, 0.0, 0.0, 9.1372359826437806e-58, 0.0, 4.3851864447412295e-60, 0.0, 0.0, 0.0, 0.0, 5.8397625588463546e-117, 0.0, 0.0, 0.0, 0.0, 0.0, 0.0, 0.0, 6.9642173496045338e-301, 0.0, 0.0, 0.0, 
2200.0, 1.03, 0.0, 0.0, 0.0, 0.0, 0.0, 0.0, 0.0, 0.0, 1.8000000000000003, 0.0, 0.0018022586120545561, 0.0, 0.0, 0.0, 0.31909887069397291, 0.0, 0.0, 0.0, 0.0, 0.0, 0.0, 5.9115426661503895e-63, 0.0, 2.9639027080461251e-65, 0.0, 0.0, 0.0, 0.0, 2.2335420923725697e-127, 0.0, 0.0, 0.0, 0.0, 0.0, 0.0, 0.0, 6.9691326705512692e-301, 0.0, 0.0, 0.0, 
2250.0, 1.03, 0.0, 0.0, 0.0, 0.0, 0.0, 0.0, 0.0, 0.0, 1.8000000000000003, 0.0, 0.0023764887590981137, 0.0, 0.0, 0.0, 0.31881175562045122, 0.0, 0.0, 0.0, 0.0, 0.0, 0.0, 1.8869584949332425e-68, 0.0, 9.862659114061374e-71, 0.0, 0.0, 0.0, 0.0, 2.0852237829835596e-138, 0.0, 0.0, 0.0, 0.0, 0.0, 0.0, 0.0, 6.9753680585145831e-301, 0.0, 0.0, 0.0, 
2300.0, 1.03, 0.0, 0.0, 0.0, 0.0, 0.0, 0.0, 0.0, 0.0, 1.8000000000000003, 0.0, 0.0030968055959625525, 0.0, 0.0, 0.0, 0.31845159720201899, 0.0, 0.0, 0.0, 0.0, 0.0, 0.0, 2.9128626940119616e-74, 0.0, 1.5839250958220845e-76, 0.0, 0.0, 0.0, 0.0, 0.0, 0.0, 0.0, 0.0, 0.0, 0.0, 0.0, 0.0, 6.9831897567613229e-301, 0.0, 0.0, 0.0, 
2350.0, 1.03, 0.0, 0.0, 0.0, 0.0, 0.0, 0.0, 0.0, 0.0, 1.8000000000000003, 0.0, 0.0039909441195299187, 0.0, 0.0, 0.0, 0.31800452794023526, 0.0, 0.0, 0.0, 0.0, 0.0, 0.0, 2.1314815809060846e-80, 0.0, 1.2034348273262739e-82, 0.0, 0.0, 0.0, 0.0, 0.0, 0.0, 0.0, 0.0, 0.0, 0.0, 0.0, 0.0, 6.9928989310638067e-301, 0.0, 0.0, 0.0, 
2400.0, 1.03, 0.0, 0.0, 0.0, 0.0, 0.0, 0.0, 0.0, 0.0, 1.8000000000000003, 0.0, 0.0050900003210275178, 0.0, 0.0, 0.0, 0.31745499983948655, 0.0, 0.0, 0.0, 0.0, 0.0, 0.0, 7.2467536690474002e-87, 0.0, 4.2401084522119578e-89, 0.0, 0.0, 0.0, 0.0, 0.0, 0.0, 0.0, 0.0, 0.0, 0.0, 0.0, 0.0, 7.0048332431947621e-301, 0.0, 0.0, 0.0, 
2450.0, 1.03, 0.0, 0.0, 0.0, 0.0, 0.0, 0.0, 0.0, 0.0, 1.8000000000000003, 0.0, 0.006428548828001434, 0.0, 0.0, 0.0, 0.31678572558599954, 0.0, 0.0, 0.0, 0.0, 0.0, 0.0, 1.1219982907995664e-93, 0.0, 6.7904872713048414e-96, 0.0, 0.0, 0.0, 0.0, 0.0, 0.0, 0.0, 0.0, 0.0, 0.0, 0.0, 0.0, 7.019368128365223e-301, 0.0, 0.0, 0.0, 
2500.0, 1.03, 0.0, 0.0, 0.0, 0.0, 0.0, 0.0, 0.0, 0.0, 1.8000000000000003, 0.0, 0.008044729663182492, 0.0, 0.0, 0.0, 0.31597763516840893, 0.0, 0.0, 0.0, 0.0, 0.0, 0.0, 7.7536327825191978e-101, 0.0, 4.8448802677227201e-103, 0.0, 0.0, 0.0, 0.0, 0.0, 0.0, 0.0, 0.0, 0.0, 0.0, 0.0, 0.0, 7.0369177373122795e-301, 0.0, 0.0, 0.0, 
2550.0, 1.03, 0.0, 0.0, 0.0, 0.0, 0.0, 0.0, 0.0, 0.0, 1.8000000000000003, 0.0, 0.0099803000540255437, 0.0, 0.0, 0.0, 0.31500984997298753, 0.0, 0.0, 0.0, 0.0, 0.0, 0.0, 2.3439708908954356e-108, 0.0, 1.5093795994901525e-110, 0.0, 0.0, 0.0, 0.0, 0.0, 0.0, 0.0, 0.0, 0.0, 0.0, 0.0, 0.0, 7.0579354988828745e-301, 0.0, 0.0, 0.0, 
2600.0, 1.03, 0.0, 0.0, 0.0, 0.0, 0.0, 0.0, 0.0, 0.0, 1.8000000000000003, 0.0, 0.012280646371674944, 0.0, 0.0, 0.0, 0.31385967681416277, 0.0, 0.0, 0.0, 0.0, 0.0, 0.0, 3.0380547452419995e-116, 0.0, 2.0123803506209395e-118, 0.0, 0.0, 0.0, 0.0, 0.0, 0.0, 0.0, 0.0, 0.0, 0.0, 0.0, 0.0, 7.0829142496753382e-301, 0.0, 0.0, 0.0, 
2650.0, 1.03, 0.0, 0.0, 0.0, 0.0, 0.0, 0.0, 0.0, 0.0, 1.8000000000000003, 0.0, 0.014994749920029771, 0.0, 0.0, 0.0, 0.31250262503998538, 0.0, 0.0, 0.0, 0.0, 0.0, 0.0, 1.6545932732320297e-124, 0.0, 1.1253022739617654e-126, 0.0, 0.0, 0.0, 0.0, 0.0, 0.0, 0.0, 0.0, 0.0, 0.0, 0.0, 0.0, 7.1123858625534299e-301, 0.0, 0.0, 0.0, 
2700.0, 1.03, 0.0, 0.0, 0.0, 0.0, 0.0, 0.0, 0.0, 0.0, 1.8000000000000003, 0.0, 0.018175098286531008, 0.0, 0.0, 0.0, 0.3109124508567348, 0.0, 0.0, 0.0, 0.0, 0.0, 0.0, 3.7109829581945e-133, 0.0, 2.5865236785911795e-135, 0.0, 0.0, 0.0, 0.0, 0.0, 0.0, 0.0, 0.0, 0.0, 0.0, 0.0, 0.0, 7.1469202840318652e-301, 0.0, 0.0, 0.0, 
2750.0, 1.03, 0.0, 0.0, 0.0, 0.0, 0.0, 0.0, 0.0, 0.0, 1.8000000000000003, 0.0, 0.021877531237669973, 0.0, 0.0, 0.0, 0.30906123438116528, 0.0, 0.0, 0.0, 0.0, 0.0, 0.0, 3.3591752965082665e-142, 0.0, 0.0, 0.0, 0.0, 0.0, 0.0, 0.0, 0.0, 0.0, 0.0, 0.0, 0.0, 0.0, 0.0, 7.1871238609032015e-301, 0.0, 0.0, 0.0, 
2800.0, 1.03, 0.0, 0.0, 0.0, 0.0, 0.0, 0.0, 0.0, 0.0, 1.8000000000000003, 0.0, 0.026161006518106565, 0.0, 0.0, 0.0, 0.30691949674094698, 0.0, 0.0, 0.0, 0.0, 0.0, 0.0, 1.2027092908701104e-151, 0.0, 0.0, 0.0, 0.0, 0.0, 0.0, 0.0, 0.0, 0.0, 0.0, 0.0, 0.0, 0.0, 0.0, 7.2336367971227567e-301, 0.0, 0.0, 0.0, 
2850.0, 1.03, 0.0, 0.0, 0.0, 0.0, 0.0, 0.0, 0.0, 0.0, 1.8000000000000003, 0.0, 0.031087266421450637, 0.0, 0.0, 0.0, 0.30445636678927501, 0.0, 0.0, 0.0, 0.0, 0.0, 0.0, 1.669189212766141e-161, 0.0, 0.0, 0.0, 0.0, 0.0, 0.0, 0.0, 0.0, 0.0, 0.0, 0.0, 0.0, 0.0, 0.0, 7.2871295332035988e-301, 0.0, 0.0, 0.0, 
2900.0, 1.03, 0.0, 0.0, 0.0, 0.0, 0.0, 0.0, 0.0, 0.0, 1.8000000000000003, 0.0, 0.036720380584126786, 0.0, 0.0, 0.0, 0.30163980970793686, 0.0, 0.0, 0.0, 0.0, 0.0, 0.0, 8.8002328623098645e-172, 0.0, 0.0, 0.0, 0.0, 0.0, 0.0, 0.0, 0.0, 0.0, 0.0, 0.0, 0.0, 0.0, 0.0, 7.3482977815562117e-301, 0.0, 0.0, 0.0, 
2950.0, 1.03, 0.0, 0.0, 0.0, 0.0, 0.0, 0.0, 0.0, 0.0, 1.8000000000000003, 0.0, 0.04312613429479939, 0.0, 0.0, 0.0, 0.29843693285260048, 0.0, 0.0, 0.0, 0.0, 0.0, 0.0, 1.7272177701657911e-182, 0.0, 0.0, 0.0, 0.0, 0.0, 0.0, 0.0, 0.0, 0.0, 0.0, 0.0, 0.0, 0.0, 0.0, 7.4178558843293245e-301, 0.0, 0.0, 0.0, 
3000.0, 1.03, 0.0, 0.0, 0.0, 0.0, 0.0, 0.0, 0.0, 0.0, 1.8000000000000003, 0.0, 0.050371225033004133, 0.0, 0.0, 0.0, 0.29481438748349809, 0.0, 0.0, 0.0, 0.0, 0.0, 0.0, 1.2367400302251182e-193, 0.0, 0.0, 0.0, 0.0, 0.0, 0.0, 0.0, 0.0, 0.0, 0.0, 0.0, 0.0, 0.0, 0.0, 7.4965280888708338e-301, 0.0, 0.0, 0.0, 
3050.0, 1.03, 0.0, 0.0, 0.0, 0.0, 0.0, 0.0, 0.0, 0.0, 1.8000000000000003, 0.0, 0.058522223611025062, 0.0, 0.0, 0.0, 0.29073888819448779, 0.0, 0.0, 0.0, 0.0, 0.0, 0.0, 3.1658837697867133e-205, 0.0, 0.0, 0.0, 0.0, 0.0, 0.0, 0.0, 0.0, 0.0, 0.0, 0.0, 0.0, 0.0, 0.0, 7.5850372670880454e-301, 0.0, 0.0, 0.0, 
3100.0, 1.03, 0.0, 0.0, 0.0, 0.0, 0.0, 0.0, 0.0, 0.0, 1.8000000000000003, 0.0, 0.067644251082455434, 0.0, 0.0, 0.0, 0.28617787445877246, 0.0, 0.0, 0.0, 0.0, 0.0, 0.0, 2.8391976354906492e-217, 0.0, 0.0, 0.0, 0.0, 0.0, 0.0, 0.0, 0.0, 0.0, 0.0, 0.0, 0.0, 0.0, 0.0, 7.6840905484060205e-301, 0.0, 0.0, 0.0, 
3150.0, 1.03, 0.0, 0.0, 0.0, 0.0, 0.0, 0.0, 0.0, 0.0, 1.8000000000000003, 0.0, 0.077799320528000065, 0.0, 0.0, 0.0, 0.28110033973600029, 0.0, 0.0, 0.0, 0.0, 0.0, 0.0, 8.7411875337492014e-230, 0.0, 0.0, 0.0, 0.0, 0.0, 0.0, 0.0, 0.0, 0.0, 0.0, 0.0, 0.0, 0.0, 0.0, 7.7943613137313296e-301, 0.0, 0.0, 0.0, 
3200.0, 1.03, 0.0, 0.0, 0.0, 0.0, 0.0, 0.0, 0.0, 0.0, 1.8000000000000003, 0.0, 0.089044295285818587, 0.0, 0.0, 0.0, 0.27547785235709094, 0.0, 0.0, 0.0, 0.0, 0.0, 0.0, 9.0531481901843903e-243, 0.0, 0.0, 0.0, 0.0, 0.0, 0.0, 0.0, 0.0, 0.0, 0.0, 0.0, 0.0, 0.0, 0.0, 7.916467024505412e-301, 0.0, 0.0, 0.0, 
3250.0, 1.03, 0.0, 0.0, 0.0, 0.0, 0.0, 0.0, 0.0, 0.0, 1.8000000000000003, 0.0, 0.10142842616489187, 0.0, 0.0, 0.0, 0.26928578691755434, 0.0, 0.0, 0.0, 0.0, 0.0, 0.0, 3.090669371020399e-256, 0.0, 0.0, 0.0, 0.0, 0.0, 0.0, 0.0, 0.0, 0.0, 0.0, 0.0, 0.0, 0.0, 0.0, 8.0509424800645378e-301, 0.0, 0.0, 0.0, 
3300.0, 1.03, 0.0, 0.0, 0.0, 0.0, 0.0, 0.0, 0.0, 0.0, 1.8000000000000003, 0.0, 0.1149904521970066, 0.0, 0.0, 0.0, 0.2625047739014969, 0.0, 0.0, 0.0, 0.0, 0.0, 0.0, 3.4078980558115132e-270, 0.0, 0.0, 0.0, 0.0, 0.0, 0.0, 0.0, 0.0, 0.0, 0.0, 0.0, 0.0, 0.0, 0.0, 8.1982083356002811e-301, 0.0, 0.0, 0.0, 
3350.0, 1.03, 0.0, 0.0, 0.0, 0.0, 0.0, 0.0, 0.0, 0.0, 1.8000000000000003, 0.0, 0.12975528678224604, 0.0, 0.0, 0.0, 0.25512235660887733, 0.0, 0.0, 0.0, 0.0, 0.0, 0.0, 1.1891761727754309e-284, 0.0, 0.0, 0.0, 0.0, 0.0, 0.0, 0.0, 0.0, 0.0, 0.0, 0.0, 0.0, 0.0, 0.0, 8.3585351180360487e-301, 0.0, 0.0, 0.0, 
3400.0, 1.03, 0.0, 0.0, 0.0, 0.0, 0.0, 0.0, 0.0, 0.0, 1.8000000000000003, 0.0, 0.14573036651004839, 0.0, 0.0, 0.0, 0.24713481674497609, 0.0, 0.0, 0.0, 0.0, 0.0, 0.0, 1.2866544863005937e-299, 0.0, 0.0, 0.0, 0.0, 0.0, 0.0, 0.0, 0.0, 0.0, 0.0, 0.0, 0.0, 0.0, 0.0, 8.5320035790016631e-301, 0.0, 0.0, 0.0, 
3450.0, 1.03, 0.0, 0.0, 0.0, 0.0, 0.0, 0.0, 0.0, 0.0, 1.8000000000000003, 0.0, 0.162901814643098, 0.0, 0.0, 0.0, 0.23854909267845129, 0.0, 0.0, 0.0, 0.0, 0.0, 0.0, 8.7184630352888818e-301, 0.0, 0.0, 0.0, 0.0, 0.0, 0.0, 0.0, 0.0, 0.0, 0.0, 0.0, 0.0, 0.0, 0.0, 8.7184630352888818e-301, 0.0, 0.0, 0.0, 
3500.0, 1.03, 0.0, 0.0, 0.0, 0.0, 0.0, 0.0, 0.0, 0.0, 1.8000000000000003, 0.0, 0.18123066249204994, 0.0, 0.0, 0.0, 0.22938466875397526, 0.0, 0.0, 0.0, 0.0, 0.0, 0.0, 8.917490337925575e-301, 0.0, 0.0, 0.0, 0.0, 0.0, 0.0, 0.0, 0.0, 0.0, 0.0, 0.0, 0.0, 0.0, 0.0, 8.917490337925575e-301, 0.0, 0.0, 0.0, 
3550.0, 1.03, 0.0, 0.0, 0.0, 0.0, 0.0, 0.0, 0.0, 0.0, 1.8000000000000003, 0.0, 0.2006494709634232, 0.0, 0.0, 0.0, 0.21967526451828867, 0.0, 0.0, 0.0, 0.0, 0.0, 0.0, 9.1283531866068658e-301, 0.0, 0.0, 0.0, 0.0, 0.0, 0.0, 0.0, 0.0, 0.0, 0.0, 0.0, 0.0, 0.0, 0.0, 9.1283531866068658e-301, 0.0, 0.0, 0.0, 
3600.0, 1.03, 0.0, 0.0, 0.0, 0.0, 0.0, 0.0, 0.0, 0.0, 1.8000000000000003, 0.0, 0.22105978500705456, 0.0, 0.0, 0.0, 0.20947010749647293, 0.0, 0.0, 0.0, 0.0, 0.0, 0.0, 9.3499824883255777e-301, 0.0, 0.0, 0.0, 0.0, 0.0, 0.0, 0.0, 0.0, 0.0, 0.0, 0.0, 0.0, 0.0, 0.0, 9.3499824883255777e-301, 0.0, 0.0, 0.0, 
3650.0, 1.03, 0.0, 0.0, 0.0, 0.0, 0.0, 0.0, 0.0, 0.0, 1.8000000000000003, 0.0, 0.24233091127383991, 0.0, 0.0, 0.0, 0.19883454436308032, 0.0, 0.0, 0.0, 0.0, 0.0, 0.0, 9.5809590843348507e-301, 0.0, 0.0, 0.0, 0.0, 0.0, 0.0, 0.0, 0.0, 0.0, 0.0, 0.0, 0.0, 0.0, 0.0, 9.5809590843348507e-301, 0.0, 0.0, 0.0, 
3700.0, 1.03, 0.0, 0.0, 0.0, 0.0, 0.0, 0.0, 0.0, 0.0, 1.8000000000000003, 0.0, 0.26430050484269729, 0.0, 0.0, 0.0, 0.18784974757865155, 0.0, 0.0, 0.0, 0.0, 0.0, 0.0, 9.8195201212351682e-301, 0.0, 0.0, 0.0, 0.0, 0.0, 0.0, 0.0, 0.0, 0.0, 0.0, 0.0, 0.0, 0.0, 0.0, 9.8195201212351682e-301, 0.0, 0.0, 0.0, 
3750.0, 1.03, 0.0, 0.0, 0.0, 0.0, 0.0, 0.0, 0.0, 0.0, 1.8000000000000003, 0.0, 0.28677735723796727, 0.0, 0.0, 0.0, 0.17661132138101659, 0.0, 0.0, 0.0, 0.0, 0.0, 0.0, 1.006358932519495e-300, 0.0, 0.0, 0.0, 0.0, 0.0, 0.0, 0.0, 0.0, 0.0, 0.0, 0.0, 0.0, 0.0, 0.0, 1.006358932519495e-300, 0.0, 0.0, 0.0, 
3800.0, 1.03, 0.0, 0.0, 0.0, 0.0, 0.0, 0.0, 0.0, 0.0, 1.8000000000000003, 0.0, 0.3095465806199873, 0.0, 0.0, 0.0, 0.16522670969000669, 0.0, 0.0, 0.0, 0.0, 0.0, 0.0, 1.0310833295476198e-300, 0.0, 0.0, 0.0, 0.0, 0.0, 0.0, 0.0, 0.0, 0.0, 0.0, 0.0, 0.0, 0.0, 0.0, 1.0310833295476198e-300, 0.0, 0.0, 0.0, 
3850.0, 1.03, 0.0, 0.0, 0.0, 0.0, 0.0, 0.0, 0.0, 0.0, 1.8000000000000003, 8.9177278289593882e-09, 0.33237709125033926, 8.7506731085209497e-09, 4.8498526244175739e-11, 0.0, 0.15381144975964522, 2.1557645302686396e-10, 2.3206344247878456e-14, 0.0, 0.0, 0.0, 0.0, 1.0558743054291461e-300, 0.0, 0.0, 0.0, 0.0, 0.0, 0.0, 0.0, 0.0, 0.0, 0.0, 0.0, 0.0, 0.0, 0.0, 1.0558743054291461e-300, 0.0, 0.0, 0.0, 
3900.0, 1.03, 0.0, 0.0, 0.0, 0.0, 0.0, 0.0, 0.0, 0.0, 1.8000000000000003, 1.2313255692221466e-08, 0.3550309521179098, 1.2099951571184917e-08, 6.5737541629148785e-11, 0.0, 0.14248451757909691, 2.7907278375048382e-10, 3.1121084788155491e-14, 0.0, 0.0, 0.0, 0.0, 1.0804734448926322e-300, 0.0, 0.0, 0.0, 0.0, 0.0, 0.0, 0.0, 0.0, 0.0, 0.0, 0.0, 0.0, 0.0, 0.0, 1.0804734448926322e-300, 0.0, 0.0, 0.0, 
3950.0, 1.03, 0.0, 0.0, 0.0, 0.0, 0.0, 0.0, 0.0, 0.0, 1.8000000000000003, 1.6834806745205875e-08, 0.3772738019234062, 1.6565627878065463e-08, 8.7956864277811657e-11, 0.0, 0.13136309035428692, 3.5717681069650025e-10, 4.1079278276950873e-14, 0.0, 0.0, 0.0, 0.0, 1.1046262837904256e-300, 0.0, 0.0, 0.0, 0.0, 0.0, 0.0, 0.0, 0.0, 0.0, 0.0, 0.0, 0.0, 0.0, 0.0, 1.1046262837904256e-300, 0.0, 0.0, 0.0, 
4000.0, 1.03, 0.0, 0.0, 0.0, 0.0, 0.0, 0.0, 0.0, 0.0, 1.8000000000000003, 2.2795974138480063e-08, 0.3988853687870873, 2.2460117242583183e-08, 1.1622397633517264e-10, 0.0, 0.12055730386609854, 4.5213427998134367e-10, 5.3407749290336916e-14, 0.0, 0.0, 0.0, 0.0, 1.1280936367071962e-300, 0.0, 0.0, 0.0, 0.0, 0.0, 0.0, 0.0, 0.0, 0.0, 0.0, 0.0, 0.0, 0.0, 0.0, 1.1280936367071962e-300, 0.0, 0.0, 0.0, 
4050.0, 1.03, 0.0, 0.0, 0.0, 0.0, 0.0, 0.0, 0.0, 0.0, 1.8000000000000003, 3.0579717183222841e-08, 0.41966899563285248, 3.0165212203351859e-08, 1.5174282315615096e-10, 0.0, 0.11016548645871191, 5.6631624416528459e-10, 6.8441138143235197e-14, 0.0, 0.0, 0.0, 0.0, 1.1506619610402766e-300, 0.0, 0.0, 0.0, 0.0, 0.0, 0.0, 0.0, 0.0, 0.0, 0.0, 0.0, 0.0, 0.0, 0.0, 1.1506619610402766e-300, 0.0, 0.0, 0.0, 
4100.0, 1.03, 0.0, 0.0, 0.0, 0.0, 0.0, 0.0, 0.0, 0.0, 1.8000000000000003, 4.0649673536796193e-08, 0.43945922827872996, 4.0143410740551512e-08, 1.958574120638202e-10, 0.0, 0.10027036498870798, 7.0220672502370688e-10, 8.6516715199179501e-14, 0.0, 0.0, 0.0, 0.0, 1.1721515967098383e-300, 0.0, 0.0, 0.0, 0.0, 0.0, 0.0, 0.0, 0.0, 0.0, 0.0, 0.0, 0.0, 0.0, 0.0, 1.1721515967098383e-300, 0.0, 0.0, 0.0, 
4150.0, 1.03, 0.0, 0.0, 0.0, 0.0, 0.0, 0.0, 0.0, 0.0, 1.8000000000000003, 5.3562831812992014e-08, 0.45812680832122105, 5.2950599485282378e-08, 2.5005594557300667e-10, 0.0, 0.090936568376557836, 8.6239624389328121e-10, 1.079706106269592e-13, 0.0, 0.0, 0.0, 0.0, 1.1924221878192156e-300, 0.0, 0.0, 0.0, 0.0, 0.0, 0.0, 0.0, 0.0, 0.0, 0.0, 0.0, 0.0, 0.0, 0.0, 1.1924221878192156e-300, 0.0, 0.0, 0.0, 
4200.0, 1.03, 0.0, 0.0, 0.0, 0.0, 0.0, 0.0, 0.0, 0.0, 1.8000000000000003, 6.9983746285155155e-08, 0.47558080276622239, 6.92502734994095e-08, 3.1597615228929378e-10, 0.0, 0.082209562784049103, 1.0495820737780944e-09, 1.3313574312921235e-13, 0.0, 0.0, 0.0, 0.0, 1.211374995201725e-300, 0.0, 0.0, 0.0, 0.0, 0.0, 0.0, 0.0, 0.0, 0.0, 0.0, 0.0, 0.0, 0.0, 0.0, 1.211374995201725e-300, 0.0, 0.0, 0.0, 
4250.0, 1.03, 0.0, 0.0, 0.0, 0.0, 0.0, 0.0, 0.0, 0.0, 1.8000000000000003, 9.0700483498272442e-08, 0.49176799871636612, 8.9829483064894577e-08, 3.9541225113438802e-10, 0.0, 0.074115954262632164, 1.2665750259548299e-09, 1.6234144258131998e-13, 0.0, 0.0, 0.0, 0.0, 1.2289522391822846e-300, 0.0, 0.0, 0.0, 0.0, 0.0, 0.0, 0.0, 0.0, 0.0, 0.0, 0.0, 0.0, 0.0, 0.0, 1.2289522391822846e-300, 0.0, 0.0, 0.0, 
4300.0, 1.03, 0.0, 0.0, 0.0, 0.0, 0.0, 0.0, 0.0, 0.0, 1.8000000000000003, 1.1664248701361105e-07, 0.50667001265659517, 1.156166949006814e-07, 4.90323711895625e-10, 0.0, 0.066664934101685808, 1.5163117393492963e-09, 1.9591452402641976e-13, 0.0, 0.0, 0.0, 0.0, 1.2451339606980264e-300, 0.0, 0.0, 0.0, 0.0, 0.0, 0.0, 0.0, 0.0, 0.0, 0.0, 0.0, 0.0, 0.0, 0.0, 1.2451339606980264e-300, 0.0, 0.0, 0.0, 
4350.0, 1.03, 0.0, 0.0, 0.0, 0.0, 0.0, 0.0, 0.0, 0.0, 1.8000000000000003, 1.4890053426582281e-07, 0.52029875820728388, 1.4770174324604965e-07, 6.0284572122544616e-10, 0.0, 0.059850544941958808, 1.8018709224178622e-09, 2.3418141923756822e-13, 0.0, 0.0, 0.0, 0.0, 1.2599330999362866e-300, 0.0, 0.0, 0.0, 0.0, 0.0, 0.0, 0.0, 0.0, 0.0, 0.0, 0.0, 0.0, 0.0, 0.0, 1.2599330999362866e-300, 0.0, 0.0, 0.0, 
4400.0, 1.03, 0.0, 0.0, 0.0, 0.0, 0.0, 0.0, 0.0, 0.0, 1.8000000000000003, 1.8874894304742386e-07, 0.53269097346700989, 1.8735802975800481e-07, 7.3530107150441514e-10, 0.0, 0.053654417093060527, 2.1264918318453385e-09, 2.7747092189031491e-13, 0.0, 0.0, 0.0, 0.0, 1.273389553817353e-300, 0.0, 0.0, 0.0, 0.0, 0.0, 0.0, 0.0, 0.0, 0.0, 0.0, 0.0, 0.0, 0.0, 0.0, 1.273389553817353e-300, 0.0, 0.0, 0.0, 
4450.0, 1.03, 0.0, 0.0, 0.0, 0.0, 0.0, 0.0, 0.0, 0.0, 1.8000000000000003, 2.3767016815239071e-07, 0.54390245205400933, 2.3606711394605126e-07, 8.9021308311289441e-10, 0.0, 0.048048653000412604, 2.4935934065847805e-09, 3.2611713241946212e-13, 0.0, 0.0, 0.0, 0.0, 1.2855639117405405e-300, 0.0, 0.0, 0.0, 0.0, 0.0, 0.0, 0.0, 0.0, 0.0, 0.0, 0.0, 0.0, 0.0, 0.0, 1.2855639117405405e-300, 0.0, 0.0, 0.0, 
4500.0, 1.03, 0.0, 0.0, 0.0, 0.0, 0.0, 0.0, 0.0, 0.0, 1.8000000000000003, 2.9738191407831104e-07, 0.55400249127836232, 2.9554582089397228e-07, 1.0703191391198308e-09, 0.0, 0.042998603145575909, 2.9067927857321565e-09, 3.8046227347034335e-13, 0.0, 0.0, 0.0, 0.0, 1.2965314271140223e-300, 0.0, 0.0, 0.0, 0.0, 0.0, 0.0, 0.0, 0.0, 0.0, 0.0, 0.0, 0.0, 0.0, 0.0, 1.2965314271140223e-300, 0.0, 0.0, 0.0, 
4550.0, 1.03, 0.0, 0.0, 0.0, 0.0, 0.0, 0.0, 0.0, 0.0, 1.8000000000000003, 3.6986687883505497e-07, 0.56306891115797997, 3.6777598180467157e-07, 1.2785844412443963e-09, 0.0, 0.038465356523363921, 3.3699223307768985e-09, 4.4085914904485117e-13, 0.0, 0.0, 0.0, 0.0, 1.3063766087549061e-300, 0.0, 0.0, 0.0, 0.0, 0.0, 0.0, 0.0, 0.0, 0.0, 0.0, 0.0, 0.0, 0.0, 0.0, 1.3063766087549061e-300, 0.0, 0.0, 0.0, 
4600.0, 1.03, 0.0, 0.0, 0.0, 0.0, 0.0, 0.0, 0.0, 0.0, 1.8000000000000003, 4.5740523595840422e-07, 0.57118384205829453, 4.5503691464210376e-07, 1.5182156570212784e-09, 0.0, 0.034407846805735609, 3.8870446464449404e-09, 5.0767312326615803e-13, 0.0, 0.0, 0.0, 0.0, 1.315188646922993e-300, 0.0, 0.0, 0.0, 0.0, 0.0, 0.0, 0.0, 0.0, 0.0, 0.0, 0.0, 0.0, 0.0, 0.0, 1.315188646922993e-300, 0.0, 0.0, 0.0, 
4650.0, 1.03, 0.0, 0.0, 0.0, 0.0, 0.0, 0.0, 0.0, 0.0, 1.8000000000000003, 5.6260995691885375e-07, 0.5784303504070013, 5.5994074700282658e-07, 1.7926742046406417e-09, 0.0, 0.03078453946674229, 4.4624654042440974e-09, 5.8128357654666736e-13, 0.0, 0.0, 0.0, 0.0, 1.3230577494036218e-300, 0.0, 0.0, 0.0, 0.0, 0.0, 0.0, 0.0, 0.0, 0.0, 0.0, 0.0, 0.0, 0.0, 0.0, 1.3230577494036218e-300, 0.0, 0.0, 0.0, 
4700.0, 1.03, 0.0, 0.0, 0.0, 0.0, 0.0, 0.0, 0.0, 0.0, 1.8000000000000003, 6.8846507210509317e-07, 0.58488987824020477, 6.8547067918969111e-07, 2.1056889940828227e-09, 0.0, 0.02755471199030771, 5.100743994339991e-09, 6.6208485513347977e-13, 0.0, 0.0, 0.0, 0.0, 1.3300723613145019e-300, 0.0, 0.0, 0.0, 0.0, 0.0, 0.0, 0.0, 0.0, 0.0, 0.0, 0.0, 0.0, 0.0, 0.0, 1.3300723613145019e-300, 0.0, 0.0, 0.0, 
4750.0, 1.03, 0.0, 0.0, 0.0, 0.0, 0.0, 0.0, 0.0, 0.0, 1.8000000000000003, 8.383669658296492e-07, 0.59064041376670162, 8.3502228265360788e-07, 2.4612685047008398e-09, 0.0, 0.024679368567421259, 5.8067021675122288e-09, 7.5048677002380969e-13, 0.0, 0.0, 0.0, 0.0, 1.3363171787124595e-300, 0.0, 0.0, 0.0, 0.0, 0.0, 0.0, 0.0, 0.0, 0.0, 0.0, 0.0, 0.0, 0.0, 0.0, 1.3363171787124595e-300, 0.0, 0.0, 0.0, 
4800.0, 1.03, 0.0, 0.0, 0.0, 0.0, 0.0, 0.0, 0.0, 0.0, 1.8000000000000003, 1.0161687959007265e-06, 0.59575528074044815, 1.0124479240398982e-06, 2.863712125169369e-09, 0.0, 0.022121845387680195, 6.5854309007067786e-09, 8.4691470944335566e-13, 0.0, 0.0, 0.0, 0.0, 1.3418718341550811e-300, 0.0, 0.0, 0.0, 0.0, 0.0, 0.0, 0.0, 0.0, 0.0, 0.0, 0.0, 0.0, 0.0, 0.0, 1.3418718341550811e-300, 0.0, 0.0, 0.0, 
4850.0, 1.03, 0.0, 0.0, 0.0, 0.0, 0.0, 0.0, 0.0, 0.0, 1.8000000000000003, 1.2262281250212593e-06, 0.60030242622451768, 1.2221044018130459e-06, 3.3176207149322365e-09, 0.0, 0.019848166733482518, 7.4422957325911094e-09, 9.5180944463385202e-13, 0.0, 0.0, 0.0, 0.0, 1.3468101234607537e-300, 0.0, 0.0, 0.0, 0.0, 0.0, 0.0, 0.0, 0.0, 0.0, 0.0, 0.0, 0.0, 0.0, 0.0, 1.3468101234607537e-300, 0.0, 0.0, 0.0, 
4900.0, 1.03, 0.0, 0.0, 0.0, 0.0, 0.0, 0.0, 0.0, 0.0, 1.8000000000000003, 1.4734578443980895e-06, 0.60434409217497531, 1.468903875584656e-06, 3.8279063655344837e-09, 0.0, 0.017827209162615154, 8.3829408056623001e-09, 1.0656266942385136e-12, 0.0, 0.0, 0.0, 0.0, 1.3511996492576344e-300, 0.0, 0.0, 0.0, 0.0, 0.0, 0.0, 0.0, 0.0, 0.0, 0.0, 0.0, 0.0, 0.0, 0.0, 1.3511996492576344e-300, 0.0, 0.0, 0.0, 
4950.0, 1.03, 0.0, 0.0, 0.0, 0.0, 0.0, 0.0, 0.0, 0.0, 1.8000000000000003, 1.7633804636587321e-06, 0.6079367697962258, 1.758368162028327e-06, 4.3998013526824517e-09, 0.0, 0.016030724303424962, 9.413291819595654e-09, 1.1888365087502954e-12, 0.0, 0.0, 0.0, 0.0, 1.3551017715964056e-300, 0.0, 0.0, 0.0, 0.0, 0.0, 0.0, 0.0, 0.0, 0.0, 0.0, 0.0, 0.0, 0.0, 0.0, 1.3551017715964056e-300, 0.0, 0.0, 0.0, 
5000.0, 1.03, 0.0, 0.0, 0.0, 0.0, 0.0, 0.0, 0.0, 0.0, 1.8000000000000003, 2.1021858328312674e-06, 0.61113135219540138, 2.0966864629663231e-06, 5.0388662742244897e-09, 0.0, 0.014433262498754916, 1.0539558061692813e-08, 1.3219225240642987e-12, 0.0, 0.0, 0.0, 0.0, 1.3585717739010116e-300, 0.0, 0.0, 0.0, 0.0, 0.0, 0.0, 0.0, 0.0, 0.0, 0.0, 0.0, 0.0, 0.0, 0.0, 1.3585717739010116e-300, 0.0, 0.0, 0.0, 
5050.0, 1.03, 0.0, 0.0, 0.0, 0.0, 0.0, 0.0, 0.0, 0.0, 1.8000000000000003, 2.4967923533992452e-06, 0.61397341798095584, 2.4907765825074429e-06, 5.7509973718307692e-09, 0.0, 0.013012030976033359, 1.1768233644756574e-08, 1.4653811232547509e-12, 0.0, 0.0, 0.0, 0.0, 1.3616591711190374e-300, 0.0, 0.0, 0.0, 0.0, 0.0, 0.0, 0.0, 0.0, 0.0, 0.0, 0.0, 0.0, 0.0, 0.0, 1.3616591711190374e-300, 0.0, 0.0, 0.0, 
5100.0, 1.03, 0.0, 0.0, 0.0, 0.0, 0.0, 0.0, 0.0, 0.0, 1.8000000000000003, 2.9549117256186669e-06, 0.61650359395125287, 2.9483496803246783e-06, 6.5424330334351315e-09, 0.0, 0.011746712470599384, 1.3106098047958426e-08, 1.6197205359978257e-12, 0.0, 0.0, 0.0, 0.0, 1.3644081037649907e-300, 0.0, 0.0, 0.0, 0.0, 0.0, 0.0, 0.0, 0.0, 0.0, 0.0, 0.0, 0.0, 0.0, 0.0, 1.3644081037649907e-300, 0.0, 0.0, 0.0, 
5150.0, 1.03, 0.0, 0.0, 0.0, 0.0, 0.0, 0.0, 0.0, 0.0, 1.8000000000000003, 3.4851172689196688e-06, 0.61875795841633008, 3.4779785978241886e-06, 7.4197594727710629e-09, 0.0, 0.010619263530654934, 1.4560216028150007e-08, 1.7854598980367404e-12, 0.0, 0.0, 0.0, 0.0, 1.3668577760975315e-300, 0.0, 0.0, 0.0, 0.0, 0.0, 0.0, 0.0, 0.0, 0.0, 0.0, 0.0, 0.0, 0.0, 0.0, 1.3668577760975315e-300, 0.0, 0.0, 0.0, 
5200.0, 1.03, 0.0, 0.0, 0.0, 0.0, 0.0, 0.0, 0.0, 0.0, 1.8000000000000003, 4.0969158416793499e-06, 0.62076845763661237, 4.0891697834407315e-06, 8.3899155808018863e-09, 0.0, 0.0096137062619446063, 1.6137936947702374e-08, 1.9631282845730745e-12, 0.0, 0.0, 0.0, 0.0, 1.3690429085517189e-300, 0.0, 0.0, 0.0, 0.0, 0.0, 0.0, 0.0, 0.0, 0.0, 0.0, 0.0, 0.0, 0.0, 0.0, 1.3690429085517189e-300, 0.0, 0.0, 0.0, 
5250.0, 1.03, 0.0, 0.0, 0.0, 0.0, 0.0, 0.0, 0.0, 0.0, 1.8000000000000003, 4.8008233749053123e-06, 0.62256331647722052, 4.7924388315707249e-06, 9.4601969452072584e-09, 0.0, 0.0087159229628288766, 1.7846893543525412e-08, 2.1532637300988097e-12, 0.0, 0.0, 0.0, 0.0, 1.3709941839019174e-300, 0.0, 0.0, 0.0, 0.0, 0.0, 0.0, 0.0, 0.0, 0.0, 0.0, 0.0, 0.0, 0.0, 0.0, 1.3709941839019174e-300, 0.0, 0.0, 0.0, 
5300.0, 1.03, 0.0, 0.0, 0.0, 0.0, 0.0, 0.0, 0.0, 0.0, 1.8000000000000003, 5.6084440234798574e-06, 0.62416743096005567, 5.5993896387560083e-06, 1.0638259027009737e-08, 0.0, 0.0079134598086667701, 1.9695000163100977e-08, 2.356412243072936e-12, 0.0, 0.0, 0.0, 0.0, 1.3727386737798501e-300, 0.0, 0.0, 0.0, 0.0, 0.0, 0.0, 0.0, 0.0, 0.0, 0.0, 0.0, 0.0, 0.0, 0.0, 1.3727386737798501e-300, 0.0, 0.0, 0.0, 
