phi, T (K), H2, H, O, O2, OH, H2O, HO2, H2O2, C, CH, CH2, CH2(S), CH3, CH4, CO, CO2, HCO, CH2O, CH2OH, CH3O, CH3OH, C2H, C2H2, C2H3, C2H4, C2H5, C2H6, HCCO, CH2CO, HCCOH, N, NH, NH2, NH3, NNH, NO, NO2, N2O, HNO, CN, HCN, H2CN, HCNN, HCNO, HOCN, HNCO, NCO, N2, AR, C3H7, C3H8, CH2CHO, CH3CHO, C(gr), 
0.29999999999999999, 1066.2524942843622, 9.0290866391143961e-11, 1.1366981366818628e-13, 3.9258479376685559e-10, 0.14253936220512389, 2.7478646999328599e-07, 0.061099658056994306, 1.4755221622455652e-09, 1.4500335345148351e-10, 9.6574094463780496e-48, 3.3847689803486601e-49, 3.5327594767676844e-47, 2.4778591165562075e-49, 7.7754460114522866e-44, 3.4359676208327449e-42, 4.0684889359243487e-11, 0.030549898133789565, 8.3719097690874254e-26, 1.9557565879109037e-27, 3.7499920777499937e-39, 1.1157501829975312e-41, 4.3697515434010704e-39, 2.1300166813711471e-66, 4.0954712085861185e-59, 1.1147324706291385e-69, 4.7404859053744858e-67, 1.9781422210004423e-77, 3.9894619394455634e-77, 1.667735559260079e-51, 2.2335694436351185e-49, 1.0058659663709809e-55, 9.1753695444512774e-21, 3.0446222518791374e-22, 4.1359859879202327e-22, 2.9060141721239999e-19, 6.1930401632435655e-20, 5.0594570665263e-05, 1.4599290741068183e-06, 3.8781020092833838e-09, 7.0089876140766604e-14, 5.1117172532943908e-37, 1.6186279048505535e-30, 9.7988926461704215e-44, 3.1443013468839497e-49, 3.8215129827516379e-36, 2.6516857752860577e-27, 3.9265666065025924e-22, 3.4125367229273717e-26, 0.76575808296255699, 0.0, 7.5148619903786729e-112, 1.5841387725202533e-111, 2.7635057719343255e-60, 8.005066338287357e-60, 0.0, 
0.36530612244897959, 1208.1535842437265, 3.1025573196974092e-09, 1.2785243312554728e-11, 1.0654914833438711e-08, 0.12832855056547224, 2.5396437694998672e-06, 0.073907636576190039, 8.74781137721971e-09, 6.8653937238029718e-10, 3.342356155158853e-41, 1.3372835949672392e-42, 5.1398570190118967e-41, 5.8608277757375938e-43, 2.4402512667293066e-38, 3.0970913263794778e-37, 2.1776988939330985e-09, 0.036954455090876297, 1.910884740187729e-22, 3.3363117832802697e-24, 1.3082013897103656e-34, 5.6280698207572872e-37, 6.8472260450716378e-35, 1.4073007782491757e-57, 1.7363619603854441e-51, 6.5427886601069754e-61, 5.7851427684176689e-59, 3.2666974517167374e-68, 2.5047228466333752e-68, 5.9190575978465301e-45, 2.251229869492901e-43, 5.6515020242469144e-49, 5.0850578354106114e-18, 2.0085733659028114e-19, 1.6912118993441001e-19, 2.7936793195840839e-17, 9.5411709911563393e-18, 0.00016065821145253562, 2.0478791217476259e-06, 1.1075934861970201e-08, 1.5099153691785234e-12, 4.2054157805010735e-32, 1.3068623795453464e-26, 2.0562458359208636e-38, 2.1177456496323157e-43, 5.08229895121446e-32, 2.9916547562122539e-24, 1.1093012152730574e-19, 4.7167898818464768e-23, 0.7606436864998235, 0.0, 7.9476550614837177e-99, 6.2208780741870444e-99, 4.0082207014523938e-53, 5.0994873027448955e-53, 0.0, 
0.43061224489795918, 1343.3387816360664, 4.6803209665946974e-08, 4.6705134589767682e-10, 1.2748581175393096e-07, 0.11424792936217459, 1.3632147052114977e-05, 0.086543017766171321, 3.2959909690058174e-08, 2.2271339634895071e-09, 3.0967769518503195e-36, 1.3917421453074975e-37, 2.5544681996422312e-36, 4.2057510510346969e-38, 3.8822385167778773e-34, 1.9635873261363006e-33, 4.5344015841328651e-08, 0.043274904447379796, 6.9358581303196453e-20, 9.9172862523100784e-22, 3.8870263979861394e-31, 2.213604836916242e-33, 1.1317847373277453e-31, 7.4097355169503892e-51, 1.169274959742764e-45, 3.2687015345995335e-54, 8.9997835441411585e-53, 3.7139463931152268e-61, 1.4004358258519141e-61, 5.8671691013841123e-40, 8.8034416231299309e-39, 8.1363634724442069e-44, 6.067373606116759e-16, 2.7729766067578475e-17, 1.6546261192075386e-17, 9.317579311727896e-16, 4.386342820770189e-16, 0.00037762162380315374, 2.5543252743414096e-06, 2.4187320254835027e-08, 1.541165044173999e-11, 2.2922648007649521e-28, 1.260476738175374e-23, 2.3743904787384219e-34, 5.8229984013467449e-39, 7.0559755574046652e-29, 6.3874323334089258e-22, 8.3492493824372179e-18, 1.1569369584129113e-20, 0.75554228051625483, 0.0, 7.4986152499738066e-89, 2.8358201002686349e-89, 1.1982862164419256e-47, 8.3627122444421819e-48, 0.0, 
0.49591836734693878, 1472.3195841312795, 4.0565065168456813e-07, 7.9915453319913313e-09, 8.7516407054398711e-07, 0.10027924184981681, 5.0610164499722598e-05, 0.099000274438178618, 9.0994104617448287e-08, 5.5700231459915104e-09, 2.519144028968291e-32, 1.2594232494122377e-33, 1.3157194152695851e-32, 2.888194533059314e-34, 8.3549721565024169e-31, 2.1021473118127535e-30, 5.0127803120921587e-07, 0.049512518865014288, 7.3210686285277463e-18, 9.1247774909988769e-20, 2.2078270480735285e-28, 1.5687784787469415e-30, 4.1354465456277636e-29, 1.5244653575980632e-45, 4.8958647825567399e-41, 6.6782864440311234e-49, 7.5202253144688703e-48, 1.49890318736437e-55, 3.3074331831165001e-56, 5.2681791242050041e-36, 3.8929524381069102e-35, 1.0012167697506216e-39, 2.5717321682060993e-14, 1.3357927472863456e-15, 6.187986962660584e-16, 1.5268776146309105e-14, 8.9348491240300764e-15, 0.00072241062579409064, 2.9235140726470576e-06, 4.3904212150836995e-08, 9.4925358609275426e-11, 2.0210168190165163e-25, 2.9242036719799824e-21, 3.9150098411226763e-31, 1.8671613301871586e-35, 2.1428243642633986e-26, 4.4569387186529333e-20, 2.5837331863518873e-16, 8.8711790265278951e-19, 0.75044213030235785, 0.0, 6.3801281285641557e-81, 1.3926104270533946e-81, 2.6484688262595059e-43, 1.1782624165507847e-43, 0.0, 
0.56122448979591844, 1595.4761532272735, 2.3804867022096069e-06, 7.9983931398775195e-08, 4.0369746297977185e-06, 0.086414763777633977, 0.00014434995314497958, 0.11126583290536564, 2.0023243921928359e-07, 1.1521157567292097e-08, 3.6949905982338483e-29, 2.044286859352201e-30, 1.3779195829265512e-29, 3.8120299130657723e-31, 4.4191015938397146e-28, 6.4790165311301524e-28, 3.554529853342376e-06, 0.055666715585377453, 3.2416898212293488e-16, 3.6853414944223949e-18, 3.9187383581196123e-26, 3.3324565940807397e-28, 5.2408653139391653e-27, 3.2184000017775336e-41, 2.9244182081170464e-37, 1.4494594808503727e-44, 8.1044095949533218e-44, 5.8282332153741632e-51, 8.5196134962794304e-52, 8.7594850964105713e-33, 3.7330913400712971e-32, 2.1911403797138151e-36, 5.2400053907334932e-13, 3.0594209374728164e-14, 1.1753588108963498e-14, 1.5197375379419099e-13, 1.0245088079990737e-13, 0.0011897272329802278, 3.1218073659923231e-06, 6.9590773351304494e-08, 4.0797637111620825e-10, 4.9524658700951847e-23, 2.4978804393894907e-19, 1.64578533877365e-28, 1.3202854046130841e-32, 2.2295623646968927e-24, 1.416254288087418e-18, 4.281079802810439e-15, 2.9975305350318118e-17, 0.7453446369553155, 0.0, 2.0032689010162424e-74, 2.865006050034711e-75, 9.4127459490366221e-40, 2.9719663425852164e-40, 0.0, 
0.62653061224489792, 1713.0412673333999, 1.0523260903614784e-05, 5.4007822414211288e-07, 1.3814960188134171e-05, 0.072662330098956729, 0.00033793396646097912, 0.12331655416652092, 3.6958292698478288e-07, 2.0577797355408069e-08, 1.5508674562602566e-26, 9.4812801185291375e-28, 4.5313540577509452e-27, 1.5157757277610152e-28, 8.4553881714518134e-26, 8.1324824514952885e-26, 1.8267762522349251e-05, 0.061729992498018013, 7.6242371491365294e-15, 8.1908869059549774e-17, 2.9859408870522656e-24, 2.9472965959521845e-26, 3.0854584210015657e-25, 1.2997288746300689e-37, 4.267126984166659e-34, 6.198514995968258e-41, 1.9889379796908243e-40, 4.1717749709239593e-47, 4.4346077156141058e-48, 4.2794117319337287e-30, 1.1836922713204198e-29, 1.3698532564532545e-33, 6.2232647956550317e-12, 4.0611946325141112e-13, 1.3613823170199504e-13, 1.0544918199369778e-12, 7.7093868018442284e-13, 0.0017450584866290201, 3.1323486913317224e-06, 9.9228355038998003e-08, 1.3408207366375329e-09, 4.7781011222758324e-21, 1.0350253717415746e-17, 2.5655020650514817e-26, 3.1032164025701551e-30, 1.0607188893680998e-22, 2.538737929708307e-17, 4.5067707916000393e-14, 5.5644494902852413e-16, 0.74026583451302119, 0.0, 5.7927606505321194e-69, 5.9709216889480024e-70, 8.8953349234000567e-37, 2.1613045011444413e-37, 0.0, 
0.69183673469387763, 1825.0265290101956, 3.7702752537671148e-05, 2.7067394834711672e-06, 3.733378545607883e-05, 0.059056654834594394, 0.00067738910544288102, 0.13511894265932833, 5.8935275539191956e-07, 3.2565934134847123e-08, 2.5375573828858055e-24, 1.7182076922092607e-25, 6.2789017690162913e-25, 2.4604229781704886e-26, 7.6194597252388108e-24, 5.2794369357586743e-24, 7.3928567798471598e-05, 0.067674582646906123, 1.1169163333315923e-13, 1.1686660655401623e-15, 1.2118862358616448e-22, 1.3562951466483449e-24, 1.0310857079890823e-23, 1.5307264099815462e-34, 2.1959343562075469e-31, 7.9585794012160852e-38, 1.6420611003809084e-37, 8.5652649853229052e-44, 7.1318121460015642e-45, 8.4009163631447039e-28, 1.6556549068353467e-27, 3.3774968636523338e-31, 4.8908264331533209e-11, 3.5645167233235666e-12, 1.0875615175246831e-12, 5.6081930713364537e-12, 4.2175953339061921e-12, 0.0023249581936624244, 2.9510702457675232e-06, 1.2944562297326631e-07, 3.5738848586067766e-09, 2.2943590905141702e-19, 2.5108998400510219e-16, 1.9129273046068263e-24, 3.1974135575648053e-28, 2.8013406537698412e-21, 2.9675126829462073e-16, 3.3871540581990099e-13, 6.5780567886615595e-15, 0.73523624991082992, 0.0, 2.8887389778752322e-64, 2.3152634001421446e-65, 3.1497603080243874e-34, 6.2841865308183969e-35, 0.0, 
0.75714285714285712, 1931.0495369977923, 0.00011542902305022587, 1.0747387205866893e-05, 8.26395064911122e-05, 0.045685481555330976, 0.0011927713026170493, 0.14662736000377014, 8.2221654916946508e-07, 4.6237601609080192e-08, 2.0012801275168949e-22, 1.5115551322540041e-23, 4.5089440815591037e-23, 2.0181347993054544e-24, 3.9078958275416635e-22, 2.1119175389537283e-22, 0.00024984753518121161, 0.073422657298238339, 1.139151647065023e-12, 1.1950685298439933e-14, 3.0533300669981825e-21, 3.8024326752647996e-23, 2.2615480764639426e-22, 7.0772453645950857e-32, 5.188497709620584e-29, 4.1478852054529509e-35, 6.0552188263912949e-35, 6.9526137396622843e-41, 4.8349401845673399e-42, 8.2672636635033964e-26, 1.2566773424336139e-25, 4.132114308466564e-29, 2.7650316570492907e-10, 2.2613712190848507e-11, 6.5286134884967231e-12, 2.4504895295270234e-11, 1.798623410003757e-11, 0.0028372659133289019, 2.5853863403909407e-06, 1.5549499302944419e-07, 8.0118779624300538e-09, 6.453851368626341e-18, 4.0809545014985779e-15, 8.1756952840736195e-23, 1.7519432503064596e-26, 4.6963282056658031e-20, 2.5043305333407089e-15, 1.9751553705330728e-12, 5.4800597815902695e-14, 0.73030079318385699, 0.0, 3.9161353705618066e-60, 2.6055633670891604e-61, 5.3414797084319855e-32, 9.2609316336726489e-33, 0.0, 
0.82244897959183683, 2029.9654463946229, 0.00031464691574708252, 3.5330454731706671e-05, 0.00015184911586116072, 0.032743595547796128, 0.0018658384204529868, 0.15777757482448918, 9.9797703725807002e-07, 5.8823585130289789e-08, 8.7974728241275899e-21, 7.519707739461879e-22, 1.9516533050014462e-21, 9.766605261538735e-23, 1.3183514146567836e-20, 5.9895440319376578e-21, 0.0007364219074810647, 0.078785263985469534, 8.759718391302168e-12, 9.5197027425752522e-14, 5.3510757393795918e-20, 7.2969715935927229e-22, 3.6466068108058501e-21, 1.5969118009764499e-29, 6.886852312201576e-27, 1.1035130200554758e-32, 1.2458280507573854e-32, 2.8637050955814661e-38, 1.7701458839448093e-39, 4.7991701370589334e-24, 6.0653584023328009e-24, 2.979575731019325e-27, 1.1829980668340607e-09, 1.0995091896802807e-10, 3.1299321287744845e-11, 9.2979666085662682e-11, 6.2654709267715799e-11, 0.0031597763313443899, 2.0571248782582531e-06, 1.7112965606038783e-07, 1.5372904993732248e-08, 1.1935973016380184e-16, 4.9243089496990795e-14, 2.2924956319865527e-21, 5.8601455095841081e-25, 5.4867726073911869e-19, 1.6428613951488619e-14, 9.5127436483776389e-12, 3.4472321642068591e-13, 0.72551942067069919, 0.0, 2.0605292794246144e-56, 1.2125418923507053e-57, 5.2260321506907303e-30, 8.3268982075588558e-31, 0.0, 
0.88775510204081631, 2119.0485648730159, 0.0007919876876198691, 9.8757257102023349e-05, 0.00022789594148308419, 0.020639328641170841, 0.0025769113843378539, 0.16846451477791624, 1.0189147550821295e-06, 6.5618407296489066e-08, 2.3654162163809756e-19, 2.3522961157486367e-20, 5.7196360668886144e-20, 3.1369293825010929e-21, 3.3123840123279712e-19, 1.3748704222063361e-19, 0.0019594908027080276, 0.083337971747983963, 5.3832762633669523e-11, 6.3347084192043967e-13, 7.1489062733570101e-19, 1.0512066695869972e-20, 4.7855245574583489e-20, 2.0823918406689094e-27, 6.1088943890666105e-25, 1.8199852514702644e-30, 1.7504246260720133e-30, 7.4769473472443471e-36, 4.4141498792882011e-37, 1.8675313241584242e-22, 2.133914057100975e-22, 1.4585168017015821e-25, 3.9021289925329791e-09, 4.2312354032992118e-10, 1.2517193156702298e-10, 3.2268638683794163e-10, 1.8328988980170234e-10, 0.003140195528605397, 1.4125229055984417e-06, 1.6855113353559584e-07, 2.5133363506023045e-08, 1.5753177334292615e-15, 4.8149829236016011e-13, 4.7074617706580507e-20, 1.3228021875143142e-23, 4.75641445884988e-18, 8.8592428809959901e-14, 3.9838252362499729e-11, 1.7099739883040687e-12, 0.72096715102077502, 0.0, 5.8031081935978268e-53, 3.2485010458088928e-54, 3.4520611849438887e-28, 5.3992353174018042e-29, 0.0, 
0.9530612244897958, 2191.8137767226899, 0.0019176824747266002, 0.0002361623523417241, 0.00025979755415433205, 0.010215001831150532, 0.0030239305073615796, 0.178454209115255, 7.9668022802617596e-07, 6.017419256894335e-08, 4.032955947726206e-18, 4.9325713668140745e-19, 1.2513934526020063e-18, 7.3561113722617949e-20, 7.0783143112452793e-18, 3.0140303823767596e-18, 0.0048580639944780929, 0.086143143744366102, 2.7578873527807019e-10, 3.7820612905124723e-12, 7.9316104936630238e-18, 1.2355395256282491e-19, 5.7477955999419005e-19, 1.8154406105114955e-25, 4.3652055315388277e-23, 2.2798533656840761e-28, 2.1314921395575694e-28, 1.5959191430120367e-33, 9.9864312434225836e-35, 5.4572640798551567e-21, 6.3405523999569876e-21, 5.5667872657943344e-24, 9.6304476063019065e-09, 1.2864875537481702e-09, 4.2979354836655152e-10, 1.0918497525030531e-09, 4.5237669969451985e-10, 0.0026165956218282514, 7.451964217304501e-07, 1.3946189491041888e-07, 3.3508267708613901e-08, 1.565629343829266e-14, 4.1847776681001025e-12, 7.8664937396230508e-19, 2.1629813263482211e-22, 3.1602188895732486e-17, 4.107414273452095e-13, 1.5262668027014337e-10, 6.789092991971758e-12, 0.71672382574140236, 0.0, 1.2728080294399392e-49, 7.5296509815705448e-51, 1.8121105166248633e-26, 3.0671052126668501e-27, 0.0, 
1.0183673469387755, 2231.990884817099, 0.0046688297693515965, 0.00046248251235047022, 0.00018543204154097056, 0.0031257178394320088, 0.0027066297093570196, 0.18701488132431487, 3.827552575924119e-07, 3.8828557410493432e-08, 3.9318129591650591e-17, 6.6215437244643287e-18, 2.1215611694911672e-17, 1.2933097925501948e-18, 1.4645680694190186e-16, 7.8126341432781702e-17, 0.011442674877877826, 0.085191584924146677, 1.1740924515646566e-09, 2.1556668709128003e-11, 7.7284736851658302e-17, 1.2411436899182449e-18, 7.213882333778832e-18, 1.1300374137823148e-23, 3.0246515077134296e-21, 2.6190588289291212e-26, 2.981021004987557e-26, 3.7006881243692187e-31, 2.9500416848170021e-32, 1.2715098681035544e-19, 1.8414523538323036e-19, 1.8438613795128382e-22, 1.5474707671555528e-08, 2.8484628243856935e-09, 1.2530714466597131e-09, 3.9027971069574171e-09, 8.9528057226525933e-10, 0.0015797820191171075, 2.3512296354547093e-07, 8.3674062458632685e-08, 3.1988055353842028e-08, 1.1467959563284694e-13, 3.5302200665584218e-11, 1.1549235770633897e-17, 2.5341823787219769e-21, 1.5378057878282288e-16, 1.6547338754426159e-12, 5.5647604684453696e-10, 2.0414731097787429e-11, 0.71279289909415677, 0.0, 3.3574610695665227e-46, 2.5264175503232546e-47, 8.7620784862750716e-25, 1.9099679223097961e-25, 0.0, 
1.0836734693877552, 2219.7382349302679, 0.010637021872177575, 0.00065518234179667498, 7.2698199731264894e-05, 0.00055455193130311917, 0.0017020793903597777, 0.19258010038891418, 1.0179404431851037e-07, 1.622501708831235e-08, 1.4871570807970931e-16, 3.9057081217665074e-17, 2.0030186889405318e-16, 1.2077472775245105e-17, 2.2360867819600766e-15, 1.9137926617242939e-15, 0.023278233055463636, 0.078919690543393373, 3.4318094398967943e-09, 9.9093262421594765e-11, 5.1908462636494413e-16, 8.2598813615644168e-18, 7.7092482670321228e-17, 3.121928847216431e-22, 1.3892839091935446e-19, 1.774002495028611e-24, 3.2677359199986128e-24, 5.9820103735505564e-29, 7.6125840544992642e-30, 1.6559628834709172e-18, 3.8537089415583338e-18, 3.7089301012559511e-21, 1.3434198705360149e-08, 3.8555602546998694e-09, 2.6808445614743842e-09, 1.348431913055868e-08, 1.242724914364719e-09, 0.0006457881160493895, 4.0976561369023872e-08, 3.3974551986910205e-08, 1.9559569917109802e-08, 4.6871026500341747e-13, 2.3744096998522354e-10, 1.1288879009825338e-16, 1.5307042762223944e-20, 4.2804460060039623e-16, 4.8755527856363812e-12, 1.6896160765939067e-09, 3.8253947811486664e-11, 0.70886521322345686, 0.0, 5.720136181094522e-43, 6.8744653554929232e-44, 2.7006340105791508e-23, 9.3669826580352959e-24, 0.0, 
1.1489795918367347, 2176.1340081611384, 0.019553505001281703, 0.00069759530046577256, 2.3341485067624568e-05, 9.8521191307264193e-05, 0.00093458028867563847, 0.19501728902251697, 2.4158575106229183e-08, 6.1071673939360557e-09, 2.2674642141883141e-16, 9.1897714568904578e-17, 7.9973545223661215e-16, 4.6331901061164278e-17, 1.573206449691049e-14, 2.3056661974350333e-14, 0.036886371265633239, 0.070807102510444989, 6.2230803469012612e-09, 2.8599954871032095e-10, 1.8226358540585986e-15, 2.8049081158064486e-17, 4.4953986954216587e-16, 2.4947879419580268e-21, 2.1644405833939935e-18, 3.4775280175551492e-23, 1.1318330534715235e-22, 2.6069516716015712e-27, 5.5767552546080476e-28, 8.4997512975956865e-18, 3.4055902751944063e-17, 2.8368386857941585e-20, 7.9930868554480427e-09, 3.5371162350325067e-09, 3.9864747735518661e-09, 3.515554807389507e-08, 1.2719417985567961e-09, 0.00024576712723711931, 6.9414802790874753e-09, 1.2840225196889794e-08, 9.8683740462984697e-09, 9.6497146205058962e-13, 9.180757342679943e-10, 5.2069426656150087e-16, 4.0679369092389437e-20, 6.6091263388571252e-16, 9.2641834833235302e-12, 3.5829033283455191e-09, 4.5708203261646785e-11, 0.7047242295799182, 0.0, 1.5190116608806923e-40, 3.0739029017931236e-41, 2.9892055113392211e-22, 1.7220939409990718e-22, 0.0, 
1.2142857142857144, 2125.2085976677554, 0.030349725753396135, 0.00064668108758361286, 7.7815883248242085e-06, 2.1307205152041183e-05, 0.0005156681949185256, 0.19531331177109323, 6.3994177164293181e-09, 2.4429001947375038e-09, 2.1782291914357328e-16, 1.2893375449440664e-16, 1.8394812361654231e-15, 1.0149878941728678e-16, 6.2143983460505376e-14, 1.5111174399484048e-13, 0.049586948448604319, 0.063535206126780541, 8.4844223226889594e-09, 5.9146793350420788e-10, 4.1188279175162402e-15, 6.0869417196444867e-17, 1.6229208085526747e-15, 8.9512037819146219e-21, 1.5085842235999247e-17, 2.7592867652736209e-22, 1.5474732938061808e-21, 4.0580464171554089e-26, 1.4075720733856737e-26, 2.3728977070228285e-17, 1.5872481351043003e-16, 1.1088309955074869e-19, 4.2415985890789307e-09, 2.7380664357881846e-09, 4.7854837885157138e-09, 7.2023297322664418e-08, 1.1270622674533636e-09, 0.00010096051841627786, 1.4190075847881211e-09, 5.2406723454302996e-09, 4.9213478770184385e-09, 1.3391950458434079e-12, 2.3648962987155461e-09, 1.4309513041124509e-15, 6.6437646229001541e-20, 7.4206318016705815e-16, 1.3394450037448967e-11, 5.9236275521321484e-09, 4.3631170434482464e-11, 0.7005084207874076, 0.0, 9.1339935892930016e-39, 3.0033126745784826e-39, 1.5774516485942667e-21, 1.4522029110268958e-21, 0.0, 
1.2795918367346939, 2073.3946892493268, 0.042498749119501668, 0.00055800307566379246, 2.7258321788887238e-06, 5.3257062227875251e-06, 0.00028954602136331065, 0.19404767047350679, 1.8596129427210396e-09, 1.0320692450587898e-09, 1.6520703073922991e-16, 1.3719089369784811e-16, 3.1056847666950392e-15, 1.6267619344788743e-16, 1.7503899140956256e-13, 6.8474224820032666e-13, 0.060980835389155948, 0.057504343864218183, 9.9169186947397179e-09, 1.0101440136184808e-09, 7.2396296044181604e-15, 1.0249091968196744e-16, 4.4051723349259624e-15, 2.0572511183919801e-20, 6.5967996399481246e-17, 1.2972008288086603e-21, 1.2180468345509034e-20, 3.4348675289199477e-25, 1.8693916273337304e-25, 4.7249427083497622e-17, 5.1159752332433985e-16, 2.9624544180580984e-19, 2.1560316977497782e-09, 1.9496644984799033e-09, 5.0969250447808801e-09, 1.2710483679377521e-07, 9.2774066846199903e-10, 4.4220748032628224e-05, 3.3423784890652127e-10, 2.2820859459922465e-09, 2.4835014354981119e-09, 1.5052825232466292e-12, 4.8180245542762004e-09, 2.9246674528852078e-15, 8.3270326188696481e-20, 7.057049836561504e-16, 1.668165160079583e-11, 8.5152080801080605e-09, 3.7264532647576955e-11, 0.6963004225334134, 0.0, 2.2745714209783804e-37, 1.1761332691517727e-37, 5.4355812603456813e-21, 7.7302617551388502e-21, 0.0, 
1.3448979591836736, 2022.1965619758487, 0.055662903614678953, 0.00046001949722870817, 9.869681198222169e-07, 1.4621748301189644e-06, 0.00016444507684611887, 0.19159206161233175, 5.7389044028849254e-10, 4.5156661373449063e-10, 1.0846916761478524e-16, 1.2305974196932234e-16, 4.3237776822845213e-15, 2.145697435973691e-16, 3.9864949292254972e-13, 2.4578752924022319e-12, 0.071190025244598013, 0.052593706364976969, 1.0556968524183207e-08, 1.5328681007097515e-09, 1.0880154908107495e-14, 1.4735433463963261e-16, 9.9949315564699396e-15, 3.5950424737429528e-20, 2.1613095375000651e-16, 4.4037956903628063e-21, 6.7898410911545897e-20, 1.9847871279159745e-24, 1.6580999372753902e-24, 7.6582685471098847e-17, 1.3146595150808186e-15, 6.2664189387167106e-19, 1.0678022272120537e-09, 1.3168874435384952e-09, 5.0273149273156268e-09, 2.0360920557122222e-07, 7.288139319310056e-10, 2.0198715456822146e-05, 8.6332623282748902e-11, 1.037064094307567e-09, 1.2637786683678172e-09, 1.4875425495027651e-12, 8.4888424866335754e-09, 4.9698195297133556e-15, 8.8643242315877309e-20, 6.0697260925734613e-16, 1.8978967065177419e-11, 1.1246763924555651e-08, 2.9819362945920212e-11, 0.69212697805565859, 0.0, 3.2622216672767314e-36, 2.5954224876831749e-36, 1.4391476472496794e-20, 3.0913327297073094e-20, 0.0, 
1.4102040816326533, 1972.0088985044547, 0.069578830080426757, 0.00036678417015201936, 3.6419156467980375e-07, 4.265994835517688e-07, 9.3889805706434643e-05, 0.18822836308557128, 1.8382428725446409e-10, 2.0172817486627757e-10, 6.4386490628305956e-17, 9.8055484577708099e-17, 5.2731419002869111e-15, 2.4751426405741108e-16, 7.8597425820059949e-13, 7.5426976935870711e-12, 0.080412504689610267, 0.048606462380360926, 1.0553268430520248e-08, 2.1495015671611387e-09, 1.4700758994656728e-14, 1.9026859787341657e-16, 2.0098445355198279e-14, 5.2203996727168575e-20, 5.8384235723219544e-16, 1.2008091443190194e-20, 3.0047027140303092e-19, 8.8708026200297304e-24, 1.1220111792172532e-23, 1.0821204206104747e-16, 2.9078080639329621e-15, 1.1344291201512385e-18, 5.1759356904521763e-10, 8.5514367943594095e-10, 4.6938672043924874e-09, 3.0500142182065582e-07, 5.5324520160409971e-10, 9.4718097857315001e-06, 2.3666178564729053e-11, 4.8417838590662937e-10, 6.4496692293947216e-10, 1.3461818710677971e-12, 1.3570841404112292e-08, 7.4492958210704935e-15, 8.4357231327424588e-20, 4.8746378955115801e-16, 2.0328615640772361e-11, 1.4052693267415586e-08, 2.2841477597387165e-11, 0.68799688583365837, 0.0, 3.2313801276588127e-35, 3.9020728444855731e-35, 3.1949009854745615e-20, 1.0219071341402124e-19, 0.0, 
1.4755102040816328, 1922.9201612950403, 0.084039334128986537, 0.00028471037135543894, 1.3551773451573102e-07, 1.29384657985978e-07, 5.3634469260115691e-05, 0.18417493645779878, 6.0155946177555134e-11, 9.110767103517021e-11, 3.5364879565299239e-17, 7.1459817741389997e-17, 5.8340802386022129e-15, 2.5860924488500086e-16, 1.3972881713846867e-12, 2.0732416027533012e-11, 0.088832686299838454, 0.045359327196859291, 1.007835874729041e-08, 2.8505341214629821e-09, 1.8392206304569096e-14, 2.2726094735884571e-16, 3.7107139523967828e-14, 6.6294370742603458e-20, 1.3762255776295541e-15, 2.8009437679051191e-20, 1.130701908199026e-18, 3.3056121095234041e-23, 6.28046369552214e-23, 1.386583556534757e-16, 5.7918978356002676e-15, 1.8393450552103131e-18, 2.4576279233970332e-10, 5.375113017352253e-10, 4.2015195578794959e-09, 4.3520592009817299e-07, 4.0851567151930677e-10, 4.5107182338596413e-06, 6.7358073570101867e-12, 2.2973664899392348e-10, 3.2858939968226019e-10, 1.141249313474177e-12, 2.025196691768304e-08, 1.0197574336975984e-14, 7.3876585519947114e-20, 3.7198780762763233e-16, 2.0853590294736045e-11, 1.6894836414572978e-08, 1.6937103905961824e-11, 0.68391301799993287, 0.0, 2.4661573835024873e-34, 4.4848852925072038e-34, 6.2614374316738913e-20, 2.9573902016389759e-19, 0.0, 
1.5408163265306123, 1874.9233776426893, 0.098884886350106005, 0.00021599654489140146, 5.0449498372305064e-08, 4.0168711907752006e-08, 3.0542570461641697e-05, 0.1795989759218207, 1.9884968292820879e-11, 4.1303861097965392e-11, 1.8217482031068636e-17, 4.8479092200119061e-17, 5.9854449480033398e-15, 2.5015550847419108e-16, 2.2994299797178969e-12, 5.2624369824205603e-11, 0.096602829982021576, 0.042701141930695394, 9.2915299182925124e-09, 3.6278142638309791e-09, 2.1708450796636207e-14, 2.5582080306833093e-16, 6.436139630400655e-14, 7.6004207434230299e-20, 2.9350778174826951e-15, 5.8181865270820669e-20, 3.7830488084909334e-18, 1.0781336167056187e-22, 3.0657865667479884e-22, 1.6510460370914748e-16, 1.0692045831580294e-14, 2.7485873491677123e-18, 1.1425891329534477e-10, 3.2826776034785963e-10, 3.6344154588102715e-09, 5.9884738558603227e-07, 2.9455658620073486e-10, 2.1646006967012035e-06, 1.9599692538130455e-12, 1.0992667729269118e-10, 1.6649512457664259e-10, 9.1887017011718152e-13, 2.8726567883205222e-08, 1.3033744597482105e-14, 6.0607654238610689e-20, 2.7253442067662785e-16, 2.0703973116312848e-11, 1.9752218389751981e-08, 1.223420057148466e-11, 0.67987607777638248, 0.0, 1.5566439343034307e-33, 4.2482458810709844e-33, 1.1193912253831529e-19, 7.7752737001496282e-19, 0.0, 
1.6061224489795918, 1827.9820675413978, 0.11399465062575929, 0.00016054346110394731, 1.8674234713032465e-08, 1.2621582845504833e-08, 1.7287889589918855e-05, 0.17462717357568019, 6.5832756065541128e-12, 1.8695336273597716e-11, 8.8738926767679856e-18, 3.0963671444759281e-17, 5.7776615638004674e-15, 2.2728895213390536e-16, 3.5658352083863898e-12, 1.2598144863015604e-10, 0.10384312834481529, 0.040512789501188633, 8.3251082340175643e-09, 4.474726449379349e-09, 2.4476538315703837e-14, 2.7478968330201485e-16, 1.0653304510818036e-13, 8.0331957802101232e-20, 5.8036659312251679e-15, 1.1059075045695146e-19, 1.160166920260384e-17, 3.1815712470913863e-22, 1.3535341951691136e-21, 1.856441334113936e-16, 1.8649845822157005e-14, 3.8583179753679417e-18, 5.1965552051586208e-11, 1.952068355255946e-10, 3.0543623260094239e-09, 8.0150287235675409e-07, 2.0788536892247873e-10, 1.0406210279878282e-06, 5.7644380612307018e-13, 5.2734503405616734e-11, 8.3649416824438382e-11, 7.0880278617401399e-13, 3.9205852535385703e-08, 1.5785718717425126e-14, 4.711972764232139e-20, 1.9294010970036885e-16, 2.0030028350531589e-11, 2.2614598434746779e-08, 8.6403983423835561e-12, 0.67588590914215552, 0.0, 8.5302158212696417e-33, 3.4925483425660486e-32, 1.8661355271845397e-19, 1.904541676981541e-18, 0.0, 
1.6714285714285715, 1782.0526611319067, 0.12927781984237846, 0.00011708617255386726, 6.8393311959291842e-09, 3.9791781649374493e-09, 9.7032695606616865e-06, 0.1693551427267318, 2.1683976893415159e-12, 8.4127102463677374e-12, 4.1084951542090206e-18, 1.8758598040527707e-17, 5.3001446677763819e-15, 1.9591134288541542e-16, 5.2771678460448385e-12, 2.8881409856250591e-10, 0.11064681027751219, 0.038702090945861418, 7.2817329298565998e-09, 5.3861028978697179e-09, 2.6593288136293854e-14, 2.8409429028655827e-16, 1.701744558099758e-13, 7.9410455633988227e-20, 1.0824890404149206e-14, 1.9606718994677239e-19, 3.3330146985546372e-17, 8.6983189538014781e-22, 5.5481721317453825e-21, 1.9928658819303159e-16, 3.1156820750639542e-14, 5.1556611828453507e-18, 2.309434373249784e-11, 1.1316430869259045e-10, 2.5029108995875627e-09, 1.0499746968551992e-06, 1.4381642012577607e-10, 4.9889951317096135e-07, 1.698676039984668e-13, 2.524858137305627e-11, 4.1565431040572929e-11, 5.2687958720121719e-13, 5.192712543765607e-08, 1.8305418174289459e-14, 3.4987867366270265e-20, 1.3253617164104819e-16, 1.8969490683858608e-11, 2.5478428705226872e-08, 5.9795061387324365e-12, 0.67194199874089677, 0.0, 4.2012115495725768e-32, 2.5863807350678064e-31, 2.9461982733662089e-19, 4.4251282759762191e-18, 0.0, 
1.7367346938775512, 1737.0920815981074, 0.1446662632688808, 8.3868528897007425e-05, 2.468259356827663e-09, 1.2500679118597764e-09, 5.3895489167704864e-06, 0.16385513175109223, 7.0675364022194198e-13, 3.7504256506070433e-12, 1.8137847816579642e-18, 1.0833874530534253e-17, 4.6535440815553816e-15, 1.6132179243328243e-16, 7.5224321269912252e-12, 6.4128696586029978e-10, 0.11708586755920969, 0.037198080457635417, 6.2365273112114833e-09, 6.3580429588211626e-09, 2.8015632374606382e-14, 2.8444216491347803e-16, 2.6450637943260638e-13, 7.4170128598579533e-20, 1.9286246914958087e-14, 3.287727663843796e-19, 9.1155752537512431e-17, 2.241981857445643e-21, 2.153047119512337e-20, 2.0583367417337483e-16, 5.0347455797790418e-14, 6.6207246983537761e-18, 1.0016724190408077e-11, 6.3992285958653537e-11, 2.004988505887846e-09, 1.3526049623865852e-06, 9.7611698527056232e-11, 2.3765119286844109e-07, 4.9805627277189664e-14, 1.2020969658510026e-11, 2.0382201772115974e-11, 3.7889223090104195e-13, 6.7162580856147699e-08, 2.0476662657618684e-14, 2.4946557809165497e-20, 8.8578876054966708e-17, 1.7642357518714057e-11, 2.8344372931240743e-08, 4.0600009373039939e-12, 0.66804368260359459, 0.0, 1.9078758158203773e-31, 1.7736559464587686e-30, 4.4545082182789087e-19, 9.8823903286393477e-18, 0.0, 
1.8020408163265309, 1693.0598532219976, 0.16010874246598555, 5.9035221867439568e-05, 8.7466390510246026e-10, 3.8910711556482222e-10, 2.9570953729372269e-06, 0.15818199017585105, 2.2690794196208007e-13, 1.6514635399400151e-12, 7.6498242726602926e-19, 5.9851475212806875e-18, 3.9306436419617318e-15, 1.2754336978852575e-16, 1.0400508890531665e-11, 1.3912292585989413e-09, 0.12321602748688379, 0.035946032475161038, 5.2411496099081374e-09, 7.3877228719582396e-09, 2.874871512552134e-14, 2.7703997640125029e-16, 4.0255305787601553e-13, 6.5939279191653424e-20, 3.3134813281875594e-14, 5.2689240299421019e-19, 2.402663634000983e-16, 5.5206052736733432e-21, 8.0293803773857753e-20, 2.0569986759365191e-16, 7.9279392553922174e-14, 8.2284481947027611e-18, 4.2345413889518113e-12, 3.5303702408433567e-11, 1.5728630334650124e-09, 1.7196568530396713e-06, 6.5028881733865373e-11, 1.121324070124563e-07, 1.4446217857709186e-14, 5.6737522643780827e-12, 9.8436911763696309e-12, 2.6430137957386145e-13, 8.522848409942614e-08, 2.2217779562414572e-14, 1.7144229223262712e-20, 5.7698557638737898e-17, 1.6149551548565629e-11, 3.1215810589462436e-08, 2.7065486939297461e-12, 0.66419023595085813, 0.0, 8.1461714497791984e-31, 1.1505057609775033e-29, 6.50403225878521e-19, 2.1426885027845278e-17, 0.0, 
1.8673469387755104, 1649.919277711052, 0.17556652198017639, 4.0846580515713348e-05, 3.0339185481667616e-10, 1.1942786999169228e-10, 1.6001001386887077e-06, 0.1523776653089724, 7.1476147420113272e-14, 7.1639861316259466e-13, 3.0854613218788323e-19, 3.1699364813307584e-18, 3.2059224958169134e-15, 9.7170361615014451e-17, 1.4022119049411483e-11, 2.9692650031053399e-09, 0.12908072621591754, 0.034903489596364849, 4.3283121478928684e-09, 8.473227982648228e-09, 2.8834084841827082e-14, 2.6336063261176674e-16, 6.0278502702934128e-13, 5.610246778227859e-20, 5.5297510877186034e-14, 8.1350200312100918e-19, 6.1622748010520754e-16, 1.3121462474037757e-20, 2.9118134948927701e-19, 1.9972480351845465e-16, 1.2234207685251379e-13, 9.9502460467351879e-18, 1.7424201467799626e-12, 1.8998777310065761e-11, 1.2098078937598315e-09, 2.1637855932459069e-06, 4.2530180927852863e-11, 5.2266666763543226e-08, 4.1247786234296337e-15, 2.647761672053708e-12, 4.6736710016774427e-12, 1.7916385747342173e-13, 1.0649548446571616e-07, 2.3480778544479629e-14, 1.1386433240491523e-20, 3.6669734037780518e-17, 1.4573591978290823e-11, 3.4097952053294893e-08, 1.7719970613984806e-12, 0.66038091358333595, 0.0, 3.3205145853222483e-30, 7.1782382455127727e-29, 9.2295846214196818e-19, 4.5458971086684028e-17, 0.0, 
1.9326530612244899, 1607.6352969098934, 0.19101018079076668, 2.7780696561629657e-05, 1.0271029035948185e-10, 3.5990478066455343e-11, 8.5255295306906327e-07, 0.1464744610017, 2.2010754105047762e-14, 3.0540631449627303e-13, 1.1904923375495852e-19, 1.6118004658177581e-18, 2.5318486208144123e-15, 7.1524876983018981e-17, 1.8512283707940633e-11, 6.2695200254435041e-09, 0.13471407986873826, 0.034037291510747976, 3.5159804297066836e-09, 9.6134194164988513e-09, 2.8338646109353145e-14, 2.4495984706037163e-16, 8.9152161858490017e-13, 4.5865827984898997e-20, 9.016128939193247e-14, 1.2176706444110402e-18, 1.5498686734292783e-15, 3.0353068401064035e-20, 1.03672518522548e-18, 1.8899735341352252e-16, 1.8585805742573361e-13, 1.1755372969093523e-17, 6.9682889750724583e-13, 9.9693340630478248e-12, 9.1314444627840284e-10, 2.7006493471727109e-06, 2.7305141907609012e-11, 2.4008780560957548e-08, 1.1542942319441864e-15, 1.2187827586025392e-12, 2.1776288912043661e-12, 1.1816187836376772e-13, 1.3140099000553209e-07, 2.4248064715937037e-14, 7.3215717053960499e-21, 2.2751532364938204e-17, 1.2979996776428826e-11, 3.69973355926431e-08, 1.139371083515299e-12, 0.65661496840913169, 0.0, 1.3080548168277349e-29, 4.366770709285605e-28, 1.2792733576932439e-18, 9.4967652971998366e-17, 0.0, 
1.9979591836734696, 1566.1762389677986, 0.20641717847705598, 1.8569877974598251e-05, 3.3843820479160265e-11, 1.0608081882145221e-11, 4.4661777107565124e-07, 0.14049752349620237, 6.6041780008025314e-15, 1.2765626528973108e-13, 4.3932833575533285e-20, 7.8738416809577737e-19, 1.9399224810936122e-15, 5.0961520823012836e-17, 2.4013364963612448e-11, 1.3157504858062053e-08, 0.14014320928307653, 0.033321250600303116, 2.811194499168424e-09, 1.0807827805373032e-08, 2.734554509209672e-14, 2.2334816957506617e-16, 1.3064519289528066e-12, 3.6138728720688657e-20, 1.442970652394245e-13, 1.7758799375165607e-18, 3.8470645195726668e-15, 6.8797773470564306e-20, 3.6529362593050709e-18, 1.7471247261297132e-16, 2.7897194346862908e-13, 1.3612171709088949e-17, 2.7043155660483885e-13, 5.0977674285990743e-12, 6.766686760510406e-10, 3.3496707718766946e-06, 1.7204437665796914e-11, 1.0844238875569167e-08, 3.153377208752978e-16, 5.5215084709808927e-13, 9.9400388380652308e-13, 7.5873493845677424e-14, 1.6046417396409906e-07, 2.4528279872105053e-14, 4.5634215930892706e-21, 1.378387383132627e-17, 1.1419334654795686e-11, 3.9921552458421452e-08, 7.193318596807759e-13, 0.6528916598135136, 0.0, 5.030205046602634e-29, 2.6195215144344328e-27, 1.7388085596548315e-18, 1.9636788009076711e-16, 0.0, 
2.0632653061224491, 1525.5123426492332, 0.22177012467948906, 1.2196133457314801e-05, 1.0825258372852294e-11, 3.0470681669649255e-12, 2.2969009157136372e-07, 0.13446661178851341, 1.9245076760123549e-15, 5.2200795588059362e-14, 1.5496761600172643e-20, 3.6964584273920374e-19, 1.4441476852231595e-15, 3.5192716767684394e-17, 3.0688868024510569e-11, 2.7554269569525988e-08, 0.14538991563683423, 0.032734475017989595, 2.2131841709087065e-09, 1.2056576322179573e-08, 2.5946299173514127e-14, 1.9990145166118067e-16, 1.9018565252452483e-12, 2.7504511989815688e-20, 2.275604732909493e-13, 2.5338715214038356e-18, 9.4753062077036973e-15, 1.5365441849026776e-19, 1.2824846386424299e-17, 1.580554948351523e-16, 4.1497876327829497e-13, 1.5489085199442099e-17, 1.0167950760516098e-13, 2.5381984930312216e-12, 4.9241496093591415e-10, 4.1350369054004634e-06, 1.0634282755407472e-11, 4.8060534877321148e-09, 8.3783172011872715e-17, 2.456769273731045e-13, 4.437320009264164e-13, 4.7450318780475871e-14, 1.9430493538207295e-07, 2.4351252580409548e-14, 2.7590637369052384e-21, 8.1538108466687543e-18, 9.9291466669408432e-12, 4.2879125463422201e-08, 4.4574383288234594e-13, 0.64921025707148328, 0.0, 1.904439718692215e-28, 1.5645635608289889e-26, 2.3251383876844774e-18, 4.0364027952770694e-16, 0.0, 
2.1285714285714286, 1485.6153561002272, 0.23705547722881021, 7.8666869799480652e-06, 3.3522099589835933e-12, 8.4998527851228016e-13, 1.1579259192513027e-07, 0.12839743367378961, 5.4295852539932358e-16, 2.0836054441077795e-14, 5.2198266653474156e-21, 1.6673861167730877e-19, 1.0455455668333664e-15, 2.3575036126694769e-17, 3.8728217421223073e-11, 5.7781257530917511e-08, 0.15047196284209224, 0.032260086033908987, 1.7159325986799656e-09, 1.3360325319350893e-08, 2.4234572889118915e-14, 1.7580777953070494e-16, 2.7564053785237386e-12, 2.025322077103359e-20, 3.5477982263590986e-13, 3.5490806685416078e-18, 2.3266140651925957e-14, 3.3978862607216773e-19, 4.5131552627688056e-17, 1.4011940043343118e-16, 6.133258184270008e-13, 1.735553214813173e-17, 3.6973460673438906e-14, 1.2293818063392002e-12, 3.5189886253088837e-10, 5.0869953022101775e-06, 6.4447766430454261e-12, 2.0856201258002043e-09, 2.1572116107852238e-17, 1.0714164836909481e-13, 1.9338122099685872e-13, 2.8903249686302561e-14, 2.3366800313537647e-07, 2.3762903108469096e-14, 1.6186999285273545e-21, 4.7080851276640466e-18, 8.5358922816278057e-12, 4.5879486929771959e-08, 2.7095532539962902e-13, 0.64557004056769762, 0.0, 7.1507228599551726e-28, 9.3831374720044207e-26, 3.0669995441414213e-18, 8.2790691347111464e-16, 0.0, 
2.1938775510204085, 1446.459523381501, 0.25226249718330235, 4.9805801063435598e-06, 1.0022935830204468e-12, 2.2948272514860514e-13, 5.7131983219432762e-08, 0.12230270687556349, 1.4784185527860495e-16, 8.0999779193653937e-15, 1.6768161633509851e-21, 7.2231158612637575e-20, 7.3663446345873726e-16, 1.532680801214758e-17, 4.835278240804564e-11, 1.2170584494208011e-07, 0.15540409626060919, 0.031884193343173065, 1.310211903691482e-09, 1.4720230036959673e-08, 2.2301517478413192e-14, 1.5204320602338523e-16, 3.9848779646954843e-12, 1.4446382352360138e-20, 5.4836770225681811e-13, 4.8938802783908974e-18, 5.7191094618019797e-14, 7.4712542800354919e-19, 1.6004311025031253e-16, 1.218523824786027e-16, 9.0265492626133019e-13, 1.91827240326558e-17, 1.2978369550804724e-14, 5.7861151541978021e-13, 2.4693088213362883e-10, 6.2435218088237361e-06, 3.82691850863221e-12, 8.8439426084733584e-10, 5.3635468538890253e-18, 4.5704971637752956e-14, 8.2126314928670314e-14, 1.7144973353419749e-14, 2.7945369104320892e-07, 2.2820504205447847e-14, 9.2156352388751744e-22, 2.652196534880237e-18, 7.2568296320111413e-12, 4.893301557702941e-08, 1.6146546345187206e-13, 0.64197030143108635, 0.0, 2.6800023877228632e-27, 5.6934219683448816e-25, 3.9996555069824318e-18, 1.7000889852212601e-15, 0.0, 
2.2591836734693875, 1408.019353208362, 0.26738252184770789, 3.0930924414787863e-06, 2.8854909490328092e-13, 5.9759419853971995e-14, 2.7544122983454182e-08, 0.11619288823356287, 3.8726545355842036e-17, 3.0596275619467518e-15, 5.129095451903242e-22, 3.0025817509404571e-20, 5.0521765238834333e-16, 9.6721254056858565e-18, 5.9823625719355551e-11, 2.5822557757797833e-07, 0.16019873375436525, 0.031595193541639428, 9.8509217200024898e-10, 1.613791929180954e-08, 2.0231965042728909e-14, 1.2936422705546086e-16, 5.7560326901325483e-12, 9.9895479890192722e-21, 8.4241181422064369e-13, 6.6599506470082444e-18, 1.412716086824309e-13, 1.639603132721274e-18, 5.7471641828551254e-16, 1.0402621269858989e-16, 1.3254902706289246e-12, 2.0944210947064739e-17, 4.3887879133681565e-15, 2.6428575656178701e-13, 1.7008670212094701e-10, 7.6525684774917282e-06, 2.2247558929566919e-12, 3.6568347459023131e-10, 1.283161008262825e-18, 1.9031933122427111e-14, 3.3922825334884365e-14, 9.9000393289290187e-15, 3.3275837177923706e-07, 2.1587914053531463e-14, 5.0902270568876495e-22, 1.4566052089092375e-18, 6.1015800690668415e-12, 5.2051177108058753e-08, 9.4250943327218471e-14, 0.63841034053338164, 0.0, 1.0084751695860106e-26, 3.5197031417552261e-24, 5.1666965956135207e-18, 3.5056919606753592e-15, 0.0, 
2.324489795918367, 1370.2716419709618, 0.28240820657226012, 1.8827616478642598e-06, 7.9755403693206226e-14, 1.495799485323432e-14, 1.295360749628941e-08, 0.11007689777919852, 9.7266406918526267e-18, 1.1202636045081183e-15, 1.4911874362370239e-22, 1.1964227681638684e-20, 3.3733480223162092e-16, 5.9241881468202811e-18, 7.3451403123732485e-11, 5.5335458979871542e-07, 0.16486662888621498, 0.031383081520829012, 7.2910485559033969e-10, 1.7615471543641539e-08, 1.8102191742955136e-14, 1.0831965510531118e-16, 8.3199349014948443e-12, 6.7000386760674585e-21, 1.2891456834205138e-12, 8.9642443950657419e-18, 3.5191202190620165e-13, 3.6036265681489833e-18, 2.0995300909777028e-15, 8.7229372750865463e-17, 1.9455147722105569e-12, 2.2616535570346702e-17, 1.4266967285467447e-15, 1.1698666235918096e-13, 1.1495082786466755e-10, 9.3749474960635471e-06, 1.2650623043392091e-12, 1.4712284039702634e-10, 2.9431151017534229e-19, 7.7197522395189633e-15, 1.3601068988980202e-14, 5.5616547561280481e-15, 3.9492667770420108e-07, 2.0131859753854623e-14, 2.7265300500762015e-22, 7.7926395442598269e-19, 5.0737193040854094e-12, 5.5246610253527026e-08, 5.3842711112536661e-14, 0.63488946687261916, 0.0, 3.8307525770761958e-26, 2.2314652554820943e-23, 6.6224155161212798e-18, 7.2793822488883506e-15, 0.0, 
2.3897959183673469, 1333.1945259602223, 0.29733286921957963, 1.122292634108081e-06, 2.1101407649485937e-14, 3.58588892678814e-15, 5.9317363742363308e-09, 0.10396266524434188, 2.3343109225401403e-18, 3.9658200260720143e-16, 4.1120835454684898e-23, 4.5637965155416394e-21, 2.1925428181339894e-16, 3.5208083244559471e-18, 8.9609200173104169e-11, 1.2006737399643935e-06, 0.16941729118183432, 0.031238969710247994, 5.3102553703347996e-10, 1.915539722017425e-08, 1.5978227471814548e-14, 8.9268842086119608e-17, 1.2050350457278619e-11, 4.3598366247264451e-21, 1.9693272819848642e-12, 1.1957203322520769e-17, 8.8699450634044826e-13, 7.9577911838744921e-18, 7.8369984357459512e-15, 7.1871783434869663e-17, 2.859030761610752e-12, 2.4179628986106012e-17, 4.4481740444554435e-16, 5.0107027241207392e-14, 7.6182203011728672e-11, 1.1488212996306135e-05, 7.0289817002531734e-13, 5.7464577970132273e-11, 6.4477179150582707e-20, 3.0435233959473947e-15, 5.2820431912878245e-15, 3.037576002892016e-15, 4.6762074046615631e-07, 1.8518415806782961e-14, 1.415361817553793e-22, 4.0569341709085525e-19, 4.1720493499265568e-12, 5.8533265455768193e-08, 3.0072323656175627e-14, 0.63140699525418398, 0.0, 1.4764066412696857e-25, 1.4600066491795246e-22, 8.4349829589075275e-18, 1.526066541378536e-14, 0.0, 
2.4551020408163264, 1296.7682188221318, 0.31214960894169419, 6.5449063856555412e-07, 5.3273309097638304e-15, 8.202938389755918e-16, 2.6398263915238084e-09, 0.097857732633432004, 5.3336969431611207e-19, 1.3537595603104397e-16, 1.0730992955720332e-23, 1.6640375008439565e-21, 1.3867985987098177e-16, 2.0293333077199352e-18, 1.0874899969821673e-10, 2.6444022621931227e-06, 0.17385930130114766, 0.031154630799904815, 3.8040416123277852e-10, 2.0760596623134915e-08, 1.3915094894949779e-14, 7.2407401781947239e-17, 1.7510973126347763e-11, 2.7526981497625413e-21, 3.0090916807388808e-12, 1.583417221167598e-17, 2.2694412688711494e-12, 1.7710088306666776e-17, 3.0018303312432903e-14, 5.8201821362094503e-17, 4.2132009819341246e-12, 2.5617163913347193e-17, 1.3268853716587469e-16, 2.0731242193806007e-14, 4.9476377531380421e-11, 1.4091770202526353e-05, 3.8118318318413226e-13, 2.1739882084886583e-11, 1.3439898698441248e-20, 1.1636378674871845e-15, 1.9824515963774732e-15, 1.6115353709059535e-15, 5.5291088927686483e-07, 1.6810288148326501e-14, 7.1147776954088969e-23, 2.0529881864453295e-19, 3.3917638580212321e-12, 6.1926512615878026e-08, 1.6403185391576741e-14, 0.62796224343798357, 0.0, 5.8016833819032535e-25, 9.9186642814198237e-22, 1.069069040397515e-17, 3.2381830498226286e-14, 0.0, 
2.5204081632653064, 1260.9760534815778, 0.32684987760410306, 3.7302062872463588e-07, 1.2792113897288e-15, 1.783764351054288e-16, 1.1394784876097634e-09, 0.0917699908243233, 1.1559668123423825e-19, 4.4435123342757926e-17, 2.643667192985215e-24, 5.7898904018096661e-22, 8.5324327044871862e-17, 1.1336800255765776e-18, 1.3142230391747874e-10, 5.9257383929547766e-06, 0.17820035358763639, 0.031122108814224728, 2.6787784827857526e-10, 2.2434247977138548e-08, 1.1956641653956957e-14, 5.779549430480778e-17, 2.5559776393446439e-11, 1.6862233859130909e-21, 4.6076614129100079e-12, 2.0851244796571221e-17, 5.9127651738728918e-12, 3.9837252804781088e-17, 1.1847644798512728e-13, 4.6329707723877144e-17, 6.2354103429125713e-12, 2.6916706030536172e-17, 3.7772615904104941e-17, 8.2705403003933509e-15, 3.1463509254659226e-11, 1.7313608240818282e-05, 2.0151612915683084e-13, 7.9471233586393531e-12, 2.6548881264596148e-21, 4.3043866708052705e-16, 7.1738770955854025e-16, 8.2972577729235243e-16, 6.5339314875468421e-07, 1.5064682032111587e-14, 3.4601201663213704e-23, 1.0085729832505937e-19, 2.7254610447616354e-12, 6.5443137586330744e-08, 8.7277122290732821e-15, 0.6245545282853302, 0.0, 2.335490340860426e-24, 7.0384199539022562e-21, 1.3499580473952786e-17, 6.971523450980784e-14, 0.0, 
2.5857142857142854, 1225.8104265783775, 0.34142042438348463, 2.0756513781410837e-07, 2.9124344628521115e-16, 3.6737491126699767e-17, 4.7613842517530923e-10, 0.0857090171123044, 2.367749808626191e-20, 1.398599438002946e-17, 6.1341731295060178e-25, 1.9193368511955182e-22, 5.1043016000760511e-17, 6.1345149547680459e-19, 1.583035414578011e-10, 1.3540060337452387e-05, 0.18244687912515253, 0.03113323926329075, 1.8532960433584973e-10, 2.4179468205957862e-08, 1.0136141347680208e-14, 4.5388215426132791e-17, 3.7513011998706905e-11, 1.0021001450144694e-21, 7.0832098894722627e-12, 2.7346835172301261e-17, 1.5732806910062366e-11, 9.0817054067760287e-17, 4.8368031524350353e-13, 3.6255774470569863e-17, 9.2806688239581579e-12, 2.8069864721531816e-17, 1.0236613139140724e-17, 3.1759253726093736e-15, 1.9576812710667057e-11, 2.1318614539741633e-05, 1.037316887449048e-13, 2.8006495485079895e-12, 4.9509967983818158e-22, 1.5370323621795087e-16, 2.4972752650496884e-16, 4.1421469185850277e-16, 7.7233066804578538e-07, 1.3332129120606491e-14, 1.6265666944380123e-23, 4.8043197564295341e-20, 2.1640634352799316e-12, 6.9100875726222955e-08, 4.5247439414065204e-15, 0.62118316117617423, 0.0, 9.6734965769918986e-24, 5.2460516608297095e-20, 1.7002591563352485e-17, 1.526221285947334e-13, 0.0, 
2.6510204081632653, 1191.281947059912, 0.3558364728677359, 1.1267570612285993e-07, 6.2715324689915532e-17, 7.1447161469909871e-18, 1.9229487174501409e-10, 0.079688560189076413, 4.5699216718715287e-21, 4.211545006247031e-18, 1.3383002080312106e-25, 6.0548704712029306e-23, 2.9681727338966815e-17, 3.2139817504560708e-19, 1.9020896541939538e-10, 3.1602145407679346e-05, 0.1866022007650722, 0.031179329261987864, 1.2591502188990939e-10, 2.5998400207063561e-08, 8.4771357391277836e-15, 3.5063274015086285e-17, 5.5400192992237083e-11, 5.7783115695867512e-22, 1.0948537504596147e-11, 3.5768763588344794e-17, 4.2855733427419183e-11, 2.1028916861653493e-16, 2.0488511532204548e-12, 2.7897646208907052e-17, 1.3907677046379179e-11, 2.907166950837469e-17, 2.6360923606525879e-18, 1.1723347127238413e-15, 1.1910608464663458e-11, 2.6318012390696292e-05, 5.1945162606116495e-14, 9.4972210672610032e-13, 8.6892243822103395e-23, 5.2887104118255899e-17, 8.3471122627489264e-17, 2.0037990341360911e-16, 9.1379469300305277e-07, 1.1655669227316301e-14, 7.3866764398254788e-24, 2.2169518708550586e-20, 1.6975426764859169e-12, 7.2916770692693357e-08, 2.2836889410754722e-15, 0.61784744290758153, 0.0, 4.1374916434878315e-23, 4.12552160623091e-19, 2.1379535356506851e-17, 3.4036366038188638e-13, 0.0, 
2.7163265306122448, 1157.4480686049728, 0.37004475244119905, 5.9676760060896258e-08, 1.2770056798127464e-17, 1.3112905098744667e-18, 7.5039025186915359e-11, 0.073732453395572967, 8.3062812316574144e-22, 1.2125828429517868e-18, 2.7468585856215558e-26, 1.8186897754431931e-23, 1.6785989331911356e-17, 1.6311632412156819e-19, 2.2808129025911286e-10, 7.5372073996861071e-05, 0.19066139536065296, 0.031250769857647791, 8.4018633930876973e-11, 2.7889659720743611e-08, 6.9951384215684446e-15, 2.6648921944911916e-17, 8.2335054653837391e-11, 3.2357846295299236e-22, 1.7030759291774471e-11, 4.6699093086711554e-17, 1.1961007724983866e-10, 4.9501942329824047e-16, 9.0128359093791993e-12, 2.1118380280925005e-17, 2.099464506915035e-11, 2.9919121504391784e-17, 6.4512617981859834e-19, 4.1602834444999861e-16, 7.0862394831032798e-12, 3.2575015636134889e-05, 2.5307482670978423e-14, 3.0981342368318953e-13, 1.4343564284476016e-23, 1.7530798124845629e-17, 2.6782132321510207e-17, 9.3977348211150474e-17, 1.0826790938929537e-06, 1.007128382198108e-14, 3.2423617001399347e-24, 9.9118536746807599e-21, 1.3156376491647078e-12, 7.6901975986212965e-08, 1.1222400723084348e-15, 0.61454666049966722, 0.0, 1.8298735500907517e-22, 3.4275658792742252e-18, 2.6853491425007197e-17, 7.7361721160552897e-13, 0.0, 
2.7816326530612243, 1124.4856423336751, 0.38392172053891582, 3.0922399989904683e-08, 2.4746114860046855e-18, 2.2859801552448765e-19, 2.8397370256942846e-11, 0.067888747569463032, 1.4311073049339888e-22, 3.3535280447693945e-19, 5.3421045644099583e-27, 5.2301515769145851e-24, 9.2585721725763138e-18, 8.045915293858992e-20, 2.7284198474291062e-10, 0.00018309162101591998, 0.19459775531748172, 0.03133673879019562, 5.5157039704302219e-11, 2.9841462221192805e-08, 5.7002941584525431e-15, 1.9950636920336575e-17, 1.229394150022733e-10, 1.7655099301227518e-22, 2.6631924212389943e-11, 6.0839390982822418e-17, 3.4083258821211912e-10, 1.1813075338579317e-15, 4.0948312852697344e-11, 1.5753128303294808e-17, 3.188427779223022e-11, 3.0607617620263161e-17, 1.5094507711811506e-19, 1.4256271543554218e-16, 4.1319247817637225e-12, 4.0388895550744334e-05, 1.2032514106321171e-14, 9.7652019473799769e-14, 2.2425448177108477e-24, 5.622478430128168e-18, 8.2857988368072536e-18, 4.288438227111615e-17, 1.284151138707477e-06, 8.6098488706077253e-15, 1.3810865397924952e-24, 4.3086956816314671e-21, 1.0085667732913845e-12, 8.1046931661972831e-08, 5.3860913820502141e-16, 0.61128009511452808, 0.0, 8.3261525066742666e-22, 2.9853724281175031e-17, 3.3674649081508776e-17, 1.7866995136828535e-12, 0.0, 
2.8469387755102042, 1092.8522058446254, 0.39718038725716881, 1.5828379123938492e-08, 4.6737601635823899e-19, 3.8815405820696874e-20, 1.0568645193304896e-11, 0.062260533457090358, 2.397086285967794e-23, 9.0734955485411489e-20, 1.008674197088939e-27, 1.4670471644544761e-24, 5.0257358850578511e-18, 3.8985993677634792e-20, 3.2484070729717685e-10, 0.00044723114627405838, 0.19833112255513316, 0.03142562227451131, 3.5844926058719073e-11, 3.1814897299085429e-08, 4.601043941948206e-15, 1.4774920242523076e-17, 1.8334202308509287e-10, 9.4747909958732653e-23, 4.1614122395836232e-11, 7.8827939514950191e-17, 9.7695926362576787e-10, 2.8230861631350798e-15, 1.8802115620827439e-10, 1.1632336002786872e-17, 4.84282708737698e-11, 3.1122845232742514e-17, 3.4493986977049807e-20, 4.7921182903307868e-17, 2.3799994198078964e-12, 5.0003508208762673e-05, 5.6440470879520694e-15, 3.0239058471620289e-14, 3.4104960520499128e-25, 1.773520932364814e-18, 2.5139047604647778e-18, 1.9265874597697467e-17, 1.5212773265137687e-06, 7.3009463449610164e-15, 5.7819693478874767e-25, 1.8434489704043749e-21, 7.6771501108924087e-13, 8.5283933838688647e-08, 2.5519039479108748e-16, 0.60804706865769031, 0.0, 3.8150855272752616e-21, 2.6428237163100926e-16, 4.2031384256786771e-17, 4.1427396527948587e-12, 0.0, 
2.9122448979591833, 1063.5393009147383, 0.40922658208909285, 8.2009297260013349e-09, 9.1405819187282424e-20, 6.8465352295277966e-21, 4.0097558360092631e-12, 0.057052431070411559, 4.1653349254073641e-24, 2.5186606391545207e-20, 1.9644537498550027e-28, 4.2033857743167802e-25, 2.7450485989979655e-18, 1.9051403912880576e-20, 3.8246796224540151e-10, 0.0010633173785384632, 0.20167673412842702, 0.031507347518497909, 2.342142758481872e-11, 3.371423235403196e-08, 3.7070378436297391e-15, 1.0941886513451163e-17, 2.6912481870017357e-10, 5.1147709626263716e-23, 6.3917112320921945e-11, 1.0060941106377113e-16, 2.7106420572534933e-09, 6.5447192783798388e-15, 8.253548953653043e-10, 8.5952355158261451e-18, 7.2439632501608933e-11, 3.1429341240411798e-17, 8.1225026566321188e-21, 1.6439295478141758e-17, 1.381612653760795e-12, 6.1335771642419783e-05, 2.6843908574356148e-15, 9.5989547194980638e-15, 5.4021708200972364e-26, 5.736552631820683e-19, 7.8104828911622753e-19, 8.7711562872668031e-18, 1.7886226898136255e-06, 6.1770067988117605e-15, 2.455108057813841e-25, 8.0043613980657084e-22, 5.8592672836107821e-13, 8.9417586829134156e-08, 1.2261756321975184e-16, 0.60484708247914176, 0.0, 1.6652420428106535e-20, 2.1961726349250131e-15, 5.1788412345637204e-17, 9.3512433350947926e-12, 0.0, 
2.9775510204081632, 1038.0571864481321, 0.41917345477162959, 4.4857828145839071e-09, 2.0558549732159158e-20, 1.4031478453088638e-21, 1.6510503778301752e-12, 0.052562531451882694, 8.4075709721811668e-25, 7.7942933707031753e-21, 4.3796130988679272e-29, 1.3321055092161206e-25, 1.5676348307724692e-18, 9.826071736664916e-21, 4.4053153732789908e-10, 0.0023270101640169038, 0.20434302531902085, 0.031578510216161655, 1.5810155933717321e-11, 3.5376456387305833e-08, 3.0229044631863329e-15, 8.2605889929147546e-18, 3.7941885991655858e-10, 2.8857710297339388e-23, 9.3771516223417709e-11, 1.2439702345998394e-16, 6.8121475628298103e-09, 1.3933647825857952e-14, 3.1476542906023127e-09, 6.4743916654677814e-18, 1.0390914314653863e-10, 3.1474653452763593e-17, 2.1617953283612132e-21, 6.1634211108338367e-18, 8.3701364224767377e-13, 7.3580835050878865e-05, 1.3573897072698461e-15, 3.3626802730461114e-15, 1.0035604907539833e-26, 2.0454199749625056e-19, 2.6791044258679342e-19, 4.252782957960587e-18, 2.0640108537147293e-06, 5.2670022214187752e-15, 1.1159364734730223e-25, 3.7194243318788238e-22, 4.5604593320590979e-13, 9.30912297429735e-08, 6.2594030989962589e-17, 0.60168001861608467, 0.0, 6.2909781883681745e-20, 1.4936334942700458e-14, 6.2112152998217117e-17, 1.9492191048749592e-11, 0.0, 
3.0428571428571427, 1017.5133068477116, 0.42637547347878341, 2.6935876965693702e-09, 5.8589945719885949e-21, 3.7059056277274029e-22, 7.8202780191676902e-13, 0.049002627430406107, 2.1891959788173966e-25, 2.9055279742325789e-21, 1.2306736643994066e-29, 5.0272159519242759e-26, 9.7036866142588703e-19, 5.5819168591356352e-21, 4.9187839044331569e-10, 0.0044568698564751239, 0.20610631482467034, 0.031644916406712562, 1.1310495150581811e-11, 3.6654416019165516e-08, 2.5293781822926199e-15, 6.4774128357569768e-18, 5.0287568208820217e-10, 1.763572104298884e-23, 1.2804811612844565e-10, 1.468569869577367e-16, 1.4601030140026779e-08, 2.5934615640062868e-14, 9.5629736204313669e-09, 5.0599179214829847e-18, 1.395653770675203e-10, 3.1236052331921128e-17, 7.082185404558629e-22, 2.6910284118229535e-18, 5.4680821628532898e-13, 8.5368311648905751e-05, 7.625348176891727e-16, 1.3917953935212409e-15, 2.4400444693850292e-27, 8.594467160703474e-20, 1.0879140952872683e-19, 2.2993224853857077e-18, 2.3145274681640467e-06, 4.5709801667941576e-15, 5.7081446842244765e-26, 1.9430774293349959e-22, 3.6785974914403136e-13, 9.5962595674728086e-08, 3.544004837331318e-17, 0.59854605828945118, 0.0, 1.8861785103912114e-19, 7.3405452868425717e-14, 7.1646645945706893e-17, 3.5777725519125405e-11, 0.0, 
3.1081632653061222, 1001.6795403892469, 0.43096008214018361, 1.7894511768458298e-09, 2.1549358996771664e-21, 1.2863064241887282e-22, 4.3100940956263869e-13, 0.046325102507208428, 7.5037097793277495e-26, 1.3249229778992972e-21, 4.4412280394996716e-30, 2.2932204625777514e-26, 6.5640309403515734e-19, 3.5255707091446984e-21, 5.323710396789657e-10, 0.0074143746485892479, 0.20699762099737543, 0.03171472961838985, 8.6239236252892442e-12, 3.7525885997844266e-08, 2.1806817235104332e-15, 5.3022988524195717e-18, 6.2525237484067108e-10, 1.1767588800182936e-23, 1.6220498390516276e-10, 1.6540775544583842e-16, 2.6449925276059374e-08, 4.1923942039345147e-14, 2.2837193661679328e-08, 4.1211608127606939e-18, 1.7498698509313624e-10, 3.0757828860104844e-17, 2.9024964800249679e-22, 1.3854776099052618e-18, 3.8794094483187722e-13, 9.5704182916973916e-05, 4.8005604622072653e-16, 6.8944008033823802e-16, 7.9266354797429458e-28, 4.3088326193671924e-20, 5.3014007139121165e-20, 1.3990570106653002e-18, 2.5193376145189331e-06, 4.0497626177849875e-15, 3.31913172161856e-26, 1.1526118287934199e-22, 3.0866624593299031e-13, 9.7956533680961505e-08, 2.2443183729261384e-17, 0.59544519913115102, 0.0, 4.4313762935239849e-19, 2.5563230523875944e-13, 7.9451629863257795e-17, 5.7432300929372663e-11, 0.0, 
3.1734693877551021, 989.47656338285447, 0.43354241550643846, 1.2922254202923251e-09, 9.7776308327096059e-22, 5.5906228521287747e-23, 2.6917377779682898e-13, 0.044322241837212333, 3.2257323189703543e-26, 7.134742599001319e-22, 1.96982708244203e-30, 1.2234008405136902e-26, 4.7804307760483556e-19, 2.4317276313231707e-21, 5.621623682551763e-10, 0.010996601024328805, 0.2072166033766647, 0.031791844614908277, 6.9329722779613088e-12, 3.8066976761804861e-08, 1.9286481710374344e-15, 4.5007519333164894e-18, 7.3841390700856003e-10, 8.4469881346749694e-24, 1.9333001648152047e-10, 1.7943347850845555e-16, 4.1774501634763326e-08, 6.0439876535609117e-14, 4.4811986607979325e-08, 3.474854419146675e-18, 2.0748512733090146e-10, 3.0116643466121221e-17, 1.430320321718783e-22, 8.1719590176116757e-19, 2.947202130402849e-13, 0.0001043803727985733, 3.3200880866322127e-16, 3.9595711132393772e-16, 3.2683408972363186e-28, 2.4979928333661875e-20, 3.0023976627774819e-20, 9.3849611711891114e-19, 2.6771166423145446e-06, 3.6520260240804874e-15, 2.145577802560382e-26, 7.5936278336542072e-23, 2.6765632160259801e-13, 9.922317724855239e-08, 1.5587232379550921e-17, 0.59237704642094757, 0.0, 8.5358084019070629e-19, 6.7201278289024793e-13, 8.5386215944617432e-17, 8.2667566699609188e-11, 0.0, 
3.2387755102040816, 979.83180587833033, 0.43473286750500456, 9.9214452609577303e-10, 5.1749871261402209e-22, 2.8654592942288961e-23, 1.8426349867052034e-13, 0.042790282814863995, 1.6374041037666518e-26, 4.3412002465989717e-22, 1.0165029516498032e-30, 7.3229034284875557e-27, 3.6765429189015199e-19, 1.7898153985198961e-21, 5.8325003786651147e-10, 0.015000693078475744, 0.20696669449347524, 0.031876296196679088, 5.7955389614729413e-12, 3.8368979465314248e-08, 1.738689758300026e-15, 3.9250138370672747e-18, 8.4018990369284573e-10, 6.3993390844955664e-24, 2.2045618639052884e-10, 1.8946412519064774e-16, 5.9703455795017287e-08, 8.0175828885631103e-14, 7.6198961380357138e-08, 3.0062112477480126e-18, 2.3624318476866485e-10, 2.937845248424679e-17, 8.0689239207261748e-23, 5.3261427098015448e-19, 2.3547687092489495e-13, 0.00011160655164497096, 2.4603336862935029e-16, 2.5345610051470536e-16, 1.6050404707734587e-28, 1.6109014653262959e-20, 1.8987287286531714e-20, 6.7633661867449307e-19, 2.7956644351549584e-06, 3.3374222328820028e-15, 1.4992517474366468e-26, 5.4039682151400834e-23, 2.3780643391758208e-13, 9.9955894865299449e-08, 1.1584895962771233e-17, 0.58934100221525165, 0.0, 1.4227822176341509e-18, 1.4389551294106385e-12, 8.9723803458172297e-17, 1.0990967210993662e-10, 0.0, 
3.3040816326530615, 972.93542100706907, 0.43588553129563307, 8.1883156091556907e-10, 3.2953156426128057e-22, 1.8035199100367991e-23, 1.4154261843504398e-13, 0.04222679573866929, 1.0238643046996168e-26, 3.0985265021700241e-22, 6.1705398338155301e-31, 4.9541486721408025e-27, 2.9860990745425662e-19, 1.4079825149158986e-21, 5.892415126305811e-10, 0.018501554545228841, 0.20546780671969136, 0.032109215783243494, 5.0576565778848264e-12, 3.8383811150772689e-08, 1.6046331184299951e-15, 3.5360205569689195e-18, 9.1891073968460004e-10, 5.0483293548120727e-24, 2.342626127514847e-10, 1.904739122556296e-16, 7.4839624271437915e-08, 9.524890294186682e-14, 1.0849448062189743e-07, 2.6426564903196231e-18, 2.5371894099910603e-10, 2.8196913691918676e-17, 5.3168272926625109e-23, 3.899959829711693e-19, 2.0004821800064923e-13, 0.00011724910137750162, 1.976856756941549e-16, 1.8523260412914652e-16, 9.7880495490319078e-29, 1.1831201051700277e-20, 1.3761779421412915e-20, 5.2315659782710808e-19, 2.8335270896858091e-06, 3.0714503384769535e-15, 1.1340467024797933e-26, 4.1931177605094176e-23, 2.1683114606904997e-13, 9.9858240141166382e-08, 9.2726448446352859e-18, 0.58633667504329656, 0.0, 1.9626830650704588e-18, 2.3827920490222379e-12, 9.0944474949460911e-17, 1.3226196191514766e-10, 0.0015647287267801827, 
3.3693877551020406, 969.87594372911406, 0.4397211872859958, 7.540847291267531e-10, 2.7941761258335971e-22, 1.5794955556433885e-23, 1.3105318174860412e-13, 0.043914081980542995, 8.9755974105942838e-27, 2.8935227106883839e-22, 4.6594934908547829e-31, 3.9425464119267146e-27, 2.5893147389714231e-19, 1.2035349504655714e-21, 5.6565084779050274e-10, 0.019498469333983103, 0.20082282871757137, 0.032797884005402796, 4.6840743003711665e-12, 3.7940492845902263e-08, 1.5358066959251522e-15, 3.3479485311059183e-18, 9.527529421607183e-10, 4.0657962026474306e-24, 2.1646153235126695e-10, 1.7235334918493944e-16, 7.5051715712449988e-08, 9.3613064562062002e-14, 1.1609910343373029e-07, 2.3196304474843047e-18, 2.4457348614965943e-10, 2.5845190414898981e-17, 4.4035282296798039e-23, 3.3996539782858422e-19, 1.8712465368380978e-13, 0.00012109895757857462, 1.7942153067887869e-16, 1.6685243791644598e-16, 8.4410180382545036e-29, 1.0667357808388164e-20, 1.2398586052727157e-20, 4.3981021870896299e-19, 2.6993949592773584e-06, 2.8131750008187992e-15, 9.4637379347011944e-27, 3.6795360869259111e-23, 2.045407487204036e-13, 9.8135833363385845e-08, 8.218748210503071e-18, 0.58336374604654617, 0.0, 1.9637833286290078e-18, 2.597655995400052e-12, 8.5756808064133349e-17, 1.3521630268172599e-10, 0.0082854951387918655, 
3.4346938775510205, 966.89295657625121, 0.44342933381998256, 6.9546790721397895e-10, 2.3753825979819607e-22, 1.3853137535974858e-23, 1.2144169402805007e-13, 0.045602114890655229, 7.8789658859578968e-27, 2.7022540681677016e-22, 3.5371264546968295e-31, 3.150721460042882e-27, 2.2508502342558412e-19, 1.0316174438380559e-21, 5.4326388039101444e-10, 0.020520833303144814, 0.19626095909250926, 0.033452591483614236, 4.3416401225585964e-12, 3.748347710378595e-08, 1.4699620416479182e-15, 3.1705927109942148e-18, 9.8627775070045958e-10, 3.2875352889513633e-24, 2.00271275340764e-10, 1.5620544967284273e-16, 7.5231376927641269e-08, 9.1991782858555304e-14, 1.2400786326696309e-07, 2.0398260770437068e-18, 2.3575160584589801e-10, 2.3711664934646972e-17, 3.6599796922365684e-23, 2.970833239681633e-19, 1.752175921360042e-13, 0.00012495933046277141, 1.6311775495143756e-16, 1.5050889034631559e-16, 7.2919361226638405e-29, 9.631270381536792e-21, 1.1185200468228628e-20, 3.7093817250300041e-19, 2.5736172724231444e-06, 2.5803167968008893e-15, 7.9234117241877172e-27, 3.234748720748818e-23, 1.9303376568730448e-13, 9.6412158405548623e-08, 7.297178872279946e-18, 0.58042076265400488, 0.0, 1.9635861132731275e-18, 2.8251888958332935e-12, 8.0889340621234411e-17, 1.3805476413980527e-10, 0.014893734031731999, 
3.5, 963.98145438694462, 0.447012250348717, 6.4227532817227295e-10, 2.0242335036599579e-22, 1.216649706842515e-23, 1.1262128459186547e-13, 0.047289830461968704, 6.9249440935069105e-27, 2.5237367375075745e-22, 2.698401474975475e-31, 2.527815355544738e-27, 1.9611610475507212e-19, 8.865294639631431e-22, 5.219872814010732e-10, 0.021568610266140063, 0.19178208763014434, 0.034073805446120861, 4.0272834879916973e-12, 3.7014108355855665e-08, 1.4069404267082212e-15, 3.0032065446327364e-18, 1.0194485272571749e-09, 2.668119991798622e-24, 1.8551330476153141e-10, 1.4177907185176561e-16, 7.5378985222647032e-08, 9.0383794155393482e-14, 1.3222336871559322e-07, 1.7968312319527246e-18, 2.2723935599004977e-10, 2.1772876963171557e-17, 3.0520046241458623e-23, 2.6020643987583686e-19, 1.6422555621039005e-13, 0.00012882928407888263, 1.4852701967413977e-16, 1.3594538872154035e-16, 6.3094030003050488e-29, 8.7070024332602697e-21, 1.0102948163252022e-20, 3.1379619334090342e-19, 2.4554751332160721e-06, 2.369882654778628e-15, 6.6540183284642558e-27, 2.8485496861949139e-23, 1.8224924937571048e-13, 9.4689627995298474e-08, 6.4893473150280141e-18, 0.57750727494362697, 0.0, 1.96210613221939e-18, 3.0657300276590497e-12, 7.6318102144203021e-17, 1.4077626795423669e-10, 0.021389695954388898, 
