kinetics example 1: constant-pressure ignition,
time (s),Temperature (K),Density (kg/m3),Pressure (Pa),H2,H,O,O2,OH,H2O,HO2,H2O2,C,CH,CH2,CH2(S),CH3,CH4,CO,CO2,HCO,CH2O,CH2OH,CH3O,CH3OH,C2H,C2H2,C2H3,C2H4,C2H5,C2H6,HCCO,CH2CO,HCCOH,N,NH,NH2,NH3,NNH,NO,NO2,N2O,HNO,CN,HCN,H2CN,HCNN,HCNO,HOCN,HNCO,NCO,N2,AR,C3H7,C3H8,CH2CHO,CH3CHO,
0,1001,0.257549,101325,0.285714,0,0,0.142857,0,0,0,0,0,0,0,0,0,0,0,0,0,0,0,0,0,0,0,0,0,0,0,0,0,0,0,0,0,0,0,0,0,0,0,0,0,0,0,0,0,0,0,0.571429,0,0,0,0,0,
1e-05,1001,0.257549,101325,0.285714,3.17799e-10,3.13041e-11,0.142857,1.06841e-11,2.14007e-10,4.83549e-10,4.75876e-13,0,0,0,0,0,0,0,0,0,0,0,0,0,0,0,0,0,0,0,0,0,0,9.8758e-25,6.34805e-24,2.68791e-25,1.13109e-25,1.05415e-16,1.43967e-23,4.2964e-31,1.37279e-17,3.19667e-25,0,0,0,0,0,0,0,0,0.571429,0,0,0,0,0,
2e-05,1001,0.257549,101325,0.285714,7.98713e-10,8.42851e-11,0.142857,2.8049e-11,1.06594e-09,1.42023e-09,2.51275e-12,0,0,0,0,0,0,0,0,0,0,0,0,0,0,0,0,0,0,0,0,0,0,2.95632e-24,6.63504e-23,4.16966e-24,3.52616e-24,2.64966e-16,1.50128e-22,2.28916e-29,7.14634e-17,4.95636e-24,0,0,0,0,0,0,0,0,0.571429,0,0,0,0,0,
3e-05,1001,0.257549,101325,0.285714,1.54149e-09,1.66112e-10,0.142857,5.48695e-11,2.90668e-09,3.05495e-09,7.38312e-12,0,0,0,0,0,0,0,0,0,0,0,0,0,0,0,0,0,0,0,0,0,0,5.99951e-24,3.02018e-22,2.20627e-23,2.70596e-23,5.11394e-16,7.26472e-22,3.18929e-28,1.97943e-16,2.62181e-23,0,0,0,0,0,0,0,0,0.571429,0,0,0,0,0,
4e-05,1001,0.257549,101325,0.285714,2.68912e-09,2.92535e-10,0.142857,9.63095e-11,6.27483e-09,5.76748e-09,1.70507e-11,0,0,0,0,0,0,0,0,0,0,0,0,0,0,0,0,0,0,0,0,0,0,1.07017e-23,1.01679e-21,7.98579e-23,1.23066e-22,8.92139e-16,2.59571e-21,2.56418e-27,4.30877e-16,9.48838e-23,0,0,0,0,0,0,0,0,0.571429,0,0,0,0,0,
5e-05,1001,0.257549,101325,0.285714,4.4628e-09,4.87918e-10,0.142857,1.60359e-10,1.20036e-08,1.01451e-08,3.4551e-11,0,0,0,0,0,0,0,0,0,0,0,0,0,0,0,0,0,0,0,0,0,0,1.79717e-23,2.96404e-21,2.42116e-22,4.32832e-22,1.48059e-15,7.93356e-21,1.55346e-26,8.28592e-16,2.87646e-22,0,0,0,0,0,0,0,0,0.571429,0,0,0,0,0,
6e-05,1001,0.257549,101325,0.285714,7.20456e-09,7.89935e-10,0.142857,2.59375e-10,2.13813e-08,1.70959e-08,6.45784e-11,0,0,0,0,0,0,0,0,0,0,0,0,0,0,0,0,0,0,0,0,0,0,2.92219e-23,7.98767e-21,6.67424e-22,1.31706e-21,2.39021e-15,2.21431e-20,7.92438e-26,1.48127e-15,7.92884e-22,0,0,0,0,0,0,0,0,0.571429,0,0,0,0,0,
7e-05,1001,0.257549,101325,0.285714,1.14433e-08,1.25685e-09,0.142857,4.12479e-10,3.64006e-08,2.80233e-08,1.14398e-10,0,0,0,0,0,0,0,0,0,0,0,0,0,0,0,0,0,0,0,0,0,0,4.66638e-23,2.05655e-20,1.74182e-21,3.67207e-21,3.79649e-15,5.84496e-20,3.62469e-25,2.52834e-15,2.06915e-21,0,0,0,0,0,0,0,0,0.571429,0,0,0,0,0,
8e-05,1001,0.257549,101325,0.285714,1.79975e-08,1.97879e-09,0.142857,6.49272e-10,6.01444e-08,4.50973e-08,1.95271e-10,0,0,0,0,0,0,0,0,0,0,0,0,0,0,0,0,0,0,0,0,0,0,7.38221e-23,5.15173e-20,4.39994e-21,9.69557e-21,5.97093e-15,1.48979e-19,1.54589e-24,4.18545e-15,5.2266e-21,0,0,0,0,0,0,0,0,0.571429,0,0,0,0,0,
9e-05,1001,0.257549,101325,0.285714,2.81332e-08,3.09523e-09,0.142857,1.0156e-09,9.73837e-08,7.16719e-08,3.24673e-10,0,0,0,0,0,0,0,0,0,0,0,0,0,0,0,0,0,0,0,0,0,0,1.16538e-22,1.26886e-19,1.08936e-20,2.47248e-20,9.33364e-15,3.713e-19,6.29068e-24,6.78614e-15,1.29398e-20,0,0,0,0,0,0,0,0,0.571429,0,0,0,0,0,
0.0001,1001,0.257549,101325,0.285714,4.38111e-08,4.8221e-09,0.142857,1.58258e-09,1.55506e-07,1.12932e-07,5.29789e-10,0,0,0,0,0,0,0,0,0,0,0,0,0,0,0,0,0,0,0,0,0,0,1.85296e-22,3.09237e-19,2.6636e-20,6.16512e-20,1.4535e-14,9.12127e-19,2.48041e-23,1.08464e-14,3.16375e-20,0,0,0,0,0,0,0,0,0.571429,0,0,0,0,0,
0.00011,1001,0.257548,101325,0.285714,6.80685e-08,7.49387e-09,0.142857,2.46065e-09,2.4596e-07,1.76888e-07,8.53051e-10,0,0,0,0,0,0,0,0,0,0,0,0,0,0,0,0,0,0,0,0,0,0,3.01713e-22,7.48721e-19,6.46208e-20,1.51505e-19,2.25829e-14,2.22001e-18,9.57338e-23,1.71648e-14,7.67494e-20,0,0,0,0,0,0,0,0,0.571429,0,0,0,0,0,
0.00012,1001,0.257548,101325,0.285714,1.05617e-07,1.16293e-08,0.142857,3.82176e-09,3.86512e-07,2.7592e-07,1.36103e-09,0,0,0,0,0,0,0,0,0,0,0,0,0,0,0,0,0,0,0,0,0,0,5.19281e-22,1.80567e-18,1.56032e-19,3.68861e-19,3.50403e-14,5.37197e-18,3.64321e-22,2.69779e-14,1.85298e-19,0,0,0,0,0,0,0,0,0.571429,0,0,0,0,0,
0.00013,1001,0.257548,101325,0.285714,1.63777e-07,1.80345e-08,0.142856,5.93471e-09,6.04781e-07,4.29145e-07,2.15898e-09,0,0,0,0,0,0,0,0,0,0,0,0,0,0,0,0,0,0,0,0,0,0,9.95332e-22,4.34521e-18,3.75719e-19,8.92793e-19,5.43363e-14,1.29538e-17,1.37341e-21,4.22018e-14,4.4612e-19,0,0,0,0,0,0,0,0,0.571429,0,0,0,0,0,
0.00014,1001.01,0.257548,101325,0.285713,2.53957e-07,2.79647e-08,0.142856,9.22205e-09,9.4384e-07,6.6607e-07,3.41514e-09,0,0,0,0,0,0,0,0,0,0,0,0,0,0,0,0,0,0,0,0,0,0,2.25118e-21,1.04474e-17,9.03537e-19,2.15333e-18,8.42556e-14,3.11798e-17,5.14532e-21,6.58101e-14,1.07258e-18,0,0,0,0,0,0,0,0,0.571429,0,0,0,0,0,
0.00015,1001.01,0.257547,101325,0.285712,3.94003e-07,4.33833e-08,0.142855,1.43539e-08,1.47117e-06,1.0322e-06,5.40287e-09,0,0,0,0,0,0,0,0,0,0,0,0,0,0,0,0,0,0,0,0,0,0,6.13294e-21,2.51259e-17,2.17257e-18,5.18416e-18,1.3072e-13,7.50131e-17,1.91994e-20,1.02426e-13,2.57806e-18,0,0,0,0,0,0,0,0,0.571429,0,0,0,0,0,
0.00016,1001.01,0.257546,101325,0.285711,6.12018e-07,6.73793e-08,0.142855,2.24068e-08,2.29324e-06,1.59759e-06,8.57621e-09,0,0,0,0,0,0,0,0,0,0,0,0,0,0,0,0,0,0,0,0,0,0,1.94087e-20,6.05161e-17,5.22936e-18,1.24755e-17,2.03054e-13,1.80606e-16,7.14763e-20,1.59258e-13,6.20178e-18,0,0,0,0,0,0,0,0,0.571429,0,0,0,0,0,
0.00017,1001.02,0.257544,101325,0.28571,9.52673e-07,1.04858e-07,0.142853,3.51432e-08,3.57978e-06,2.46988e-06,1.37119e-08,0,0,0,0,0,0,0,0,0,0,0,0,0,0,0,0,0,0,0,0,0,0,6.74091e-20,1.4618e-16,1.26169e-17,3.00475e-17,3.16083e-13,4.35781e-16,2.6581e-19,2.47601e-13,1.49495e-17,0,0,0,0,0,0,0,0,0.57143,0,0,0,0,0,
0.00018,1001.03,0.257542,101325,0.285707,1.488e-06,1.63716e-07,0.142851,5.55268e-08,5.6057e-06,3.81371e-06,2.21872e-08,0,0,0,0,0,0,0,0,0,0,0,0,0,0,0,0,0,0,0,0,0,0,2.46588e-19,3.54849e-16,3.05674e-17,7.2538e-17,4.93712e-13,1.05568e-15,9.88515e-19,3.85278e-13,3.61676e-17,0,0,0,0,0,0,0,0,0.571431,0,0,0,0,0,
0.00019,1001.05,0.257538,101325,0.285703,2.33658e-06,2.56925e-07,0.142848,8.87267e-08,8.82632e-06,5.87936e-06,3.65466e-08,0,0,0,0,0,0,0,0,0,0,0,0,0,0,0,0,0,0,0,0,0,0,9.31715e-19,8.68185e-16,7.45558e-17,1.75855e-16,7.75308e-13,2.57426e-15,3.68004e-18,6.0071e-13,8.80202e-17,0,0,0,0,0,0,0,0,0.571432,0,0,0,0,0,
0.0002,1001.08,0.257531,101325,0.285696,3.6995e-06,4.06412e-07,0.142842,1.44198e-07,1.40204e-05,9.04273e-06,6.16866e-08,0,0,0,0,0,0,0,0,0,0,0,0,0,0,0,0,0,0,0,0,0,0,3.62034e-18,2.15031e-15,1.83773e-16,4.29295e-16,1.22765e-12,6.34336e-15,1.37308e-17,9.39959e-13,2.16205e-16,0,0,0,0,0,0,0,0,0.571434,0,0,0,0,0,
0.00021,1001.12,0.257521,101325,0.285686,5.93191e-06,6.50743e-07,0.142834,2.40277e-07,2.25784e-05,1.38562e-05,1.07368e-07,0,0,0,0,0,0,0,0,0,0,0,0,0,0,0,0,0,0,0,0,0,0,1.45462e-17,5.42717e-15,4.60411e-16,1.05956e-15,1.96874e-12,1.58897e-14,5.14149e-17,1.47945e-12,5.38655e-16,0,0,0,0,0,0,0,0,0.571437,0,0,0,0,0,
0.00022,1001.2,0.257502,101325,0.285668,9.6954e-06,1.06138e-06,0.14282,4.14985e-07,3.71251e-05,2.10959e-05,1.93477e-07,0,0,0,0,0,0,0,0,0,0,0,0,0,0,0,0,0,0,0,0,0,0,6.12528e-17,1.40958e-14,1.18247e-15,2.66022e-15,3.21857e-12,4.08359e-14,1.93455e-16,2.35037e-12,1.371e-15,0,0,0,0,0,0,0,0,0.571442,0,0,0,0,0,
0.00023,1001.35,0.257469,101325,0.285638,1.63056e-05,1.77964e-06,0.142798,7.52945e-07,6.29565e-05,3.17455e-05,3.60428e-07,0,0,0,0,0,0,0,0,0,0,0,0,0,0,0,0,0,0,0,0,0,0,2.7625e-16,3.82143e-14,3.15244e-15,6.85696e-15,5.41529e-12,1.09212e-13,7.31672e-16,3.78876e-12,3.60084e-15,0,0,0,0,0,0,0,0,0.571451,0,0,0,0,0,
0.00024,1001.62,0.257405,101325,0.285582,2.85789e-05,3.10633e-06,0.142761,1.45519e-06,0.000111566,4.67196e-05,6.86567e-07,0,0,0,0,0,0,0,0,0,0,0,0,0,0,0,0,0,0,0,0,0,0,1.3759e-15,1.10258e-13,8.8764e-15,1.83944e-14,9.49928e-12,3.10612e-13,2.77227e-15,6.24652e-12,9.88456e-15,0,0,0,0,0,0,0,0,0.571465,0,0,0,0,0,
0.00025,1002.18,0.257273,101325,0.285474,5.29958e-05,5.73121e-06,0.142696,3.01898e-06,0.000209625,6.58192e-05,1.30313e-06,0,0,0,0,0,0,0,0,0,0,0,0,0,0,0,0,0,0,0,0,0,0,7.85278e-15,3.46343e-13,2.69591e-14,5.23349e-14,1.76448e-11,9.69479e-13,1.03702e-14,1.06572e-11,2.87141e-14,0,0,0,0,0,0,0,0,0.571491,0,0,0,0,0,
0.00026,1003.4,0.256984,101325,0.285248,0.000105243,1.13275e-05,0.142578,6.65056e-06,0.000421362,8.53783e-05,2.35051e-06,0,0,0,0,0,0,0,0,0,0,0,0,0,0,0,0,0,0,0,0,0,0,5.28744e-14,1.20339e-12,8.97974e-14,1.61407e-13,3.51683e-11,3.45472e-12,3.67484e-14,1.91154e-11,8.8348e-14,0,0,0,0,0,0,0,0,0.571541,0,0,0,0,0,
0.00027,1006.13,0.256332,101325,0.284752,0.000223694,2.40375e-05,0.142341,1.50321e-05,0.000898571,9.75882e-05,3.76904e-06,0,0,0,0,0,0,0,0,0,0,0,0,0,0,0,0,0,0,0,0,0,0,4.14622e-13,4.5521e-12,3.24278e-13,5.45958e-13,7.53649e-11,1.45296e-11,1.14624e-13,3.66848e-11,2.78117e-13,0,0,0,0,0,0,0,0,0.571645,0,0,0,0,0,
0.00028,1012.32,0.254865,101325,0.283618,0.000504671,5.44631e-05,0.141822,3.44782e-05,0.00199246,0.000100047,5.08032e-06,0,0,0,0,0,0,0,0,0,0,0,0,0,0,0,0,0,0,0,0,0,0,3.51557e-12,1.76092e-11,1.18579e-12,1.97242e-12,1.73173e-10,7.25014e-11,3.09822e-13,7.65247e-11,8.3126e-13,0,0,0,0,0,0,0,0,0.57187,0,0,0,0,0,
0.00029,1026.77,0.251508,101325,0.280842,0.00124125,0.000135683,0.140565,8.53347e-05,0.00463524,9.86477e-05,5.49251e-06,0,0,0,0,0,0,0,0,0,0,0,0,0,0,0,0,0,0,0,0,0,0,3.08679e-11,6.70986e-11,4.00119e-12,7.08871e-12,4.44057e-10,4.33428e-10,8.17376e-13,1.78576e-10,2.35014e-12,0,0,0,0,0,0,0,0,0.572391,0,0,0,0,0,
0.0003,1064.75,0.243114,101325,0.272609,0.00375009,0.000424114,0.136891,0.000263717,0.01221,9.42415e-05,3.91402e-06,0,0,0,0,0,0,0,0,0,0,0,0,0,0,0,0,0,0,0,0,0,0,3.32663e-10,2.90095e-10,1.25592e-11,2.4165e-11,1.48695e-09,3.59555e-09,2.39456e-12,5.22137e-10,8.0933e-12,0,0,0,0,0,0,0,0,0.573754,0,0,0,0,0,
0.00031,1207.75,0.216213,101325,0.228238,0.0212092,0.00270999,0.117565,0.00176085,0.0496348,8.00734e-05,2.14309e-06,0,0,0,0,0,0,0,0,0,0,0,0,0,0,0,0,0,0,0,0,0,0,9.28818e-09,2.74298e-09,5.51429e-11,8.3805e-11,1.15157e-08,8.73984e-08,1.4242e-11,3.32675e-09,7.84005e-11,0,0,0,0,0,0,0,0,0.5788,0,0,0,0,0,
0.00032,1718.44,0.157221,101325,0.0540805,0.0809988,0.019761,0.0333197,0.0162749,0.196693,2.08315e-05,1.74858e-06,0,0,0,0,0,0,0,0,0,0,0,0,0,0,0,0,0,0,0,0,0,0,1.49589e-07,3.21483e-08,2.40486e-10,5.87344e-11,8.64686e-08,9.02436e-06,8.20648e-10,5.60276e-08,2.3686e-09,0,0,0,0,0,0,0,0,0.59884,0,0,0,0,0,
0.00033,1951.52,0.141064,101325,0.0544198,0.0586484,0.0166927,0.0283138,0.0207582,0.21096,1.34662e-05,7.33393e-07,0,0,0,0,0,0,0,0,0,0,0,0,0,0,0,0,0,0,0,0,0,0,8.9593e-08,2.92959e-08,5.13943e-10,1.6073e-10,7.85684e-08,2.37897e-05,1.95446e-09,6.38013e-08,3.90919e-09,0,0,0,0,0,0,0,0,0.610169,0,0,0,0,0,
0.00034,2082.3,0.13362,101325,0.0533224,0.0472492,0.0143939,0.0256112,0.0225591,0.220124,1.0396e-05,4.85278e-07,0,0,0,0,0,0,0,0,0,0,0,0,0,0,0,0,0,0,0,0,0,0,7.41081e-08,2.564e-08,7.05552e-10,2.56051e-10,7.03287e-08,3.50607e-05,2.81566e-09,6.75768e-08,4.56818e-09,0,0,0,0,0,0,0,0,0.616694,0,0,0,0,0,
0.00035,2172.17,0.129037,101325,0.0518872,0.0399585,0.0126875,0.0237135,0.0233873,0.227068,8.62288e-06,3.8201e-07,0,0,0,0,0,0,0,0,0,0,0,0,0,0,0,0,0,0,0,0,0,0,7.36509e-08,2.27912e-08,8.49363e-10,3.44006e-10,6.34818e-08,4.48929e-05,3.65631e-09,7.13733e-08,4.98978e-09,0,0,0,0,0,0,0,0,0.621244,0,0,0,0,0,
0.00036,2239.79,0.125839,101325,0.0504223,0.0347766,0.0113635,0.0222532,0.0237494,0.232674,7.47007e-06,3.27679e-07,0,0,0,0,0,0,0,0,0,0,0,0,0,0,0,0,0,0,0,0,0,0,7.99926e-08,2.07335e-08,9.70403e-10,4.29419e-10,5.78311e-08,5.43304e-05,4.57441e-09,7.56672e-08,5.35788e-09,0,0,0,0,0,0,0,0,0.624699,0,0,0,0,0,
0.00037,2293.37,0.123442,101325,0.0490157,0.030861,0.0103019,0.0210705,0.0238581,0.237365,6.67245e-06,2.95387e-07,-9.15068e-33,1.37233e-33,-1.78572e-34,-6.6622e-36,4.84012e-34,-1.34617e-32,5.08031e-31,-4.9781e-31,5.12088e-34,1.17237e-33,-3.0067e-34,-9.41467e-36,-8.08051e-36,4.60177e-39,1.7558e-37,7.00134e-38,4.41209e-38,-1.20613e-37,-1.70539e-39,-6.35723e-37,3.03432e-37,1.57453e-39,8.97045e-08,1.93278e-08,1.08488e-09,5.17335e-10,5.31138e-08,6.39125e-05,5.61874e-09,8.05852e-08,5.7436e-09,-4.82187e-36,-5.18328e-34,-1.75001e-38,2.7718e-37,-9.13754e-36,-1.68103e-36,1.01094e-35,-2.00383e-35,0.627456,0,3.04602e-57,4.24651e-59,2.00489e-39,1.62447e-38,
0.00038,2337.31,0.121561,101325,0.0476939,0.0277814,0.00942981,0.0200809,0.0238192,0.241385,6.09911e-06,2.74914e-07,-2.09697e-34,2.61322e-35,1.50974e-34,1.83945e-35,8.1868e-34,-9.52771e-35,1.39579e-32,-1.34052e-31,1.50925e-35,1.98914e-34,2.50287e-35,1.01879e-36,1.46015e-36,2.94736e-40,1.03304e-38,7.36326e-39,2.593e-38,1.69171e-38,4.4582e-40,-1.53202e-38,8.60213e-40,2.95763e-40,1.0106e-07,1.84452e-08,1.20334e-09,6.12273e-10,4.9125e-08,7.39136e-05,6.81657e-09,8.61258e-08,6.17749e-09,-5.4376e-37,-1.20836e-35,1.29676e-39,-2.04469e-39,-4.02342e-38,-4.68714e-38,-1.18176e-36,-5.84994e-37,0.629729,0,-4.71443e-57,-1.26444e-58,1.36052e-40,-2.19285e-39,
0.00039,2374.19,0.120038,101325,0.0464628,0.0252898,0.00870025,0.0192343,0.0236912,0.244887,5.67626e-06,2.61563e-07,4.14309e-32,-1.63496e-32,-4.17354e-32,-1.3904e-32,-6.53771e-31,-8.88615e-31,3.95213e-30,3.07822e-32,-3.35531e-32,-8.73399e-32,-1.02808e-32,-1.58206e-34,-2.46561e-34,-3.46215e-43,-1.29919e-41,-4.07982e-42,-9.98439e-42,-1.10299e-41,-1.56577e-43,-1.46324e-42,2.20963e-43,-1.46268e-43,1.13102e-07,1.79803e-08,1.33253e-09,7.18023e-10,4.57138e-08,8.4462e-05,8.18332e-09,9.22316e-08,6.67263e-09,5.38195e-34,2.69357e-33,-5.64152e-37,-2.5572e-36,-2.1431e-35,8.89117e-36,2.09506e-34,2.92371e-34,0.631644,0,3.4164e-61,3.24299e-63,-8.27024e-44,2.02585e-42,
0.0004,2405.69,0.118775,101325,0.0453208,0.0232314,0.00808124,0.0184983,0.0235092,0.247972,5.35856e-06,2.52864e-07,-6.90357e-33,1.71205e-32,-4.64632e-33,3.67561e-33,-9.25169e-32,7.74596e-31,2.05112e-29,8.15101e-30,6.93738e-32,2.27809e-31,2.75664e-33,1.71875e-34,1.45324e-33,-3.19775e-45,-1.2366e-43,-6.79425e-44,-7.04135e-44,1.6312e-43,1.6948e-45,7.51486e-44,-1.2267e-44,4.81389e-45,1.25271e-07,1.78488e-08,1.47661e-09,8.37594e-10,4.27689e-08,9.56028e-05,9.72649e-09,9.88188e-08,7.23361e-09,-5.42118e-34,1.02215e-32,-4.2881e-37,3.69778e-36,1.04567e-34,8.66699e-35,1.43065e-33,8.88601e-34,0.633285,0,-8.21911e-64,1.16144e-65,-1.57488e-46,-2.09982e-44,
0.00041,2432.94,0.117709,101325,0.0442633,0.0215036,0.00755017,0.017851,0.023295,0.250716,5.11647e-06,2.47381e-07,-3.53053e-33,2.52609e-33,-1.95704e-33,-8.09406e-35,9.66319e-34,-5.08962e-33,2.13653e-29,1.52017e-29,2.94385e-33,7.54521e-33,1.39958e-35,1.21239e-36,8.55132e-36,-1.38028e-45,-5.29336e-44,-2.15514e-44,-1.0719e-44,4.2646e-44,8.33715e-46,8.26425e-45,-1.97134e-44,-8.82071e-46,1.37233e-07,1.79828e-08,1.6378e-09,9.73201e-10,4.02067e-08,0.000107334,1.14477e-08,1.05793e-07,7.86058e-09,-9.57855e-36,-4.47361e-34,-8.60131e-39,4.73369e-37,9.56329e-37,5.98986e-38,9.83553e-35,-1.26433e-35,0.634708,0,-4.63203e-64,-1.27712e-65,-4.51471e-46,-6.29765e-45,
0.00042,2456.76,0.116798,101325,0.0432851,0.020035,0.00709051,0.0172766,0.0230631,0.25317,4.92986e-06,2.44203e-07,2.91654e-37,1.14644e-36,3.75342e-37,-1.59375e-38,2.4045e-36,6.04626e-37,1.92412e-29,1.73909e-29,4.11203e-35,-1.74704e-36,4.81069e-38,3.70227e-39,6.94969e-39,-8.83783e-48,-2.29758e-46,2.40144e-47,4.66624e-47,4.26143e-48,8.0029e-50,-5.75933e-47,-7.00135e-47,-1.01526e-47,1.48789e-07,1.83271e-08,1.81695e-09,1.12629e-09,3.79632e-08,0.000119627,1.33438e-08,1.13056e-07,8.5512e-09,-9.96282e-37,-6.40468e-35,-5.05444e-40,-2.89376e-41,-1.03903e-40,-3.4885e-37,-1.34705e-35,-2.80541e-36,0.635954,0,-2.75669e-66,-2.23034e-68,-7.33788e-49,1.68432e-50,
0.00043,2477.73,0.116011,101325,0.0423808,0.0187744,0.00668981,0.0167633,0.022823,0.255378,4.78463e-06,2.42715e-07,1.00152e-36,3.2983e-37,-1.24306e-36,-8.52772e-38,-1.11688e-36,7.40806e-38,1.86995e-29,1.79962e-29,3.70275e-35,5.23805e-37,-3.84627e-38,-1.92947e-39,-3.15364e-39,2.57787e-49,6.45262e-48,-2.53695e-48,-7.87315e-48,-2.8586e-48,-6.29184e-50,9.33634e-47,-1.01361e-48,9.79647e-48,1.59824e-07,1.88361e-08,2.01385e-09,1.2976e-09,3.59883e-08,0.00013244,1.54082e-08,1.20514e-07,9.30168e-09,-1.01572e-38,-1.03815e-36,-1.16369e-41,1.05434e-41,-8.54853e-41,-5.54155e-39,-1.91478e-37,-3.24615e-38,0.637053,0,4.38326e-66,1.82977e-67,-2.60996e-50,1.05903e-48,
0.00044,2496.31,0.115325,101325,0.0415453,0.0176834,0.00633846,0.0163024,0.0225813,0.25737,4.67059e-06,2.42481e-07,-3.11324e-37,9.86503e-37,-9.06231e-37,-7.51118e-38,3.01737e-37,1.20557e-37,1.84709e-29,1.82813e-29,3.44184e-35,8.77942e-37,-9.33418e-39,2.22836e-42,1.31848e-39,-2.95335e-49,-9.97688e-48,-1.34473e-48,-7.17803e-48,-8.66486e-48,-1.61207e-49,-1.51703e-46,-2.09634e-47,6.97797e-48,1.70279e-07,1.94724e-08,2.22753e-09,1.48717e-09,3.42424e-08,0.000145723,1.76313e-08,1.28075e-07,1.01074e-08,5.83321e-39,1.87957e-37,1.87064e-42,2.26447e-41,-1.63027e-39,-9.40265e-40,6.02716e-38,1.552e-38,0.638028,0,2.84716e-66,1.06617e-67,-1.40195e-50,2.0348e-48,
0.00045,2512.85,0.114723,101325,0.0407738,0.0167332,0.00602892,0.0158867,0.0223426,0.259174,4.58028e-06,2.43178e-07,7.04841e-37,-5.87308e-37,1.18952e-37,1.47457e-38,1.36668e-37,9.75548e-39,1.83093e-29,1.84933e-29,3.2003e-35,1.2109e-37,8.15015e-39,2.88993e-40,4.36987e-41,-1.56689e-49,-5.28539e-48,-3.07869e-48,-9.67352e-48,-1.29333e-48,-5.34359e-50,-1.05644e-46,-2.25986e-47,2.8887e-48,1.80129e-07,2.0205e-08,2.45645e-09,1.69446e-09,3.26933e-08,0.000159426,2.00014e-08,1.35658e-07,1.09633e-08,2.51358e-39,5.5141e-38,1.16856e-42,-6.49574e-42,7.90798e-41,8.70824e-40,8.14008e-38,1.37782e-38,0.638896,0,1.64813e-66,7.54666e-68,-6.17323e-51,1.64661e-48,
0.00046,2527.63,0.114192,101325,0.0400618,0.015901,0.00575513,0.0155107,0.0221101,0.26081,4.50816e-06,2.4456e-07,1.75198e-38,-2.41957e-39,-1.07288e-38,-6.06021e-40,1.00526e-39,-2.3532e-40,1.81658e-29,1.8682e-29,3.0228e-35,2.31129e-37,-1.37042e-40,-4.51149e-43,1.29107e-41,-4.05616e-50,-1.29993e-48,2.13144e-49,-1.74941e-49,-1.71905e-49,-1.08077e-50,-1.19932e-47,-1.35923e-48,2.21801e-49,1.89372e-07,2.10083e-08,2.69869e-09,1.91845e-09,3.13148e-08,0.000173501,2.25054e-08,1.43189e-07,1.1864e-08,8.11459e-40,3.49886e-38,1.84466e-43,-2.82605e-43,1.52834e-41,4.42868e-40,8.23076e-38,1.47613e-38,0.639673,0,1.55477e-67,7.01619e-69,1.79721e-51,9.15267e-50,
0.00047,2540.87,0.113721,101325,0.0394053,0.0151689,0.00551217,0.0151698,0.0218859,0.262296,4.45007e-06,2.46436e-07,1.61095e-40,-8.98197e-41,-5.03616e-41,-2.88827e-42,-5.96316e-40,-5.43948e-41,1.80307e-29,1.88576e-29,2.86493e-35,2.28309e-37,-5.41519e-42,-4.79232e-43,-1.68089e-42,1.66445e-51,6.10505e-50,-7.86521e-51,-2.45621e-50,4.3419e-52,-1.23127e-52,-1.10647e-48,-8.22793e-50,1.38556e-50,1.98023e-07,2.18611e-08,2.95214e-09,2.15766e-09,3.0085e-08,0.000187899,2.51296e-08,1.50601e-07,1.28043e-08,7.23085e-40,3.47149e-38,1.75528e-43,-1.29995e-44,2.63819e-42,5.29689e-40,9.25266e-38,1.62527e-38,0.640369,0,7.3299e-69,3.83186e-70,3.5699e-54,2.371e-51,
0.00048,2552.77,0.113303,101325,0.0388004,0.0145224,0.00529596,0.0148601,0.0216714,0.263648,4.40284e-06,2.48657e-07,-1.06868e-40,1.67709e-40,-2.63759e-40,-1.96573e-41,-2.73337e-40,5.14096e-41,1.79023e-29,1.90224e-29,2.72802e-35,2.27524e-37,-1.64728e-42,-3.08782e-43,-5.96151e-43,-4.75132e-52,-1.6046e-50,-7.70031e-51,-3.73073e-50,-2.06592e-50,-4.30777e-52,-1.57172e-48,-6.47958e-50,2.72183e-50,2.06108e-07,2.27462e-08,3.21454e-09,2.41034e-09,2.89856e-08,0.000202579,2.78598e-08,1.57841e-07,1.37791e-08,7.95297e-40,3.85061e-38,1.81353e-43,4.32607e-45,1.39686e-43,6.13258e-40,1.04648e-37,1.79466e-38,0.640994,0,1.86291e-68,8.881e-70,-1.41479e-53,9.30806e-51,
0.00049,2563.49,0.11293,101325,0.0382434,0.0139497,0.00510311,0.0145784,0.0214676,0.264878,4.36409e-06,2.51104e-07,-3.26459e-40,2.33989e-40,-2.20758e-41,-2.8134e-42,2.59838e-40,1.00705e-40,1.77805e-29,1.9177e-29,2.60874e-35,2.26278e-37,1.01599e-41,3.2888e-43,1.25446e-42,2.98806e-51,1.07295e-49,4.17557e-51,6.75989e-51,-1.36819e-50,-2.27381e-52,1.82623e-48,4.53284e-49,-3.18153e-51,2.13658e-07,2.36493e-08,3.48365e-09,2.67449e-09,2.80012e-08,0.000217501,3.06823e-08,1.64861e-07,1.47834e-08,8.69362e-40,4.25132e-38,1.90353e-43,5.5579e-45,3.82711e-43,7.09121e-40,1.17474e-37,1.96979e-38,0.641557,0,-7.26572e-70,-7.53266e-71,-1.29993e-53,-6.36403e-51,
0.0005,2573.14,0.112596,101325,0.0377311,0.0134409,0.00493075,0.0143219,0.021275,0.265999,4.33195e-06,2.53685e-07,1.30934e-40,1.29491e-40,-1.37243e-40,-1.37722e-41,-1.47695e-40,-7.53819e-41,1.76653e-29,1.93219e-29,2.50442e-35,2.23765e-37,7.01255e-43,-6.82185e-44,3.07179e-43,-1.92237e-51,-6.66603e-50,1.92103e-50,1.04973e-49,4.54285e-50,9.3463e-52,1.77736e-48,-3.58391e-49,-7.79039e-50,2.20707e-07,2.45593e-08,3.75729e-09,2.94801e-09,2.71182e-08,0.00023263,3.35837e-08,1.71624e-07,1.58126e-08,9.4938e-40,4.66274e-38,1.96289e-43,6.18131e-46,-2.36979e-43,8.07813e-40,1.30847e-37,2.14856e-38,0.642064,0,-3.94239e-68,-1.99396e-69,7.66191e-53,-2.45404e-50,
0.00051,2581.86,0.112298,101325,0.0372603,0.012988,0.00477644,0.0140881,0.0210938,0.267019,4.30503e-06,2.56326e-07,1.52557e-39,-1.6525e-40,-5.43164e-40,-3.57248e-41,1.27277e-40,1.30497e-40,1.75567e-29,1.94573e-29,2.41292e-35,2.22134e-37,3.04527e-42,5.50888e-44,3.51493e-43,-8.70641e-51,-3.26546e-49,-4.15412e-50,-1.66806e-49,-8.8814e-51,-3.75333e-52,-1.47771e-47,-1.14025e-48,2.02781e-49,2.27291e-07,2.5467e-08,4.03344e-09,3.22875e-09,2.63254e-08,0.000247934,3.65513e-08,1.78103e-07,1.68625e-08,1.0363e-39,5.07596e-38,2.03639e-43,-2.0752e-46,1.90588e-42,8.81829e-40,1.44683e-37,2.32933e-38,0.642521,0,7.87699e-68,4.1631e-69,-2.34737e-52,7.50619e-50,
0.00052,2589.73,0.112029,101325,0.0368281,0.0125838,0.00463809,0.0138748,0.0209239,0.267949,4.28224e-06,2.58971e-07,1.7974e-39,-9.57909e-40,7.08519e-41,1.25295e-41,1.34075e-39,1.34719e-40,1.74547e-29,1.95835e-29,2.33238e-35,2.24114e-37,3.31384e-41,1.8054e-42,4.39589e-42,2.93047e-50,1.0683e-48,9.85895e-51,-2.14881e-49,-2.46869e-49,-4.46516e-51,3.02952e-47,5.41082e-48,1.15477e-49,2.33447e-07,2.63655e-08,4.31021e-09,3.51458e-09,2.56128e-08,0.000263387,3.95737e-08,1.84276e-07,1.79293e-08,1.10802e-39,5.49153e-38,2.1649e-43,-9.1475e-45,4.46891e-42,1.02948e-39,1.58844e-37,2.51069e-38,0.642934,0,7.6477e-68,3.82131e-69,-1.6454e-52,-5.32284e-50,
0.00053,2596.85,0.111789,101325,0.0364316,0.0122227,0.00451388,0.0136803,0.0207651,0.268795,4.26274e-06,2.61576e-07,-7.29144e-39,-1.17594e-39,5.48221e-39,4.38961e-40,1.93541e-39,-7.98895e-40,1.73591e-29,1.9701e-29,2.26134e-35,2.27432e-37,1.40743e-40,4.15427e-42,7.34798e-43,1.1046e-50,4.97908e-49,5.75659e-49,3.25733e-48,1.54837e-48,3.09218e-50,-8.49547e-47,-1.69706e-47,-3.56238e-48,2.39211e-07,2.72494e-08,4.58595e-09,3.80349e-09,2.49715e-08,0.000278964,4.26401e-08,1.90129e-07,1.90094e-08,1.06531e-39,5.82696e-38,2.2012e-43,-1.79585e-44,2.38052e-41,1.18012e-39,1.73159e-37,2.69278e-38,0.643307,0,-1.28543e-66,-6.75011e-68,1.10023e-51,-9.17758e-49,
0.00054,2603.29,0.111572,101325,0.0360682,0.0118994,0.00440224,0.0135028,0.0206172,0.269567,4.24588e-06,2.64108e-07,6.79403e-32,2.15624e-33,1.4774e-33,8.62486e-35,9.33358e-34,1.35902e-34,1.78371e-29,1.9733e-29,-7.7842e-34,-3.94636e-33,5.15898e-35,-5.52727e-36,-1.9807e-36,1.09104e-50,3.90614e-49,-7.46852e-50,-8.25287e-50,6.23401e-50,1.17502e-51,-2.6476e-48,1.49333e-48,-9.37735e-50,2.44617e-07,2.81149e-08,4.85919e-09,4.09356e-09,2.43941e-08,0.000294645,4.57412e-08,1.95656e-07,2.00997e-08,-7.43451e-35,-4.44512e-34,-2.14936e-38,2.65182e-37,-7.86417e-36,-3.51724e-36,-1.04751e-34,-5.34658e-35,0.643644,0,-1.34886e-67,-4.09095e-69,-3.57832e-52,3.55176e-50,
0.00055,2609.11,0.111377,101325,0.0357355,0.0116097,0.00430179,0.0133407,0.0204798,0.270269,4.23115e-06,2.66545e-07,-1.93842e-30,-4.84138e-32,-2.33758e-32,-1.08394e-33,-4.35101e-33,1.47679e-34,4.12285e-29,2.14412e-29,5.43239e-33,-2.104e-32,3.21594e-33,-3.08175e-35,-1.54275e-35,-2.25171e-49,-8.15889e-48,5.76563e-51,2.81993e-50,2.27417e-51,3.1159e-52,-6.95301e-49,-2.25829e-49,-1.21367e-49,2.49698e-07,2.89589e-08,5.12872e-09,4.38309e-09,2.38738e-08,0.00031041,4.88685e-08,2.00853e-07,2.11976e-08,-1.83933e-32,-2.57242e-31,-1.38333e-36,1.13724e-36,3.29129e-34,-2.13817e-33,-4.42648e-32,-1.72375e-32,0.643948,0,2.66279e-69,-2.74441e-70,1.02688e-52,1.51086e-50,
0.00056,2614.39,0.111201,101325,0.0354311,0.0113498,0.00421132,0.0131927,0.0203523,0.270909,4.21816e-06,2.68868e-07,1.26975e-30,-6.76606e-33,-3.13675e-32,-2.67495e-33,-5.40011e-32,-1.18969e-32,-8.70722e-29,1.76927e-30,-4.74387e-32,-8.33551e-32,-1.84726e-33,-6.25621e-35,9.84847e-35,3.401e-49,1.11219e-47,6.0901e-51,1.80081e-50,4.83423e-51,6.21297e-52,1.41318e-48,2.32293e-49,5.66379e-50,2.54483e-07,2.97798e-08,5.39349e-09,4.67054e-09,2.34047e-08,0.000326245,5.20148e-08,2.05724e-07,2.23007e-08,-2.03028e-32,-8.91547e-32,-1.18102e-36,-1.74387e-35,1.86623e-34,5.22102e-34,2.67937e-32,-1.11222e-32,0.644223,0,-2.19901e-69,-3.49324e-70,3.36977e-53,-7.53844e-52,
0.00057,2619.16,0.111042,101325,0.0351529,0.0111162,0.00412978,0.0130575,0.0202343,0.271491,4.20662e-06,2.71069e-07,9.11299e-31,8.2762e-32,9.6662e-32,6.49055e-33,7.39288e-32,1.27497e-32,-1.24839e-28,-4.95272e-29,2.30584e-32,1.48576e-31,1.83936e-33,8.79174e-35,2.07029e-34,-8.25683e-49,-2.78794e-47,-3.43437e-51,5.42745e-51,-8.00268e-51,-1.37389e-51,-4.42213e-48,-2.46513e-48,-3.29462e-49,2.59003e-07,3.05764e-08,5.6527e-09,4.95458e-09,2.29815e-08,0.000342136,5.51735e-08,2.10273e-07,2.3407e-08,3.21785e-32,1.23891e-30,4.45169e-36,1.02254e-35,1.83424e-33,1.1527e-32,3.08594e-31,6.20215e-32,0.644471,0,2.82865e-69,2.84795e-70,-7.11581e-52,-1.59197e-50,
0.00058,2623.48,0.110899,101325,0.0348988,0.0109063,0.00405623,0.0129341,0.0201252,0.272021,4.19626e-06,2.73139e-07,5.76023e-30,1.62029e-31,-4.69206e-33,-2.98283e-33,-1.10925e-31,-2.00529e-32,-2.54569e-28,-1.61166e-28,1.53635e-32,-2.03157e-31,-2.58352e-33,-1.0892e-34,-6.94518e-34,1.68492e-48,6.58963e-47,2.50227e-50,8.05343e-50,8.56128e-50,5.69593e-51,5.93038e-48,1.56454e-48,6.61165e-49,2.63281e-07,3.13481e-08,5.9057e-09,5.23408e-09,2.25994e-08,0.000358071,5.83394e-08,2.14509e-07,2.45147e-08,6.38877e-33,-5.09838e-31,-2.75539e-36,-1.30516e-35,-1.76343e-33,-2.67669e-33,-1.82959e-31,-2.05001e-32,0.644696,0,-2.75638e-68,-1.61156e-69,1.10217e-51,8.12966e-51,
0.00059,2627.4,0.11077,101325,0.0346669,0.0107174,0.00398983,0.0128213,0.0200246,0.272503,4.18691e-06,2.75076e-07,3.11945e-31,-2.79506e-31,-6.16382e-31,-4.46485e-32,-4.5696e-31,-1.71118e-32,-8.15163e-30,-1.40199e-28,-4.34583e-32,-1.30485e-30,-1.57773e-32,-6.44554e-34,-1.75144e-33,5.91467e-49,7.7951e-48,-1.15371e-49,-5.94483e-49,-2.08634e-49,-4.67234e-52,-5.72417e-48,-4.60307e-48,-9.90464e-48,2.67342e-07,3.20949e-08,6.15204e-09,5.50811e-09,2.22544e-08,0.00037404,6.15078e-08,2.18444e-07,2.56224e-08,-5.08781e-32,-9.75787e-31,4.67629e-36,-2.15896e-35,1.20518e-33,-1.92423e-32,-2.13832e-32,-4.59849e-32,0.644898,0,6.68286e-68,1.60495e-69,1.92643e-51,-5.02889e-50,
0.0006,2630.94,0.110654,101325,0.0344555,0.0105473,0.00392986,0.0127182,0.0199318,0.272941,4.17842e-06,2.76882e-07,-8.19271e-31,-3.02198e-32,2.6821e-32,7.29489e-33,5.09769e-31,1.72093e-31,-4.3135e-29,-9.31677e-29,5.90304e-32,2.0486e-31,1.0632e-32,4.8054e-34,1.5297e-33,-5.87248e-48,-2.17406e-46,-5.37579e-50,-2.56624e-49,-1.62306e-49,-6.0058e-51,-3.54458e-47,-1.45683e-47,-7.5943e-48,2.71209e-07,3.28172e-08,6.39139e-09,5.77595e-09,2.19428e-08,0.000390035,6.46748e-08,2.2209e-07,2.67289e-08,1.39361e-32,1.79461e-30,7.61779e-36,-1.48596e-36,8.63491e-33,2.28889e-32,4.97468e-31,7.56056e-32,0.645081,0,2.94829e-68,9.75479e-70,-1.73321e-51,-1.43561e-49,
0.00061,2634.15,0.110549,101325,0.0342628,0.010394,0.00387564,0.012624,0.0198464,0.27334,4.17065e-06,2.78556e-07,-4.39036e-30,-7.12266e-31,3.09703e-31,2.94017e-32,1.98501e-30,5.04732e-31,-3.34102e-29,-6.96441e-29,-1.65572e-31,1.29814e-30,3.36929e-32,2.07898e-33,7.97332e-33,-1.43886e-47,-7.22892e-46,-7.06591e-49,-3.0373e-48,-2.72482e-48,-1.28119e-49,-2.1529e-47,4.22533e-48,-1.56593e-47,2.74899e-07,3.35156e-08,6.62357e-09,6.03701e-09,2.16611e-08,0.000406048,6.78373e-08,2.25461e-07,2.78332e-08,-1.31101e-31,8.97518e-31,1.12275e-35,-1.2698e-35,-1.26757e-32,8.24381e-32,1.82955e-31,-3.41794e-32,0.645246,0,1.19946e-67,1.64211e-69,-3.99739e-51,-6.25745e-49,
0.00062,2637.06,0.110454,101325,0.0340874,0.0102558,0.00382661,0.0125379,0.0197678,0.273702,4.16352e-06,2.80105e-07,1.86275e-31,3.29529e-31,1.67771e-30,1.12682e-31,-2.08447e-30,-1.77962e-30,-2.98111e-29,-6.02964e-29,-2.04327e-32,2.6647e-30,-1.96344e-33,-1.05376e-33,-7.46369e-33,4.89541e-47,2.12773e-45,3.58347e-48,1.79299e-47,7.03726e-48,2.07533e-49,2.64837e-46,1.13688e-46,2.32712e-46,2.78432e-07,3.41909e-08,6.84852e-09,6.29091e-09,2.14065e-08,0.000422073,7.09926e-08,2.28571e-07,2.89344e-08,5.87625e-32,3.27886e-30,-2.0229e-35,2.5499e-35,-1.57771e-32,-8.29413e-32,5.90018e-31,2.10799e-31,0.645395,0,-1.88185e-66,-6.03964e-68,-6.96567e-51,8.8544e-49,
0.00063,2639.69,0.110368,101325,0.0339278,0.0101311,0.00378223,0.0124592,0.0196955,0.274031,4.15694e-06,2.81532e-07,1.13723e-29,2.97622e-30,-1.77689e-30,-1.69217e-31,-8.15192e-30,-9.66338e-31,7.97492e-29,-2.32449e-29,6.56334e-31,-6.87137e-30,-1.48591e-31,-8.91499e-33,-3.30073e-32,1.58219e-47,9.35725e-46,-7.75797e-49,-9.29719e-48,5.73542e-48,3.25791e-49,-2.58645e-46,-8.84178e-47,-3.88336e-46,2.81822e-07,3.4844e-08,7.06624e-09,6.53736e-09,2.11762e-08,0.000438105,7.41386e-08,2.31436e-07,3.00321e-08,3.94809e-31,-2.60933e-30,-4.23018e-35,7.89584e-35,-3.90142e-32,-2.99018e-31,-1.77021e-30,7.56509e-32,0.64553,0,3.30939e-66,1.64318e-67,4.88344e-50,4.99193e-48,
0.00064,2642.07,0.11029,101325,0.0337827,0.0100186,0.00374205,0.0123872,0.0196291,0.27433,4.15085e-06,2.82843e-07,1.68072e-30,1.65268e-30,4.61778e-31,8.64023e-32,1.48324e-30,1.77847e-30,4.85487e-29,2.21651e-29,5.67039e-31,-9.19896e-31,5.75463e-32,1.19199e-33,-3.04762e-33,-5.57893e-47,-1.77356e-45,-4.20923e-48,-1.25593e-47,4.48604e-48,1.66419e-49,-5.27246e-46,-1.67219e-46,-3.30103e-46,2.85085e-07,3.54761e-08,7.27684e-09,6.77625e-09,2.09678e-08,0.00045414,7.72735e-08,2.34071e-07,3.11256e-08,-1.68276e-32,-1.10245e-29,-4.75449e-35,3.95618e-35,5.63991e-32,-1.8303e-31,-2.22139e-30,-4.17304e-31,0.645651,0,2.32904e-66,1.34887e-67,-1.1557e-49,-3.11664e-49,
0.00065,2644.23,0.11022,101325,0.0336508,0.00991691,0.00370564,0.0123213,0.0195681,0.274602,4.14518e-06,2.84044e-07,5.31641e-30,-5.14994e-30,-8.77646e-30,-5.71622e-31,2.37594e-29,1.29931e-29,8.58268e-30,3.11584e-29,-1.13979e-30,-5.85579e-30,1.40357e-31,1.76652e-32,1.14152e-31,-1.94172e-46,-8.79669e-45,-4.28508e-47,-2.02754e-46,-9.24022e-47,-2.48488e-48,2.19483e-45,1.86352e-46,9.20778e-46,2.88233e-07,3.60881e-08,7.48048e-09,7.00751e-09,2.07793e-08,0.000470172,8.03962e-08,2.3649e-07,3.22145e-08,-4.98598e-31,-1.65642e-29,1.2744e-34,-2.06195e-34,-1.11484e-31,2.71129e-30,-5.75042e-30,-1.64319e-30,0.64576,0,9.44559e-66,-4.42233e-68,5.81742e-50,1.80608e-47,
0.00066,2646.18,0.110157,101325,0.033531,0.00982509,0.00367262,0.0122609,0.0195121,0.274849,4.1399e-06,2.85143e-07,1.54528e-29,-1.65143e-29,-1.86533e-29,-1.41349e-30,1.40354e-29,1.1381e-30,6.06582e-29,3.09169e-29,-3.81526e-30,-5.47904e-30,-2.31911e-31,7.09266e-33,1.39198e-31,4.29703e-47,5.1077e-47,-2.04461e-47,-4.7875e-47,-1.13409e-46,-2.96821e-48,3.61647e-45,1.68345e-46,3.94593e-45,2.91277e-07,3.66813e-08,7.67736e-09,7.23122e-09,2.06086e-08,0.000486199,8.35056e-08,2.38709e-07,3.32988e-08,-9.16502e-31,-1.85578e-30,1.77109e-34,-5.18459e-34,2.9342e-31,1.97577e-30,4.61801e-30,-1.23105e-30,0.645858,0,-3.10521e-65,-2.36181e-66,9.7571e-50,-3.45777e-47,
0.00067,2647.95,0.1101,101325,0.0334223,0.0097421,0.00364268,0.0122056,0.0194607,0.275073,4.13496e-06,2.86144e-07,-1.46169e-30,-1.05076e-30,2.60864e-30,1.89642e-31,-3.11105e-30,2.57761e-30,5.29478e-29,4.86109e-29,-2.03905e-30,-2.14874e-30,-4.16219e-32,-2.21493e-33,-1.95383e-32,1.57462e-48,2.99724e-46,-4.99297e-47,-1.3605e-46,-9.45247e-49,-2.65501e-49,1.45886e-45,4.34115e-46,9.13347e-47,2.94229e-07,3.72568e-08,7.86773e-09,7.44748e-09,2.04541e-08,0.000502219,8.6601e-08,2.40741e-07,3.4378e-08,-1.40538e-31,-2.87168e-30,-4.83566e-35,9.19941e-35,-1.36281e-31,1.43197e-30,-2.22087e-30,-6.91859e-32,0.645946,0,1.71899e-65,9.67108e-67,-7.33914e-49,2.93848e-47,
0.00068,2649.55,0.110048,101325,0.0333237,0.00966706,0.0036155,0.0121549,0.0194136,0.275276,4.13032e-06,2.87055e-07,1.06648e-30,-2.09192e-29,1.09769e-29,1.08213e-30,-8.27597e-30,3.76934e-31,5.37194e-29,4.77747e-29,-2.31078e-30,2.4924e-31,1.70416e-31,5.18353e-33,-4.70518e-32,-1.13981e-46,-3.66882e-45,-4.19733e-47,-4.82633e-46,-3.42836e-47,-1.12639e-48,7.67177e-45,-5.55365e-47,4.75543e-45,2.97097e-07,3.78157e-08,8.05186e-09,7.65649e-09,2.03142e-08,0.000518228,8.96818e-08,2.42601e-07,3.54522e-08,-4.56305e-31,4.68998e-30,-6.85998e-35,8.1529e-35,-1.55357e-32,6.62515e-30,-2.12422e-30,5.1939e-31,0.646026,0,1.26774e-64,7.35775e-66,5.14428e-49,9.17956e-47,
0.00069,2651,0.110002,101325,0.0332344,0.0095992,0.00359081,0.0121085,0.0193702,0.275461,4.12597e-06,2.87883e-07,-2.13019e-30,-1.1496e-31,-7.3594e-33,3.52944e-33,1.53666e-31,-5.58964e-32,4.30473e-29,5.05394e-29,4.00764e-31,1.54768e-30,7.35566e-33,2.52686e-34,9.67105e-34,-3.18096e-47,-1.14176e-45,-7.63367e-48,-2.14537e-47,-2.20341e-49,-1.96725e-50,-2.61097e-46,-4.25214e-47,5.37105e-47,2.99889e-07,3.83591e-08,8.23004e-09,7.85847e-09,2.01874e-08,0.000534224,9.27477e-08,2.443e-07,3.65212e-08,-1.34785e-32,-4.26905e-31,-7.98491e-37,-1.76701e-35,6.74243e-33,-2.81545e-31,3.3363e-31,1.07847e-31,0.646097,0,2.50689e-66,9.75728e-68,-2.9255e-49,-1.19517e-47,
0.0007,2652.31,0.109959,101325,0.0331534,0.00953779,0.00356837,0.0120658,0.0193305,0.275628,4.12186e-06,2.88633e-07,1.70754e-30,1.28849e-31,1.34084e-31,7.35148e-33,-6.76905e-32,5.14054e-32,4.62236e-29,5.57417e-29,-1.53221e-31,-1.71527e-30,-8.88568e-34,-8.67121e-35,-7.69009e-34,2.94938e-47,1.21261e-45,5.79541e-48,2.12622e-47,-2.869e-49,-1.42064e-51,2.84374e-46,6.46129e-47,-9.31252e-47,3.02613e-07,3.8888e-08,8.40256e-09,8.05368e-09,2.00725e-08,0.000550206,9.57986e-08,2.45853e-07,3.75851e-08,-5.41696e-32,-6.10408e-30,-1.79928e-35,1.27527e-35,7.85005e-32,3.67886e-31,-2.76656e-30,-4.46992e-31,0.646161,0,-2.50468e-66,-1.32241e-67,1.60386e-49,1.49306e-47,
0.00071,2653.5,0.109921,101325,0.0330801,0.00948221,0.00354797,0.0120266,0.0192939,0.27578,4.11798e-06,2.89311e-07,6.91139e-31,5.39755e-32,6.65505e-32,3.89708e-33,-2.68053e-32,1.17127e-32,4.24181e-29,5.28509e-29,-5.78176e-32,-7.86186e-31,1.44399e-35,-2.70858e-35,-3.23749e-34,-6.31199e-48,-1.09105e-46,9.60908e-49,7.59966e-48,-1.15934e-49,5.22308e-52,-1.28149e-47,-6.78015e-47,-6.49503e-47,3.05275e-07,3.94035e-08,8.56974e-09,8.24241e-09,1.99684e-08,0.000566173,9.88344e-08,2.4727e-07,3.86438e-08,-1.39461e-32,-2.21618e-30,-6.72156e-36,5.09395e-36,2.63436e-32,2.03815e-31,1.05227e-32,-9.5279e-32,0.646218,0,-1.16879e-66,-6.39631e-68,-7.1879e-50,7.26466e-49,
0.00072,2654.57,0.109887,101325,0.0330138,0.00943189,0.00352941,0.0119906,0.0192604,0.275918,4.11431e-06,2.89923e-07,3.92554e-32,8.84244e-33,8.95268e-33,5.01013e-34,-2.4221e-32,-1.94145e-32,4.22337e-29,5.21085e-29,1.30787e-32,-2.28844e-31,-2.1985e-34,-1.67887e-35,-1.21022e-34,-2.21992e-47,-8.29467e-46,-2.10767e-48,-3.35278e-48,-3.8348e-50,6.33919e-52,-1.71018e-46,-8.56002e-47,-5.83213e-47,3.07882e-07,3.99065e-08,8.73187e-09,8.42496e-09,1.9874e-08,0.000582122,1.01855e-07,2.48562e-07,3.96976e-08,-7.52675e-33,-1.08332e-30,-2.37585e-36,6.837e-39,-1.8816e-33,3.19695e-32,8.68188e-32,-1.72392e-32,0.646269,0,-3.37717e-67,-2.03513e-68,-1.36938e-49,-9.12785e-48,
0.00073,2655.54,0.109856,101325,0.0329538,0.00938632,0.0035125,0.0119574,0.0192295,0.276043,4.11083e-06,2.90474e-07,-2.92569e-32,-2.57845e-33,-5.85601e-33,-3.89535e-34,-4.46781e-33,-3.33005e-34,4.17381e-29,5.18254e-29,4.39046e-33,4.1466e-32,-1.4236e-34,-4.7811e-36,-6.37216e-36,7.67016e-48,2.82329e-46,4.58007e-50,-4.97386e-49,2.94004e-51,1.36212e-52,5.42861e-47,3.22241e-47,1.74242e-47,3.10438e-07,4.03979e-08,8.88926e-09,8.60165e-09,1.97884e-08,0.000598053,1.04861e-07,2.49739e-07,4.07463e-08,-3.86192e-33,-2.3025e-31,-4.46782e-37,-2.69583e-37,5.37952e-33,-3.19957e-32,-1.36635e-31,-1.2566e-32,0.646314,0,8.95358e-68,4.98763e-69,3.61808e-50,1.88076e-48,
0.00074,2656.41,0.109828,101325,0.0328996,0.00934504,0.00349709,0.0119268,0.0192011,0.276156,4.10751e-06,2.90969e-07,-3.03611e-33,-9.83928e-34,-4.98155e-33,-3.54623e-34,2.64488e-33,5.2342e-33,4.08126e-29,5.22511e-29,4.66337e-34,8.69759e-32,-6.30273e-35,-3.37182e-37,2.4299e-35,8.7802e-49,8.12227e-47,1.05874e-49,8.03098e-49,9.74793e-51,9.07572e-53,8.42452e-48,-9.32038e-48,3.32878e-47,3.12949e-07,4.08785e-08,9.04221e-09,8.77279e-09,1.97108e-08,0.000613964,1.07852e-07,2.50812e-07,4.17903e-08,-1.64685e-33,-1.88125e-32,-3.80018e-37,-8.06729e-38,-4.24487e-33,-2.32738e-32,6.18635e-32,-2.5332e-35,0.646355,0,1.73479e-67,1.12315e-68,-1.64254e-50,1.87657e-48,
0.00075,2657.21,0.109803,101325,0.0328507,0.00930763,0.00348304,0.0118986,0.019175,0.276259,4.10436e-06,2.91412e-07,-5.09947e-32,-2.75766e-33,-7.61928e-33,-4.82767e-34,-9.9273e-33,-2.02422e-33,4.05331e-29,5.19564e-29,1.08067e-32,2.00048e-32,-2.17844e-34,-8.70585e-36,-3.57409e-35,2.00478e-47,7.35566e-46,-8.16969e-50,-1.52712e-48,-5.0974e-51,9.85631e-53,1.40938e-46,8.65655e-47,3.79843e-47,3.15417e-07,4.13492e-08,9.19099e-09,8.93871e-09,1.96403e-08,0.000629856,1.10829e-07,2.51789e-07,4.28295e-08,8.85483e-33,5.66484e-31,1.98304e-36,-4.55506e-37,2.81707e-33,-4.46113e-32,1.5379e-31,3.61666e-32,0.646391,0,8.18892e-68,3.84676e-69,8.57899e-50,4.52609e-48,
0.00076,2657.92,0.10978,101325,0.0328066,0.00927372,0.00347021,0.0118726,0.019151,0.276352,4.10134e-06,2.91809e-07,-1.39889e-32,-1.07797e-33,-2.6182e-33,-1.21941e-34,1.72835e-33,3.79047e-33,4.07483e-29,5.16667e-29,6.78245e-33,3.26475e-32,-2.94417e-36,1.11972e-36,4.44016e-36,9.37132e-48,3.50384e-46,1.13742e-49,3.53648e-50,8.22618e-52,6.03904e-53,6.71053e-47,3.49724e-47,2.29027e-47,3.17848e-07,4.18107e-08,9.33588e-09,9.0997e-09,1.95764e-08,0.000645726,1.13791e-07,2.52677e-07,4.3864e-08,7.09906e-33,5.03034e-31,1.42441e-36,-1.52613e-37,1.49261e-33,-1.31822e-32,2.0511e-31,2.97578e-32,0.646423,0,7.13915e-68,4.00394e-69,4.44158e-50,3.17559e-48,
0.00077,2658.57,0.10976,101325,0.0327668,0.00924298,0.0034585,0.0118485,0.0191288,0.276436,4.09845e-06,2.92163e-07,3.36657e-33,2.04133e-34,1.95909e-33,1.24965e-34,5.41923e-34,-1.8692e-33,4.08469e-29,5.1952e-29,-2.38669e-33,-2.46793e-32,3.37882e-35,9.73397e-37,1.68455e-36,-9.46817e-49,-7.02603e-47,-1.03778e-49,-1.80822e-49,-1.11959e-51,-4.59042e-53,-5.43115e-48,4.49664e-48,-1.88545e-47,3.20244e-07,4.22636e-08,9.47715e-09,9.25608e-09,1.95183e-08,0.000661575,1.1674e-07,2.53486e-07,4.48941e-08,4.12031e-33,2.6187e-31,8.30862e-37,4.19089e-38,-2.99626e-33,2.14207e-32,1.04567e-31,1.55099e-32,0.646451,0,-6.52955e-68,-3.94878e-69,-1.2192e-51,-1.09656e-48,
0.00078,2659.15,0.109741,101325,0.032731,0.00921509,0.00344778,0.0118262,0.0191083,0.276513,4.09568e-06,2.92477e-07,3.40723e-34,1.09562e-34,4.72758e-34,4.94833e-35,3.32009e-33,1.80939e-33,4.11151e-29,5.21705e-29,-2.89405e-35,5.34698e-33,5.64809e-35,2.96665e-36,9.52856e-36,-2.55093e-48,-9.58454e-47,1.64549e-50,1.27858e-49,-6.0844e-52,-5.08218e-53,-1.80035e-47,-8.77124e-48,-4.42763e-48,3.22609e-07,4.27087e-08,9.61503e-09,9.40815e-09,1.94656e-08,0.000677402,1.19675e-07,2.54221e-07,4.59199e-08,-4.81078e-34,-4.1205e-32,-4.82069e-38,1.80899e-38,3.20189e-33,1.55511e-33,-6.89984e-32,-5.87157e-33,0.646476,0,7.61559e-69,4.45362e-70,-6.5882e-51,-2.34542e-49,
0.00079,2659.67,0.109725,101325,0.0326988,0.0091898,0.00343797,0.0118054,0.0190894,0.276582,4.09302e-06,2.92756e-07,7.2944e-34,1.75089e-35,-3.72207e-34,-4.38296e-35,-4.38268e-33,-2.27081e-33,4.09135e-29,5.22052e-29,3.05693e-34,-1.07618e-32,-6.78139e-35,-3.89253e-36,-1.44552e-35,3.72846e-48,1.40576e-46,-2.19001e-50,-1.66435e-49,4.53957e-52,7.33844e-53,2.27302e-47,1.10235e-47,1.09977e-47,3.24944e-07,4.31464e-08,9.74977e-09,9.55617e-09,1.94177e-08,0.000693206,1.22597e-07,2.5489e-07,4.69415e-08,7.92179e-35,1.70392e-32,1.5066e-38,-1.3613e-38,-1.80094e-33,-7.36916e-33,7.45547e-32,5.24892e-33,0.646498,0,-1.19769e-68,-7.00063e-70,8.61477e-51,5.45365e-49,
0.0008,2660.15,0.10971,101325,0.0326698,0.00916684,0.00342899,0.0117862,0.0190719,0.276645,4.09046e-06,2.93002e-07,1.36972e-33,7.27838e-35,1.2323e-33,1.0443e-34,4.3975e-33,1.28339e-33,4.09107e-29,5.22619e-29,-2.56382e-34,-7.07195e-35,7.9904e-35,4.18138e-36,1.4932e-35,-4.37879e-48,-1.91726e-46,1.21077e-51,1.17378e-49,-7.30655e-52,-6.34874e-53,-2.72712e-47,-1.07315e-47,-2.30024e-47,3.27253e-07,4.35774e-08,9.88159e-09,9.70044e-09,1.93742e-08,0.000708987,1.25506e-07,2.55498e-07,4.7959e-08,7.47777e-34,2.86493e-32,2.30353e-37,2.84038e-38,-8.28334e-34,1.88549e-32,-3.37245e-32,-9.99046e-34,0.646517,0,-1.90322e-68,-1.18473e-69,-5.06567e-51,-1.23278e-48,
0.00081,2660.57,0.109696,101325,0.0326438,0.009146,0.00342074,0.0117683,0.0190557,0.276701,4.08799e-06,2.93218e-07,-8.14114e-35,1.30427e-35,-1.04439e-33,-9.15319e-35,-5.61877e-33,-1.9357e-33,4.09326e-29,5.23284e-29,4.5441e-34,-1.85598e-33,-8.91308e-35,-4.95602e-36,-1.9233e-35,4.66007e-48,2.15849e-46,-1.69474e-51,-9.87557e-50,1.61708e-51,8.71482e-53,2.73882e-47,1.02796e-47,3.17465e-47,3.29538e-07,4.40021e-08,1.00107e-08,9.8412e-09,1.93346e-08,0.000724745,1.28403e-07,2.5605e-07,4.89726e-08,-6.83265e-34,-3.67671e-32,-2.36365e-37,-2.26711e-38,1.72213e-33,-2.46276e-32,7.68349e-33,-9.23839e-34,0.646534,0,2.03167e-68,1.33143e-69,5.13342e-51,1.3793e-48,
0.00082,2660.96,0.109684,101325,0.0326205,0.00912708,0.00341317,0.0117516,0.0190407,0.276753,4.08559e-06,2.93407e-07,1.61376e-33,-8.0407e-35,2.26383e-33,1.8168e-34,6.50597e-33,9.81479e-34,4.07931e-29,5.23399e-29,-4.56412e-34,-1.0624e-32,1.20046e-34,6.33044e-36,2.31287e-35,-4.26852e-48,-2.18489e-46,-2.82046e-51,1.00081e-49,-1.52268e-51,-9.38728e-53,-1.92081e-47,-4.98513e-48,-4.87743e-47,3.318e-07,4.44211e-08,1.01373e-08,9.9787e-09,1.92986e-08,0.000740479,1.31287e-07,2.56552e-07,4.99824e-08,4.93201e-34,1.0288e-32,1.30175e-37,3.80012e-38,-2.075e-33,4.51846e-32,1.15884e-32,1.3278e-33,0.646548,0,-6.8396e-68,-4.3932e-69,2.56035e-51,-1.96427e-48,
0.00083,2661.3,0.109673,101325,0.0325997,0.00910989,0.00340621,0.011736,0.0190268,0.276799,4.08328e-06,2.93572e-07,-4.51944e-34,9.86539e-35,-1.29594e-33,-1.04767e-34,-5.14255e-33,-1.15184e-33,4.08879e-29,5.23381e-29,4.04938e-34,5.79969e-33,-8.224e-35,-4.58514e-36,-1.86268e-35,2.48771e-48,1.35358e-46,6.58902e-52,-5.2969e-50,1.94905e-51,9.146e-53,6.06093e-48,3.58477e-49,4.13865e-47,3.34041e-07,4.48347e-08,1.02615e-08,1.01132e-08,1.92659e-08,0.000756188,1.3416e-07,2.57008e-07,5.09886e-08,2.22647e-34,2.25962e-32,6.74354e-39,-2.0306e-38,6.11933e-34,-3.77763e-32,-6.6995e-33,1.37326e-34,0.646561,0,4.96294e-68,3.24252e-69,-3.07491e-51,1.35555e-48,
0.00084,2661.61,0.109664,101325,0.032581,0.00909426,0.0033998,0.0117213,0.0190138,0.276841,4.08103e-06,2.93713e-07,1.15184e-33,-2.97425e-34,2.20266e-33,1.6766e-34,5.43028e-33,-8.91143e-35,4.08361e-29,5.23768e-29,-4.66358e-34,-1.78656e-32,9.83742e-35,5.36779e-36,2.12428e-35,-2.48083e-49,-4.75088e-47,-1.32861e-51,6.30898e-50,-1.46501e-51,-8.8317e-53,1.56501e-47,8.79777e-48,-5.12366e-47,3.36264e-07,4.52433e-08,1.03836e-08,1.02448e-08,1.92361e-08,0.000771873,1.37021e-07,2.57423e-07,5.19912e-08,-3.69107e-34,-4.90966e-32,4.83542e-39,2.67276e-38,5.01991e-34,5.86286e-32,-5.68716e-33,-1.37783e-33,0.646571,0,-1.02348e-67,-6.69834e-69,1.00672e-50,-1.51954e-48,
0.00085,2661.89,0.109655,101325,0.0325644,0.00908006,0.00339389,0.0117076,0.0190017,0.27688,4.07885e-06,2.93835e-07,-8.74921e-34,2.83237e-34,-1.39134e-33,-9.93342e-35,-2.14368e-33,1.02364e-33,4.07895e-29,5.23902e-29,3.52857e-34,1.6305e-32,-4.34158e-35,-2.39432e-36,-1.00454e-35,-2.50186e-48,-8.85274e-47,5.93498e-52,-2.56977e-50,4.41619e-52,3.55488e-53,-3.02214e-47,-1.30722e-47,2.78522e-47,3.38468e-07,4.56473e-08,1.05037e-08,1.03739e-08,1.92089e-08,0.000787534,1.39871e-07,2.57799e-07,5.29904e-08,2.39098e-34,3.79261e-32,-4.25077e-38,-1.1928e-38,-1.26649e-33,-4.22862e-32,1.87733e-32,1.77039e-33,0.64658,0,8.42936e-68,5.54963e-69,-1.00427e-50,5.96136e-49,
0.00086,2662.14,0.109647,101325,0.0325496,0.00906715,0.00338843,0.0116947,0.0189904,0.276914,4.07672e-06,2.93938e-07,8.54408e-34,-4.4823e-34,1.48063e-33,1.00132e-34,1.58725e-33,-1.95993e-33,4.0853e-29,5.23916e-29,-3.6382e-34,-2.19743e-32,3.47448e-35,2.03616e-36,9.78648e-36,4.87592e-48,1.9963e-46,-7.38288e-52,3.41833e-50,9.51564e-53,-2.39186e-53,4.74892e-47,1.88578e-47,-2.252e-47,3.40655e-07,4.60471e-08,1.06219e-08,1.05005e-08,1.91842e-08,0.00080317,1.42711e-07,2.58142e-07,5.39863e-08,-4.64266e-35,-2.91992e-32,1.11767e-37,7.60527e-39,1.14046e-33,5.16556e-32,-3.4994e-32,-2.11394e-33,0.646587,0,-1.148e-67,-7.62421e-69,1.21364e-50,-3.48779e-49,
0.00087,2662.37,0.10964,101325,0.0325364,0.0090554,0.00338338,0.0116826,0.0189798,0.276945,4.07465e-06,2.94024e-07,-1.04312e-33,5.28854e-34,-1.00627e-33,-5.52001e-35,3.59815e-33,4.46805e-33,4.07536e-29,5.24108e-29,2.2342e-34,2.59047e-32,3.18659e-35,1.91295e-36,7.86884e-36,-7.76894e-48,-3.56451e-46,3.0245e-51,-1.25419e-50,-3.58716e-51,-9.48479e-53,-5.30249e-47,-1.90384e-47,-2.56458e-47,3.42828e-07,4.64429e-08,1.07384e-08,1.06249e-08,1.91617e-08,0.00081878,1.45539e-07,2.58453e-07,5.49791e-08,-3.36739e-34,2.75761e-33,-5.89447e-38,5.21108e-39,-3.07024e-34,-1.88751e-32,3.11077e-32,1.03972e-33,0.646593,0,1.0327e-67,6.8787e-69,-1.07318e-50,-8.47318e-49,
0.00088,2662.57,0.109634,101325,0.0325248,0.0090447,0.00337871,0.0116711,0.0189699,0.276973,4.07262e-06,2.94095e-07,6.85891e-34,-4.68418e-34,5.11586e-34,1.90356e-35,-3.32124e-33,-3.92881e-33,4.08287e-29,5.24253e-29,-1.47102e-34,-2.1559e-32,-3.79671e-35,-2.04938e-36,-6.67726e-36,6.99702e-48,3.32454e-46,-3.12214e-51,1.66256e-50,3.0494e-51,8.07895e-53,4.37177e-47,1.46819e-47,3.16958e-47,3.44985e-07,4.68349e-08,1.08533e-08,1.07472e-08,1.91411e-08,0.000834365,1.48358e-07,2.58736e-07,5.59687e-08,2.38888e-34,3.999e-34,2.4204e-38,-9.48158e-39,-5.16686e-34,1.55498e-32,-2.65825e-32,-6.64072e-34,0.646598,0,-9.50834e-68,-6.40642e-69,7.31301e-51,8.89153e-49,
0.00089,2662.75,0.109628,101325,0.0325145,0.00903496,0.00337437,0.0116602,0.0189606,0.276999,4.07064e-06,2.94152e-07,2.54138e-32,1.44225e-33,7.99146e-34,7.65959e-35,1.02308e-32,6.83196e-33,4.12841e-29,5.25139e-29,2.9513e-34,2.2023e-32,1.28413e-34,7.22315e-36,3.14232e-35,-5.96406e-48,-3.08059e-46,5.30261e-51,-1.85584e-51,-8.18881e-51,-2.24991e-52,-7.7464e-48,-2.27051e-49,-1.04342e-46,3.47129e-07,4.72236e-08,1.09668e-08,1.08675e-08,1.91223e-08,0.000849925,1.51166e-07,2.58993e-07,5.69553e-08,-3.93354e-34,-2.61505e-32,1.64908e-37,-9.01662e-40,1.3002e-33,6.33131e-32,-2.1878e-32,-2.39026e-33,0.646601,0,3.40632e-68,2.30305e-69,-1.80535e-51,-2.11486e-48,
0.0009,2662.91,0.109624,101325,0.0325055,0.00902608,0.00337033,0.0116499,0.0189518,0.277022,4.06869e-06,2.94196e-07,-6.7277e-32,-2.16526e-33,-2.10436e-33,-1.65901e-34,-1.63382e-33,-3.61097e-34,4.40238e-29,5.35793e-29,-1.54992e-33,1.41816e-33,-8.00668e-35,-3.94644e-36,-4.37435e-36,3.73238e-48,1.05928e-46,9.6239e-51,1.31284e-51,-5.49278e-51,-2.41114e-52,3.23681e-47,1.28527e-47,-2.2375e-47,3.4926e-07,4.7609e-08,1.10788e-08,1.09861e-08,1.91052e-08,0.000865459,1.53965e-07,2.59227e-07,5.79391e-08,1.11615e-33,1.9828e-32,1.15692e-37,3.78386e-37,-2.58653e-34,1.8418e-32,-1.13251e-32,7.18548e-34,0.646604,0,4.91702e-69,3.75009e-70,1.09433e-50,1.13188e-49,
0.00091,2663.05,0.109619,101325,0.0324975,0.00901799,0.00336657,0.0116401,0.0189435,0.277043,4.06679e-06,2.94229e-07,2.42404e-31,8.14576e-33,6.13287e-33,3.48195e-34,2.34508e-33,-4.64822e-34,3.42066e-29,5.11786e-29,2.04418e-33,5.79541e-33,1.65096e-34,1.1396e-35,2.21747e-35,-1.74102e-49,-3.88131e-48,-2.16859e-52,6.42398e-51,6.74463e-51,4.05273e-52,-8.46986e-48,-7.44263e-48,8.31995e-48,3.51379e-07,4.79914e-08,1.11896e-08,1.11031e-08,1.90895e-08,0.000880967,1.56755e-07,2.5944e-07,5.892e-08,-1.59226e-33,9.91268e-32,2.46908e-37,-1.62304e-36,7.80935e-36,-5.07225e-33,4.37481e-32,4.70187e-33,0.646605,0,-8.32859e-69,-3.84674e-70,1.89402e-51,1.89863e-49,
0.00092,2663.18,0.109615,101325,0.0324906,0.00901061,0.00336306,0.0116308,0.0189357,0.277061,4.06492e-06,2.94252e-07,2.51124e-32,-2.1907e-34,-1.40136e-33,-1.15037e-34,-2.96615e-33,-4.05323e-34,3.79211e-29,4.94213e-29,-1.2519e-33,-6.96315e-33,-6.67506e-35,1.02185e-36,-5.36773e-36,-3.15328e-49,-1.31595e-47,2.87946e-51,1.25038e-50,1.32372e-50,8.04218e-52,-1.71879e-48,1.4127e-48,-7.03404e-49,3.53487e-07,4.83711e-08,1.12992e-08,1.12185e-08,1.90751e-08,0.000896449,1.59535e-07,2.59635e-07,5.98982e-08,-5.39775e-33,-9.80039e-32,-1.90545e-37,-1.86899e-37,-1.43037e-34,-1.02656e-33,-2.92285e-32,-6.38453e-33,0.646606,0,6.54539e-69,2.11659e-70,-1.71958e-51,-1.61802e-49,
0.00093,2663.29,0.109612,101325,0.0324846,0.00900387,0.00335978,0.0116219,0.0189283,0.277078,4.06308e-06,2.94265e-07,2.47139e-31,9.84249e-33,9.46041e-33,6.63747e-34,1.35535e-32,3.43806e-33,5.9289e-29,5.46296e-29,3.0721e-33,7.72084e-33,3.20329e-34,1.57021e-35,3.82275e-35,3.05779e-49,1.17708e-47,-4.4349e-51,-1.5515e-50,-7.3317e-51,-4.50345e-52,2.61193e-48,8.83483e-49,-2.36472e-49,3.55584e-07,4.87481e-08,1.14077e-08,1.13325e-08,1.9062e-08,0.000911905,1.62306e-07,2.59812e-07,6.08737e-08,2.4192e-33,1.23173e-31,2.8222e-37,-1.70254e-36,1.50157e-34,1.97818e-33,3.19614e-32,6.30241e-33,0.646606,0,1.19344e-68,2.89635e-70,6.91593e-52,6.44674e-50,
0.00094,2663.39,0.109609,101325,0.0324795,0.00899771,0.00335671,0.0116134,0.0189213,0.277093,4.06127e-06,2.9427e-07,1.61232e-31,5.78586e-33,4.9881e-33,2.91682e-34,2.47443e-33,-1.23587e-34,5.08252e-29,6.22933e-29,1.81718e-33,5.97614e-33,1.06227e-34,2.66251e-36,7.03219e-36,-5.99584e-49,-2.27238e-47,-8.48178e-51,-2.74513e-50,-2.09092e-50,-1.27222e-51,-3.7703e-48,-1.72022e-48,-6.72783e-49,3.5767e-07,4.91226e-08,1.15151e-08,1.14452e-08,1.90499e-08,0.000927335,1.65069e-07,2.59973e-07,6.18466e-08,2.67266e-33,-6.57501e-33,5.1733e-40,-1.91056e-37,7.48113e-35,-2.11829e-34,-4.46762e-33,9.65151e-34,0.646605,0,6.32904e-69,1.45199e-70,-4.8914e-52,-2.50392e-50,
0.00095,2663.48,0.109607,101325,0.0324751,0.00899208,0.00335382,0.0116052,0.0189146,0.277107,4.05948e-06,2.94267e-07,-2.35502e-31,-9.52373e-33,-9.16964e-33,-6.35214e-34,-1.23087e-32,-2.89829e-33,3.85145e-29,6.07032e-29,-4.29773e-33,-1.48508e-32,-3.18226e-34,-1.30103e-35,-3.42742e-35,2.94181e-49,1.0916e-47,3.08079e-51,6.58871e-51,-6.27788e-52,-3.98912e-53,2.17816e-48,1.15117e-48,4.23652e-49,3.59746e-07,4.94948e-08,1.16217e-08,1.15566e-08,1.90389e-08,0.000942738,1.67823e-07,2.60121e-07,6.2817e-08,-5.61979e-34,6.67007e-33,-2.72574e-38,-6.68656e-37,-1.0754e-34,1.48283e-34,9.81724e-33,1.3267e-34,0.646604,0,-1.30142e-69,-4.79236e-71,1.16549e-52,4.74567e-51,
0.00096,2663.56,0.109604,101325,0.0324714,0.00898693,0.0033511,0.0115973,0.0189082,0.27712,4.05772e-06,2.94257e-07,1.34847e-31,5.27651e-33,4.76679e-33,3.51659e-34,8.53366e-33,2.65752e-33,4.75838e-29,5.70598e-29,1.83308e-33,5.40011e-33,1.21308e-34,6.96768e-36,1.95028e-35,4.27567e-50,2.51517e-48,-9.19166e-52,6.58948e-52,4.84398e-51,2.62013e-52,-3.64295e-49,-6.88981e-49,-1.20149e-50,3.61813e-07,4.98648e-08,1.17273e-08,1.1667e-08,1.90287e-08,0.000958115,1.70568e-07,2.60255e-07,6.3785e-08,-3.46103e-33,-2.24314e-32,-3.3788e-38,-1.07518e-36,3.66203e-34,-1.67182e-34,-7.72778e-33,-2.72961e-33,0.646602,0,-1.11114e-68,-2.62876e-70,-8.55911e-53,-3.90026e-51,
0.00097,2663.63,0.109603,101325,0.0324683,0.00898221,0.00334853,0.0115897,0.0189021,0.277131,4.05598e-06,2.94241e-07,3.88846e-31,1.3308e-32,1.05532e-32,6.21312e-34,6.03358e-33,2.55005e-34,4.41332e-29,5.82477e-29,5.03871e-33,1.85721e-32,1.50554e-34,5.28179e-36,1.33435e-35,-3.19409e-49,-1.34552e-47,-7.0283e-51,-2.47924e-50,-1.65033e-50,-9.86897e-52,-1.72895e-48,-3.52215e-49,-4.72581e-49,3.63871e-07,5.02328e-08,1.18321e-08,1.17763e-08,1.90194e-08,0.000973465,1.73306e-07,2.60379e-07,6.47505e-08,5.88299e-34,-5.62916e-32,-1.73846e-37,-1.08008e-37,-3.02385e-34,-7.33287e-34,-1.99644e-32,-2.01404e-33,0.6466,0,1.33542e-68,4.11968e-70,-1.86545e-52,-8.23882e-51,
0.00098,2663.69,0.109601,101325,0.0324658,0.00897789,0.00334611,0.0115824,0.0188962,0.277141,4.05426e-06,2.94219e-07,-9.33322e-32,-4.87656e-33,-5.39888e-33,-3.86477e-34,-7.97457e-33,-1.73056e-33,4.80333e-29,5.85806e-29,-2.57122e-33,-9.01246e-33,-1.99832e-34,-8.9074e-36,-2.38774e-35,1.48267e-49,4.98665e-48,3.29888e-51,5.75254e-51,-3.8394e-51,-2.20119e-52,1.26049e-48,6.37317e-49,2.29384e-49,3.6592e-07,5.05988e-08,1.19361e-08,1.18846e-08,1.90108e-08,0.000988788,1.76035e-07,2.60492e-07,6.57137e-08,1.08946e-33,4.25602e-32,6.98947e-38,-3.32617e-37,1.85616e-34,4.94643e-34,1.43761e-32,2.30508e-33,0.646597,0,3.05121e-69,6.09583e-71,1.43168e-52,7.07721e-51,
0.00099,2663.74,0.1096,101325,0.0324638,0.00897392,0.00334381,0.0115753,0.0188906,0.27715,4.05256e-06,2.94192e-07,3.79526e-31,1.35319e-32,1.13905e-32,7.56021e-34,1.38612e-32,3.53023e-33,4.91955e-29,6.00358e-29,5.29535e-33,1.27289e-32,3.18544e-34,1.35666e-35,3.23727e-35,-7.66248e-50,-2.6853e-48,-6.09242e-51,-1.74515e-50,-1.22289e-50,-7.99585e-52,-1.10722e-48,-8.96186e-49,-1.73116e-49,3.67961e-07,5.0963e-08,1.20395e-08,1.1992e-08,1.90029e-08,0.00100408,1.78756e-07,2.60595e-07,6.66745e-08,-1.36055e-33,6.26997e-32,2.42366e-37,1.30153e-36,2.44103e-34,8.28979e-34,2.04182e-32,2.12527e-33,0.646594,0,-1.58372e-68,-4.21076e-70,-3.10431e-52,-1.77049e-50,
0.001,2663.78,0.109599,101325,0.0324622,0.00897028,0.00334162,0.0115684,0.0188852,0.277158,4.05088e-06,2.9416e-07,8.18772e-32,9.24008e-34,-2.04719e-33,-2.31294e-34,-9.53361e-33,-3.26766e-33,4.16903e-29,5.98489e-29,-3.18124e-33,-1.71774e-32,-2.54627e-34,-8.29247e-36,-2.53094e-35,2.98368e-49,1.09908e-47,8.13685e-51,2.52714e-50,1.6174e-50,9.79176e-52,1.74286e-48,8.27315e-49,3.05429e-49,3.69994e-07,5.13254e-08,1.21421e-08,1.20985e-08,1.89955e-08,0.00101935,1.8147e-07,2.60691e-07,6.76331e-08,-8.85726e-33,-1.79164e-31,-4.98725e-37,-5.41319e-37,-3.51603e-34,-1.90116e-33,-3.87373e-32,-1.08151e-32,0.64659,0,-3.936e-70,7.45274e-71,3.31439e-52,1.75324e-50,
