Distance (mm), T (C), P (atm), H2, O2, H2O, CH4, CO, CO2, AR, PT(S), H(S), H2O(S), OH(S), CO(S), CO2(S), CH3(S), CH2(S), CH(S), C(S), O(S), 
0.0, 800.00000000000011, 1.0000006517128226, 0.000710157747537, 0.00205212749813, 0.576478276218, 0.0939143635022, 0.0102452237222, 0.278348993263, 0.0382508580488, 0.986034283593, 0.00134766718038, 0.00120248962908, 0.000479375745325, 0.00982588214568, 2.18159095727e-07, 1.43528980018e-07, 3.70009621644e-10, 1.29584939953e-12, 0.00109363239913, 1.6307247994e-05, 
0.015000000000000001, 800.00000000000011, 1.0000013034256454, 0.0217445428942, 7.56574691474e-06, 0.562278840387, 0.0861419910591, 0.0118563070592, 0.280155384584, 0.0378153682702, 0.971115362348, 0.0079981774212, 0.00115504162131, 1.1994821615e-05, 0.0111437746817, 2.12740759754e-07, 4.94620740655e-09, 2.99309156311e-11, 5.51550273763e-12, 0.00857538251895, 4.8864994303e-08, 
0.030000000000000002, 800.00000000000011, 1.0000019551384676, 0.0381471390462, 2.85811504474e-08, 0.549689532001, 0.0807755741199, 0.0134445315042, 0.280473803804, 0.0374693909429, 0.964825395915, 0.0105435363591, 0.00112186742918, 9.05738575844e-06, 0.0124922365948, 2.11576433768e-07, 6.14927835601e-09, 5.39118836488e-11, 9.36802451727e-12, 0.0110076622853, 2.62418979773e-08, 
0.045000000000000005, 800.00000000000011, 1.0000026068512902, 0.05089635015, 1.09683363402e-10, 0.539934871229, 0.076556006353, 0.014851241922, 0.280564368554, 0.0371971616829, 0.961648323956, 0.0121473250344, 0.00109833133805, 8.00144180405e-06, 0.0136929094856, 2.10938313825e-07, 7.69018767648e-09, 7.09812169583e-11, 1.12135004927e-11, 0.0114048697888, 2.0244864696e-08, 
0.060000000000000005, 800.00000000000011, 1.0000032585641128, 0.0612759921024, 4.25746208363e-13, 0.532011074611, 0.0730954971266, 0.0160810501071, 0.280562483027, 0.0369739030261, 0.959658012661, 0.0133059367028, 0.00107997382065, 7.36060696066e-06, 0.0147389653659, 2.10494704846e-07, 8.9555101169e-09, 8.21272342301e-11, 1.2095275681e-11, 0.0112095141782, 1.71196728765e-08, 
0.075000000000000011, 800.00000000000011, 1.0000039102769351, 0.0699716690668, 1.66719246924e-15, 0.525383162567, 0.070181828458, 0.0171602614012, 0.280517154104, 0.0367859244037, 0.958307839303, 0.0142015196537, 0.00106501954622, 6.91958612259e-06, 0.0156529689631, 2.10160822288e-07, 9.88530729216e-09, 8.88341713876e-11, 1.24144121404e-11, 0.0107654976232, 1.51775768622e-08, 
0.090000000000000011, 800.00000000000011, 1.0000045619897571, 0.0774077254142, 6.57930571786e-18, 0.51972241125, 0.067680262214, 0.018116556397, 0.280448511691, 0.0366245330334, 0.957325588498, 0.0149233286503, 0.00105246536938, 6.59256204893e-06, 0.0164591749192, 2.09891314195e-07, 1.05285419895e-08, 9.2498473927e-11, 1.24118990087e-11, 0.0102326156354, 1.38411762343e-08, 
0.10500000000000001, 800.00000000000011, 1.0000052137025803, 0.0838692763493, 2.96067478747e-20, 0.514809012777, 0.0654987746265, 0.0189735445139, 0.280365599833, 0.0364837919001, 0.956564815074, 0.0155222760347, 0.00104168774529, 6.33753520896e-06, 0.0171783131717, 2.09660454172e-07, 1.0951924203e-08, 9.41547464797e-11, 1.22303692907e-11, 0.00968633686252, 1.28573800526e-08, 
0.12000000000000001, 800.00000000000011, 1.0000058654154027, 0.0895578273785, 3.22262720351e-21, 0.5104880562, 0.0635717097177, 0.0197499854359, 0.280272956136, 0.0363594651318, 0.955943290483, 0.016030244115, 0.00103227409739, 6.13128870617e-06, 0.0178268618816, 2.09453388178e-07, 1.12136784796e-08, 9.45091051496e-11, 1.19532772954e-11, 0.00916096526312, 1.20976409495e-08, 
0.13500000000000001, 800.00000000000011, 1.0000065171282253, 0.0946209105078, 2.81500798898e-21, 0.506646290546, 0.0618507624179, 0.0204604029979, 0.28017319726, 0.0362484362704, 0.955413171377, 0.0164685065041, 0.00102393810829, 5.95985123462e-06, 0.0184175846618, 2.09261448953e-07, 1.13587173165e-08, 9.40290746177e-11, 1.16292532787e-11, 0.00867060728171, 1.14896708453e-08, 
0.15000000000000002, 800.00000000000011, 1.0000071688410477, 0.0991694914542, 2.58544591097e-21, 0.503198587152, 0.0602995258528, 0.021115970508, 0.28006806854, 0.0361483564929, 0.954945693703, 0.0168519311638, 0.00101647335779, 5.8142653734e-06, 0.0189603083809, 2.09079547268e-07, 1.14200942548e-08, 9.30213766839e-11, 1.12865526565e-11, 0.00821954753524, 1.09896358412e-08, 
0.16500000000000001, 800.00000000000011, 1.0000078205538705, 0.103288872009, 2.38718590195e-21, 0.500079513732, 0.0588900021678, 0.0217253145814, 0.279958878029, 0.0360574194806, 0.954523019653, 0.0171912858207, 0.0010097263218, 5.68849768973e-06, 0.0194626282278, 2.08904689611e-07, 1.14217011173e-08, 9.16872112892e-11, 1.09414725539e-11, 0.00780742048028, 1.05693599509e-08, 
0.18000000000000002, 800.00000000000011, 1.0000084722666931, 0.107045834383, 2.22520723786e-21, 0.49723783673, 0.0576002819357, 0.0222951556565, 0.279846679576, 0.0359742117196, 0.954133753553, 0.0174945936416, 0.00100357984102, 5.57831997934e-06, 0.0199304685138, 2.08735121103e-07, 1.13807205102e-08, 9.01589816369e-11, 1.0603245632e-11, 0.00743179570453, 1.02098699776e-08, 
0.19500000000000001, 800.00000000000011, 1.0000091239795155, 0.110493488259, 2.11484873147e-21, 0.494632801921, 0.0564129550493, 0.0228307920637, 0.279732352722, 0.0358976099846, 0.95377040172, 0.0177679738532, 0.000997942565783, 5.48067119881e-06, 0.0203685060575, 2.08569823195e-07, 1.13095230429e-08, 8.85241181221e-11, 1.02769046189e-11, 0.00708946525645, 9.89789621166e-09, 
0.21000000000000002, 800.00000000000011, 1.0000097756923378, 0.113674652965, 1.88788677324e-21, 0.492231543586, 0.0553139960619, 0.0233364575906, 0.279616640393, 0.0358267094038, 0.953427893405, 0.0180161863004, 0.000992741959159, 5.39327410331e-06, 0.0207804826974, 2.08408213225e-07, 1.12170497072e-08, 8.68404545496e-11, 9.96497583993e-12, 0.00677707301772, 9.62386082655e-09, 
0.22500000000000001, 800.00000000000011, 1.0000104274051602, 0.116624271415, 1.88635311435e-21, 0.49000723641, 0.0542919665518, 0.0238155832844, 0.279500170323, 0.0357607720161, 0.953102697576, 0.0182429959924, 0.000987919518535, 5.31439501982e-06, 0.0211694341029, 2.08249965256e-07, 1.11097946808e-08, 8.51461879562e-11, 9.66849180236e-12, 0.0064914095799, 9.38066491626e-09, 
0.24000000000000002, 800.00000000000011, 1.0000110791179835, 0.119371167856, 1.79176149733e-21, 0.487937750017, 0.0533374342424, 0.0242709887479, 0.27938346985, 0.0356991892861, 0.952792283281, 0.0184514247193, 0.000983427419438, 5.24268766813e-06, 0.0215378570512, 2.08094901246e-07, 1.09924986156e-08, 8.34663801229e-11, 9.38760255155e-12, 0.00622953649833, 9.16292634202e-09, 
0.255, 800.00000000000011, 1.0000117308308059, 0.121939352142, 1.76547495049e-21, 0.486004650438, 0.0524425422215, 0.0247050227642, 0.279266978112, 0.0356414543213, 0.952494782815, 0.0186439290302, 0.000979226101677, 5.17708843632e-06, 0.0218878323813, 2.07942925492e-07, 1.08686373937e-08, 8.18172405025e-11, 9.12194759894e-12, 0.00598882471425, 8.96648395223e-09, 
0.27000000000000002, 800.00000000000011, 1.0000123825436289, 0.124349000248, 1.70500057089e-21, 0.484192448696, 0.051600685892, 0.0251196670164, 0.279151057136, 0.0355871410111, 0.952208777319, 0.0188225287034, 0.000975282498925, 5.11674427363e-06, 0.0222211158636, 2.07793985169e-07, 1.07407684063e-08, 8.02089787805e-11, 8.87088365623e-12, 0.00576695145889, 8.78806533394e-09, 
0.28499999999999998, 800.00000000000011, 1.0000130342564515, 0.126617201181, 1.60651021867e-21, 0.482488028808, 0.0508062671442, 0.0255166128448, 0.279036001833, 0.0355358881888, 0.951933158096, 0.0189889012546, 0.000971568717239, 5.06096186771e-06, 0.022539205762, 2.07648047005e-07, 1.06107772738e-08, 7.86477223253e-11, 8.63362409855e-12, 0.00556187823722, 8.62505825658e-09, 
0.30000000000000004, 800.00000000000011, 1.0000136859692743, 0.128758538988, 1.45095882982e-21, 0.480880200473, 0.0500545036554, 0.0258973200914, 0.278922049464, 0.0354873873276, 0.951667034749, 0.0191444529212, 0.000968061023041, 5.00917095445e-06, 0.0228433943158, 2.07505084014e-07, 1.04800546503e-08, 7.71368138684e-11, 8.40932354078e-12, 0.00537182127393, 8.4753494685e-09, 
0.315, 800.00000000000011, 1.0000143376820971, 0.130785542671, 1.49791390686e-21, 0.479359354123, 0.0493412818807, 0.0262630604866, 0.278809387823, 0.0354413730155, 0.951409674304, 0.0192903721874, 0.000964739074534, 4.96089754226e-06, 0.0231348061333, 2.07365068065e-07, 1.03496245212e-08, 7.56777033131e-11, 8.19712929692e-12, 0.00519522126736, 8.33720920556e-09, 
0.33000000000000002, 800.00000000000011, 1.0000149893949195, 0.132709042729, 1.45183344962e-21, 0.477917186806, 0.0486630402483, 0.0266149516519, 0.278698163071, 0.0353976154934, 0.951160459352, 0.0194276712688, 0.000961585314467, 4.91574384876e-06, 0.0234144283254, 2.07227965782e-07, 1.02202374174e-08, 7.42705588146e-11, 7.99621115945e-12, 0.0050307142558, 8.20920639821e-09, 
0.34499999999999997, 800.00000000000011, 1.0000156411077423, 0.134538456868, 1.4969269782e-21, 0.476546482388, 0.0480166765686, 0.0269539833622, 0.278588486198, 0.0353559146147, 0.950918859599, 0.0195572180556, 0.000958584495596, 4.87337320468e-06, 0.0236831336017, 2.0709373809e-07, 1.00924389309e-08, 7.29146914291e-11, 7.80577827654e-12, 0.00487710551806, 8.09014585857e-09, 
0.36000000000000004, 800.00000000000011, 1.0000162928205649, 0.13628201603, 1.34749038954e-21, 0.475240937634, 0.0473994744524, 0.0272810377263, 0.278480439031, 0.0353160951257, 0.950684411745, 0.0196797615661, 0.000955723299988, 4.83349841342e-06, 0.0239416983872, 2.06962339018e-07, 9.96662072698e-09, 7.16088521247e-11, 7.62508781072e-12, 0.00473334651604, 7.97902066203e-09, 
0.375, 800.00000000000011, 1.0000169445333875, 0.137946952539, 1.3069024659e-21, 0.473995017529, 0.0468090422505, 0.0275969060189, 0.278374078935, 0.035278002727, 0.950456704928, 0.0197959520766, 0.000952990031018, 4.79587270394e-06, 0.0241908178837, 2.0683371662e-07, 9.84305785107e-09, 7.03514341305e-11, 7.45344796459e-12, 0.00459851457807, 7.8749757201e-09, 
0.39000000000000001, 800.00000000000011, 1.0000175962462103, 0.139539650334, 1.3005333931e-21, 0.472803839507, 0.0462432643973, 0.0279023016374, 0.278269443192, 0.0352415009319, 0.95023537067, 0.0199063571544, 0.00095037436726, 4.7602826811e-06, 0.0244311174014, 2.06707813799e-07, 9.72193736402e-09, 6.91406192377e-11, 7.29021857892e-12, 0.00447179584101, 7.77727970932e-09, 
0.40500000000000003, 800.00000000000011, 1.0000182479590325, 0.141065768974, 1.27180891536e-21, 0.471663077871, 0.0457002613429, 0.0281978706838, 0.278166552651, 0.0352064684773, 0.950020075155, 0.0200114747454, 0.000947867157938, 4.72654268678e-06, 0.0246631620683, 2.06584569237e-07, 9.60337958188e-09, 6.79744769106e-11, 7.13480946842e-12, 0.00435247038196, 7.68530296847e-09, 
0.42000000000000004, 800.00000000000011, 1.0000188996718549, 0.142530346646, 1.24567437039e-21, 0.470568884524, 0.0451783561619, 0.0284842007217, 0.278065414772, 0.0351727971751, 0.949810513575, 0.020111743791, 0.000945460255717, 4.69449030073e-06, 0.0248874646963, 2.06463918378e-07, 9.48745419526e-09, 6.68510331766e-11, 6.98667779801e-12, 0.00423989956848, 7.59850005882e-09, 
0.435, 800.00000000000011, 1.0000195513846777, 0.143937885584, 1.23293158368e-21, 0.469517823018, 0.0446760469224, 0.0287618280812, 0.277966026258, 0.0351403901357, 0.94960640578, 0.0202075529247, 0.00094314637736, 4.66398270323e-06, 0.0251044922808, 2.06345794286e-07, 9.37419271087e-09, 6.57683190813e-11, 6.84532507525e-12, 0.00413351534536, 7.51639583489e-09, 
0.45000000000000001, 800.00000000000011, 1.0000202030975001, 0.145292424561, 1.19623241053e-21, 0.468506812933, 0.0441919834828, 0.0290312438671, 0.27786837492, 0.0351091602365, 0.949407493025, 0.0202992477056, 0.000940918987762, 4.63489371025e-06, 0.0253146714347, 2.06230128399e-07, 9.26359771738e-09, 6.47244015711e-11, 6.7102937075e-12, 0.00403281094968, 7.43857421099e-09, 
0.46500000000000002, 800.00000000000011, 1.0000208548103229, 0.146597597633, 1.17904817638e-21, 0.467533084309, 0.0437249481243, 0.0292928990643, 0.277772441949, 0.0350790289202, 0.949213535348, 0.0203871364211, 0.00093877220513, 4.60711138279e-06, 0.0255183929765, 2.06116851932e-07, 9.15565030107e-09, 6.37174064893e-11, 6.58116393487e-12, 0.00393733323039, 7.36466916752e-09, 
0.48000000000000004, 800.00000000000011, 1.0000215065231455, 0.147856686999, 1.15656870076e-21, 0.466594137135, 0.0432738386833, 0.0295472091293, 0.277678202969, 0.0350499250847, 0.949024309042, 0.0204714954003, 0.000936700712413, 4.58053593069e-06, 0.0257160162722, 2.06005895331e-07, 9.05031530446e-09, 6.27455288408e-11, 6.45755022422e-12, 0.00384667561695, 7.29435705674e-09, 
0.495, 800.00000000000011, 1.0000221582359683, 0.149072664585, 1.13091493927e-21, 0.465687709247, 0.042837655023, 0.0297945573499, 0.277585629592, 0.0350217842024, 0.948839605607, 0.0205525729455, 0.000934699694069, 4.55507813238e-06, 0.0259078718608, 2.05897189765e-07, 8.9475460209e-09, 6.18070442794e-11, 6.33909870417e-12, 0.00376047267401, 7.22735069292e-09, 
0.51000000000000001, 800.00000000000011, 1.0000228099487907, 0.150248230425, 1.10395607246e-21, 0.464811746816, 0.0424154866357, 0.0300352984306, 0.277494690164, 0.034994547529, 0.948659229729, 0.0206305929459, 0.000932764773559, 4.53065789646e-06, 0.0260942650917, 2.05790667166e-07, 8.84728712551e-09, 6.0900310023e-11, 6.22548402932e-12, 0.00367839493318, 7.16339417793e-09, 
0.52500000000000002, 800.00000000000011, 1.0000234616616135, 0.151385843213, 1.09765646461e-21, 0.463964380841, 0.0420065025821, 0.0302697610311, 0.277405350867, 0.0349681614656, 0.948482998265, 0.0207057580342, 0.000930891961119, 4.50720306697e-06, 0.0262754782921, 2.05686260293e-07, 8.74947742838e-09, 6.00237671566e-11, 6.11640687146e-12, 0.00360014464064, 7.10225857661e-09, 
0.54000000000000004, 800.00000000000011, 1.0000241133744365, 0.152487749032, 1.07384209439e-21, 0.46314390482, 0.0416099424045, 0.0304982506354, 0.27731757617, 0.0349425769385, 0.948310739114, 0.0207782519248, 0.000929077611551, 4.48464846651e-06, 0.026451773186, 2.05583903916e-07, 8.65405184413e-09, 5.91759403605e-11, 6.01159166038e-12, 0.00352545216787, 7.04373848986e-09, 
0.55500000000000005, 800.00000000000011, 1.0000247650872591, 0.153556003386, 1.08675228058e-21, 0.4623487582, 0.0412251087392, 0.0307210511782, 0.277231329539, 0.0349177489567, 0.948142290407, 0.0208482418475, 0.000927318386082, 4.4629350163e-06, 0.0266233926596, 2.05483533583e-07, 8.56094283184e-09, 5.83554348061e-11, 5.9107842566e-12, 0.00345407266871, 6.98764892235e-09, 
0.56999999999999995, 800.00000000000011, 1.0000254168000817, 0.154592493391, 1.03131137964e-21, 0.461577509155, 0.0408513601483, 0.0309384274629, 0.277146573701, 0.0348936361422, 0.947977499528, 0.020915880288, 0.000925611218655, 4.44200902926e-06, 0.0267905627144, 2.05385087e-07, 8.470081601e-09, 5.75609339288e-11, 5.81375010393e-12, 0.00338578338985, 6.93382280859e-09, 
0.58499999999999996, 800.00000000000011, 1.0000260685129045, 0.155598953721, 1.02269167635e-21, 0.46082884215, 0.0404881059027, 0.0311506265156, 0.277063271325, 0.0348702003853, 0.947816222634, 0.0209813066634, 0.00092395328834, 4.42182159242e-06, 0.0269534937104, 2.05288503684e-07, 8.38139910369e-09, 5.67911966392e-11, 5.72027250731e-12, 0.00332038126815, 6.88210883296e-09, 
0.60000000000000009, 800.00000000000011, 1.0000267202257276, 0.156576984135, 9.95918385815e-22, 0.460101544835, 0.0401348004661, 0.0313578792693, 0.276981384827, 0.0348474064674, 0.947658323816, 0.0210446487657, 0.000922341993378, 4.40232801905e-06, 0.0271123819711, 2.05193724926e-07, 8.29482655672e-09, 5.60450524821e-11, 5.63015091334e-12, 0.00325768074315, 6.83236954677e-09, 
0.61499999999999999, 800.00000000000011, 1.00002737193855, 0.157528060558, 9.96720229317e-22, 0.459394499068, 0.0397909391916, 0.0315604018811, 0.276900877427, 0.0348252218752, 0.947503674604, 0.0211060239501, 0.000920774930367, 4.38348739941e-06, 0.0272674108715, 2.05100694046e-07, 8.2102961226e-09, 5.53213991795e-11, 5.54319961663e-12, 0.00319751199999, 6.78447980421e-09, 
0.63, 800.00000000000011, 1.0000280236513723, 0.158453550072, 9.51705021999e-22, 0.458706669773, 0.0394560543818, 0.0317583969588, 0.276821712413, 0.034803616401, 0.947352153407, 0.0211655402678, 0.000919249872536, 4.36526217777e-06, 0.0274187519973, 2.05009356375e-07, 8.12774115741e-09, 5.46191976514e-11, 5.45924632459e-12, 0.003139719258, 6.73832533701e-09, 
0.64500000000000002, 800.00000000000011, 1.0000286753641949, 0.159354719539, 9.70640522769e-22, 0.458037098359, 0.0391297116921, 0.0319520546093, 0.276743853768, 0.0347825620326, 0.947203645102, 0.0212232973708, 0.000917764756247, 4.34761782513e-06, 0.0275665660222, 2.04919659013e-07, 8.04709657703e-09, 5.3937469105e-11, 5.37813108578e-12, 0.00308415941063, 6.69380160946e-09, 
0.66000000000000003, 800.00000000000011, 1.0000293270770175, 0.160232745413, 9.59803290925e-22, 0.457384895289, 0.0388115071492, 0.032141553367, 0.276667266062, 0.0347620327197, 0.947058040582, 0.0212793873992, 0.000916317663576, 4.33052251129e-06, 0.0277110036335, 2.04831550637e-07, 7.96829894925e-09, 5.32752904156e-11, 5.29970511517e-12, 0.00303070068961, 6.65081273147e-09, 
0.67500000000000004, 800.00000000000011, 1.0000299787898399, 0.161088722542, 9.47068430005e-22, 0.456749232343, 0.0385010644365, 0.0323270614646, 0.276591915056, 0.0347420041575, 0.946915236243, 0.0213338955794, 0.000914906806939, 4.31394684562e-06, 0.0278522064347, 2.0474498305e-07, 7.89128682718e-09, 5.26317923075e-11, 5.22383003742e-12, 0.00297922168598, 6.60927060524e-09, 
0.68999999999999995, 800.00000000000011, 1.0000306305026625, 0.161923671069, 9.49337263337e-22, 0.456129338909, 0.0381980322397, 0.032508737144, 0.276517766944, 0.0347224536935, 0.946775133713, 0.0213869010765, 0.000913530522695, 4.29786363294e-06, 0.0279903075371, 2.04659908275e-07, 7.81600055959e-09, 5.20061537739e-11, 5.15037675682e-12, 0.00292961018459, 6.56909406558e-09, 
0.70499999999999996, 800.00000000000011, 1.0000312822154849, 0.162738542182, 9.34979995601e-22, 0.455524496594, 0.0379020825764, 0.0326867294381, 0.276444789042, 0.0347033601679, 0.946637639598, 0.0214384773707, 0.000912187256476, 4.28224767883e-06, 0.0281254321619, 2.04576281095e-07, 7.74238259742e-09, 5.13976010403e-11, 5.07922492724e-12, 0.00288176245947, 6.5302082616e-09, 
0.72000000000000008, 800.00000000000011, 1.000031933928307, 0.163534224739, 9.07806379856e-22, 0.454934034333, 0.0376129085569, 0.0328611789935, 0.276372949598, 0.0346847037789, 0.946502665382, 0.0214886927474, 0.000910875558013, 4.26707562664e-06, 0.0282576980199, 2.04494058014e-07, 7.67037752116e-09, 5.0805404692e-11, 5.01026225754e-12, 0.00283558250436, 6.49254408371e-09, 
0.73499999999999999, 800.00000000000011, 1.0000325856411296, 0.164311552496, 9.14319343148e-22, 0.454357322862, 0.0373302219851, 0.0330322190801, 0.276302217642, 0.0346664659353, 0.946370126265, 0.021537611042, 0.000909594063426, 4.25232569623e-06, 0.028387216685, 2.04413196883e-07, 7.59993167323e-09, 5.02288738258e-11, 4.94338351014e-12, 0.0027909810945, 6.45603739098e-09, 
0.75, 800.00000000000011, 1.0000332373539522, 0.165071305519, 8.24515832857e-22, 0.45379377374, 0.037053752856, 0.0331999754081, 0.27623256326, 0.0346486292173, 0.946239941783, 0.0215852917603, 0.000908341497001, 4.2379776348e-06, 0.0285140932483, 2.04333657358e-07, 7.53099345076e-09, 4.96673561897e-11, 4.87849025194e-12, 0.00274787539423, 6.420628763e-09, 
0.76500000000000001, 800.00000000000011, 1.000033889066775, 0.165814216021, 9.01265000931e-22, 0.453242834843, 0.036783247417, 0.0333645669987, 0.276163957466, 0.0346311772536, 0.946112035295, 0.0216317905107, 0.000907116661425, 4.22401255817e-06, 0.0286384269464, 2.04255400551e-07, 7.4635133679e-09, 4.91202362705e-11, 4.81549036526e-12, 0.0027061884144, 6.38626300975e-09, 
0.78000000000000003, 800.00000000000011, 1.0000345407795974, 0.166540971818, 8.76161662952e-22, 0.452703987717, 0.0365184670971, 0.0335261065594, 0.276096372151, 0.0346140946576, 0.945986333814, 0.0216771593105, 0.000905918431612, 4.21041283584e-06, 0.0287603116454, 2.04178389189e-07, 7.39744372224e-09, 4.85869309895e-11, 4.75429736954e-12, 0.00266584840363, 6.35288880362e-09, 
0.79500000000000004, 800.00000000000011, 1.0000351924924202, 0.167252220406, 8.78202781069e-22, 0.452176744392, 0.0362591869613, 0.0336847010302, 0.276029780304, 0.0345973669065, 0.945862767565, 0.0217214469779, 0.000904745746815, 4.19716196206e-06, 0.0288798363375, 2.04102587738e-07, 7.33273860567e-09, 4.8066887942e-11, 4.69483000698e-12, 0.00262678840243, 6.32045827557e-09, 
0.81000000000000005, 800.00000000000011, 1.0000358442052426, 0.167948570644, 8.49347531253e-22, 0.451660646324, 0.0360051953274, 0.0338404516899, 0.275964155666, 0.0345809803485, 0.945741270098, 0.0217646992881, 0.000903597609611, 4.18424449416e-06, 0.0289970851325, 2.04027961389e-07, 7.26935416622e-09, 4.75595857095e-11, 4.63701208679e-12, 0.00258894598868, 6.28892678968e-09, 
0.82499999999999996, 800.00000000000011, 1.0000364959180652, 0.168630599158, 8.65755705598e-22, 0.451155259219, 0.0357562915204, 0.0339934553065, 0.275899472757, 0.0345649220386, 0.945621777431, 0.0218069593624, 0.000902473074561, 4.17164590917e-06, 0.029112138419, 2.03954477085e-07, 7.20724781185e-09, 4.70645267595e-11, 4.58077158345e-12, 0.00255226259553, 6.25825254725e-09, 
0.84000000000000008, 800.00000000000011, 1.0000371476308878, 0.169298847857, 8.25268791146e-22, 0.4506601752, 0.0355122867408, 0.0341438032928, 0.275835707114, 0.0345491797948, 0.945504229115, 0.0218482675875, 0.000901371255515, 4.15935263737e-06, 0.0292250717376, 2.03882102947e-07, 7.14637913586e-09, 4.65812429833e-11, 4.5260410674e-12, 0.00251668364418, 6.22839658518e-09, 
0.85500000000000009, 800.00000000000011, 1.0000377993437102, 0.169953829578, 8.43032686508e-22, 0.450175008348, 0.0352730021406, 0.0342915827939, 0.27577283506, 0.0345337420795, 0.945388566893, 0.0218886621217, 0.000900291309692, 4.14735187905e-06, 0.0293359573083, 2.03810808491e-07, 7.08670909855e-09, 4.61092883958e-11, 4.47275678927e-12, 0.00248215786799, 6.19932230241e-09, 
0.87, 800.00000000000011, 1.0000384510565328, 0.170596028989, 8.16673322159e-22, 0.449699394075, 0.0350382685618, 0.0344368766579, 0.27571083374, 0.0345185979768, 0.945274735319, 0.0219281788855, 0.000899232442973, 4.13563161553e-06, 0.0294448635184, 2.03740564041e-07, 7.02820026672e-09, 4.56482400151e-11, 4.42085866635e-12, 0.00244863721258, 6.17099542417e-09, 
0.88500000000000001, 800.00000000000011, 1.0000391027693551, 0.1712259064, 8.49826595554e-22, 0.449232986147, 0.0348079251437, 0.0345797641844, 0.27564968101, 0.0345037371145, 0.945162680884, 0.0219668518255, 0.00089819389992, 4.12418049841e-06, 0.0295518558712, 2.03671341457e-07, 6.9708165821e-09, 4.51976952173e-11, 4.37028989115e-12, 0.0024160765034, 6.14338371254e-09, 
0.90000000000000002, 800.00000000000011, 1.0000397544821775, 0.171843896833, 7.15948775714e-22, 0.448775457547, 0.0345818198311, 0.0347203206158, 0.275589355498, 0.0344891496752, 0.945052352722, 0.0220047130101, 0.000897174966545, 4.11298784277e-06, 0.0296569963128, 2.03603113171e-07, 6.91452353015e-09, 4.47572720207e-11, 4.32099685621e-12, 0.00238443331785, 6.11645688847e-09, 
0.91500000000000004, 800.00000000000011, 1.0000404061950003, 0.172450412869, 8.20633454659e-22, 0.448326498169, 0.0343598081853, 0.0348586178035, 0.275529836631, 0.0344748263421, 0.944943701958, 0.0220417926994, 0.000896174965462, 4.1020435694e-06, 0.0297603440099, 2.03535853188e-07, 6.85928803693e-09, 4.43266077644e-11, 4.27292894203e-12, 0.00235366778935, 6.09018648108e-09, 
0.93000000000000005, 800.00000000000011, 1.0000410579078227, 0.173045846884, 8.08342223039e-22, 0.447885813157, 0.0341417527813, 0.0349947244596, 0.275471104467, 0.0344607582505, 0.944836681656, 0.0220781196108, 0.000895193252256, 4.09133813882e-06, 0.029861955477, 2.03469536101e-07, 6.80507812982e-09, 4.39053558062e-11, 4.22603808271e-12, 0.0023237422782, 6.06454562789e-09, 
0.94499999999999995, 800.00000000000011, 1.0000417096206451, 0.173630571352, 8.028210287e-22, 0.447453122708, 0.0339275230451, 0.035128706153, 0.275413139766, 0.0344469369759, 0.944731246876, 0.0221137209116, 0.000894229215284, 4.08086253964e-06, 0.0299618845232, 2.03404137586e-07, 6.75186324029e-09, 4.34931871388e-11, 4.18027886312e-12, 0.00229462136863, 6.03950902139e-09, 
0.96000000000000008, 800.00000000000011, 1.0000423613334684, 0.174204940908, 7.84316871561e-22, 0.447028160471, 0.0337169945638, 0.0352606256528, 0.275355923912, 0.0344333544921, 0.944627354304, 0.022148622425, 0.000893282270988, 4.07060822337e-06, 0.0300601826986, 2.03339634107e-07, 6.6996138865e-09, 4.30897874771e-11, 4.13560814724e-12, 0.0022662715917, 6.01505272967e-09, 
0.97500000000000009, 800.00000000000011, 1.000043013046291, 0.174769292912, 7.79794258863e-22, 0.446610673145, 0.0335100488972, 0.0353905429619, 0.275299438926, 0.0344200031585, 0.944524962478, 0.0221828486165, 0.000892351865083, 4.06056710347e-06, 0.0301568991352, 2.03276003047e-07, 6.64830179266e-09, 4.2694857675e-11, 4.09198506934e-12, 0.00223866137557, 5.99115417069e-09, 
0.98999999999999999, 800.00000000000011, 1.0000436647591124, 0.175323949715, 7.43110158022e-22, 0.446200418755, 0.0333065727885, 0.0355185157625, 0.275243667307, 0.0344068756721, 0.944424031403, 0.0222164227543, 0.000891437468465, 4.05073150053e-06, 0.0302520809634, 2.03213222535e-07, 6.5978997186e-09, 4.23081119684e-11, 4.04937079223e-12, 0.00221176085388, 5.96779196367e-09, 
1.0050000000000001, 800.00000000000011, 1.0000443164719355, 0.175869215965, 8.03581239375e-22, 0.44579716868, 0.033106459106, 0.0356445986959, 0.275188592438, 0.0343939651147, 0.944324522983, 0.0222493668806, 0.000890538579319, 4.04109415387e-06, 0.0303457729212, 2.0315127166e-07, 6.54838162286e-09, 4.19292787696e-11, 4.00772854493e-12, 0.002185541851, 5.94494593116e-09, 
1.02, 800.00000000000011, 1.0000449681847583, 0.176405384253, 8.21931576858e-22, 0.44540070339, 0.0329096049024, 0.0357688445702, 0.275134198038, 0.0343812648466, 0.944226400304, 0.0222817020243, 0.000889654716665, 4.03164814508e-06, 0.0304380181113, 2.0309013013e-07, 6.49972233714e-09, 4.15580978469e-11, 3.96702327915e-12, 0.00215997763743, 5.92259690982e-09, 
1.0350000000000001, 800.00000000000011, 1.0000456198975807, 0.176932733159, 7.37308371623e-22, 0.445010813906, 0.0327159120901, 0.0358913038597, 0.275080468447, 0.0343687685387, 0.944129627898, 0.0223134482076, 0.000888785421559, 4.02238689981e-06, 0.0305288577623, 2.03029778366e-07, 6.45189766493e-09, 4.11943206952e-11, 3.92722166764e-12, 0.00213504289617, 5.90072673206e-09, 
1.05, 800.00000000000011, 1.0000462716104037, 0.17745152858, 7.57429344663e-22, 0.444627300817, 0.0325252869759, 0.0360120249409, 0.275027388542, 0.0343564701435, 0.944034171746, 0.0223446244645, 0.000887930256675, 4.01330417609e-06, 0.0306183312725, 2.02970197562e-07, 6.40488438306e-09, 4.08377102465e-11, 3.88829204087e-12, 0.00211071365732, 5.87931818676e-09, 
1.0649999999999999, 800.00000000000011, 1.0000469233232265, 0.177962027189, 7.6538362263e-22, 0.444249971694, 0.0323376390849, 0.0361310548189, 0.274974943382, 0.0343443638315, 0.943939998635, 0.0223752490713, 0.000887088800047, 4.00439399135e-06, 0.030706476852, 2.02911369267e-07, 6.35865993029e-09, 4.04880382197e-11, 3.85020406797e-12, 0.00208696707515, 5.85835483676e-09, 
1.0800000000000001, 800.00000000000011, 1.0000475750360487, 0.178464470206, 7.41580330052e-22, 0.443878645678, 0.0321528832975, 0.0362484376724, 0.274923119044, 0.0343324441025, 0.94384707726, 0.0224053392845, 0.000886260653711, 3.99565070507e-06, 0.0307933304896, 2.02853276108e-07, 6.3132028987e-09, 4.01450885395e-11, 3.81292909513e-12, 0.00206378161284, 5.83782119264e-09, 
1.095, 800.00000000000011, 1.0000482267488713, 0.178959092005, 7.39344129982e-22, 0.443513147128, 0.0319709368866, 0.0363642167382, 0.274871901619, 0.0343207056235, 0.94375537685, 0.0224349117269, 0.000885445431893, 3.98706889049e-06, 0.0308789273167, 2.02795900924e-07, 6.26849240073e-09, 3.98086523617e-11, 3.77643958721e-12, 0.00204113667996, 5.81770241241e-09, 
1.1100000000000001, 800.00000000000011, 1.0000488784616937, 0.179446115912, 7.45013473802e-22, 0.443153308701, 0.0317917209679, 0.0364784333341, 0.274821277779, 0.0343091433054, 0.943664867957, 0.0224639822356, 0.000884642766781, 3.97864338731e-06, 0.0309633008482, 2.02739227262e-07, 6.22450841041e-09, 3.94785303687e-11, 3.7407093453e-12, 0.0020190127439, 5.79798440496e-09, 
1.1250000000000002, 800.00000000000011, 1.0000495301745163, 0.179925755941, 7.162714657e-22, 0.442798970066, 0.031615159902, 0.0365911272042, 0.274771234619, 0.0342977522682, 0.943575522154, 0.0224925659505, 0.000883852305707, 3.97036926829e-06, 0.0310464833148, 2.02683239218e-07, 6.18123162283e-09, 3.9154531527e-11, 3.7057133538e-12, 0.00199739122012, 5.77865374732e-09, 
1.1399999999999999, 800.00000000000011, 1.0000501818873386, 0.180398217947, 7.19610888992e-22, 0.442449977031, 0.0314411808975, 0.0367023367488, 0.274721759558, 0.0342865278182, 0.943487311892, 0.0225206773867, 0.000883073709566, 3.96224181696e-06, 0.0311285058097, 2.02627921325e-07, 6.13864337636e-09, 3.88364723088e-11, 3.6714276755e-12, 0.00197625439106, 5.75969762332e-09, 
1.155, 800.00000000000011, 1.0000508336001612, 0.180863698059, 7.028118254e-22, 0.442106182711, 0.0312697145488, 0.0368120986303, 0.274672840575, 0.0342754654749, 0.943400210819, 0.0225483303741, 0.000882306654951, 3.95425654529e-06, 0.0312093980114, 2.02573258788e-07, 6.09672578493e-09, 3.85241774901e-11, 3.6378295173e-12, 0.00195558543092, 5.74110385462e-09, 
1.1699999999999999, 800.00000000000011, 1.000051485312984, 0.181322385262, 7.05909921144e-22, 0.441767445608, 0.0311006939477, 0.0369204483265, 0.274624465934, 0.0342645609215, 0.943314193345, 0.0225755381879, 0.000881550830348, 3.94640915035e-06, 0.0312891886134, 2.02519237205e-07, 6.05546153737e-09, 3.82174785005e-11, 3.6048970374e-12, 0.00193536827486, 5.72286079576e-09, 
1.1850000000000001, 800.00000000000011, 1.0000521370258062, 0.181774461089, 7.13784679264e-22, 0.441433629827, 0.030934054789, 0.0370274200354, 0.274576624251, 0.0342538100091, 0.943229234749, 0.0226023135547, 0.000880805936477, 3.9386955135e-06, 0.0313679052379, 2.02465842635e-07, 6.01483392979e-09, 3.79162134983e-11, 3.5726093355e-12, 0.00191558759934, 5.70495732298e-09, 
1.2000000000000002, 800.00000000000011, 1.0000527887386286, 0.182220100005, 7.10135303653e-22, 0.44110460478, 0.0307697352412, 0.0371330467357, 0.274529304489, 0.0342432087491, 0.943145311126, 0.0226286686803, 0.000880071685623, 3.93111168994e-06, 0.0314455745009, 2.02413061573e-07, 5.97482683691e-09, 3.76202270182e-11, 3.54094640069e-12, 0.00189622877894, 5.68738280445e-09, 
1.2149999999999999, 800.00000000000011, 1.0000534404514512, 0.182659469719, 7.04026762325e-22, 0.440780244964, 0.0306076758357, 0.0372373602312, 0.274482495945, 0.0342327533047, 0.943062399367, 0.0226546152739, 0.000879347801167, 3.92365390043e-06, 0.0315222220478, 2.02360880943e-07, 5.93542469232e-09, 3.73293696934e-11, 3.509889068e-12, 0.00187727784916, 5.67012707506e-09, 
1.23, 800.00000000000011, 1.000054092164274, 0.183092731788, 7.02078890241e-22, 0.4404604295, 0.0304478192546, 0.0373403912679, 0.27443618821, 0.0342224399792, 0.942980477075, 0.0226801645876, 0.00087863401662, 3.91631851825e-06, 0.0315978726438, 2.02309288047e-07, 5.89661244377e-09, 3.70434978015e-11, 3.47941895712e-12, 0.00185872145912, 5.65318040094e-09, 
1.2450000000000001, 800.00000000000011, 1.0000547438770961, 0.183520041113, 6.68429631272e-22, 0.440145042505, 0.0302901105129, 0.0374421693941, 0.274390371251, 0.034212265224, 0.942899522678, 0.0227053274002, 0.00087793007634, 3.90910207331e-06, 0.0316725500826, 2.02258270642e-07, 5.85837559451e-09, 3.67624734527e-11, 3.44951848033e-12, 0.001840546867, 5.63653348329e-09, 
1.26, 800.00000000000011, 1.0000553955899185, 0.183941547181, 7.293929265e-22, 0.439833972176, 0.0301344965206, 0.0375427232261, 0.274345035283, 0.0342022256134, 0.942819515242, 0.0227301140826, 0.000877235733716, 3.90200123105e-06, 0.0317462773765, 2.02207816825e-07, 5.82070011258e-09, 3.64861638171e-11, 3.42017074961e-12, 0.00182274187536, 5.62017740589e-09, 
1.2750000000000001, 800.00000000000011, 1.0000560473027409, 0.184357393946, 6.65457361784e-22, 0.439527110853, 0.0299809261304, 0.0376420804021, 0.274300170821, 0.034192317848, 0.942740434495, 0.0227545346061, 0.000876550751132, 3.89501278953e-06, 0.0318190767381, 2.02157915058e-07, 5.78357243529e-09, 3.62144410545e-11, 3.39135955839e-12, 0.00180529481182, 5.60410362342e-09, 
1.29, 800.00000000000011, 1.0000566990155637, 0.184767720149, 6.90046677945e-22, 0.439224354795, 0.029829350024, 0.0377402676392, 0.274255768648, 0.0341825387459, 0.942662260802, 0.0227785985617, 0.000875874899569, 3.88813367287e-06, 0.0318909696189, 2.02108554147e-07, 5.74697944913e-09, 3.59471820759e-11, 3.36306934694e-12, 0.00178819450088, 5.58830394229e-09, 
1.3049999999999999, 800.00000000000011, 1.0000573507283863, 0.185172659547, 6.50476560067e-22, 0.438925603997, 0.029679720632, 0.0378373107681, 0.274211819817, 0.0341728852386, 0.94258497514, 0.0228023151782, 0.000875207958195, 3.88136092484e-06, 0.0319619767428, 2.02059723233e-07, 5.71090847189e-09, 3.56842683255e-11, 3.33528517033e-12, 0.00177143023774, 5.57277050227e-09, 
1.3200000000000001, 800.00000000000011, 1.0000580024412089, 0.185572340619, 6.62480462058e-22, 0.438630762431, 0.0295319922301, 0.0379332346462, 0.2741683157, 0.0341633543738, 0.942508559121, 0.0228256933404, 0.000874549714214, 3.87469170477e-06, 0.0320321180717, 2.02011411722e-07, 5.67534728082e-09, 3.54255858697e-11, 3.307992696e-12, 0.00175499177844, 5.5574957617e-09, 
1.335, 800.00000000000011, 1.0000586541540306, 0.185966889826, 6.44932993024e-22, 0.438339735482, 0.0293861198504, 0.0380280639385, 0.274125247649, 0.0341539432533, 0.942432994598, 0.0228487416402, 0.000873899960228, 3.86812326205e-06, 0.0321014132769, 2.0196360952e-07, 5.64028381156e-09, 3.51710233018e-11, 3.28117799258e-12, 0.00173886921673, 5.54247244497e-09, 
1.3500000000000001, 800.00000000000011, 1.0000593058668537, 0.186356424956, 6.55207134524e-22, 0.438052435298, 0.0292420614912, 0.0381218214455, 0.274082607643, 0.0341446491664, 0.942358264616, 0.0228714682513, 0.00087325850085, 3.86165299198e-06, 0.0321698806774, 2.01916306563e-07, 5.60570682515e-09, 3.49204761768e-11, 3.25482795432e-12, 0.00172305321357, 5.52769364773e-09, 
1.3650000000000002, 800.00000000000011, 1.0000599575796767, 0.186741063172, 7.04494385459e-22, 0.43776877427, 0.0290997754308, 0.0382145300971, 0.274040387609, 0.0341354694211, 0.942284352132, 0.0228938811851, 0.000872625142221, 3.85527834112e-06, 0.0322375386152, 2.01869493209e-07, 5.57160505442e-09, 3.46738410881e-11, 3.22892970666e-12, 0.00170753465549, 5.51315263759e-09, 
1.3799999999999999, 800.00000000000011, 1.0000606092924993, 0.187120916128, 6.40473067796e-22, 0.437488668989, 0.0289592218665, 0.0383062117252, 0.273998579841, 0.0341264014495, 0.942211241058, 0.0229159880354, 0.00087199970126, 3.84899688918e-06, 0.0323044044136, 2.01823160226e-07, 5.537967832e-09, 3.44310199876e-11, 3.20347103593e-12, 0.0016923048968, 5.49884302812e-09, 
1.395, 800.00000000000011, 1.0000612610053212, 0.187496092817, 6.69472612245e-22, 0.437212038035, 0.0288203619468, 0.038396887756, 0.273957176699, 0.0341174427458, 0.942138915219, 0.0229377962879, 0.00087138199617, 3.84280625643e-06, 0.0323704953644, 2.01777298287e-07, 5.50478457594e-09, 3.41919164432e-11, 3.17843999509e-12, 0.00167735552203, 5.48475856943e-09, 
1.4099999999999999, 800.00000000000011, 1.0000619127181436, 0.18786669536, 7.06817486778e-22, 0.436938805267, 0.028683159177, 0.0384865781171, 0.273916171127, 0.034108590952, 0.942067359908, 0.0229593129179, 0.000870771859401, 3.8367042281e-06, 0.0324358272687, 2.01731898895e-07, 5.47204545639e-09, 3.39564403772e-11, 3.15382539047e-12, 0.00166267862968, 5.47089341972e-09, 
1.425, 800.00000000000011, 1.0000625644309664, 0.188232828973, 6.61858568236e-22, 0.436668891903, 0.0285475761074, 0.0385753038045, 0.273875555555, 0.0340998436572, 0.941996559359, 0.0229805449925, 0.000870169116854, 3.8306885549e-06, 0.0325004168677, 2.01686953082e-07, 5.43974031424e-09, 3.37245002849e-11, 3.12961597474e-12, 0.00164826635473, 5.45724171248e-09, 
1.4400000000000002, 800.00000000000011, 1.0000632161437886, 0.188594590597, 6.67128675176e-22, 0.436402225624, 0.0284135781034, 0.0386630839103, 0.27383532314, 0.0340911986249, 0.941926499285, 0.0230014991512, 0.000869573608073, 3.82475713959e-06, 0.0325642793494, 2.01642452497e-07, 5.40785975949e-09, 3.34960109737e-11, 3.10580123006e-12, 0.00163411131847, 5.44379794573e-09, 
1.4550000000000001, 800.00000000000011, 1.0000638678566112, 0.188952074749, 6.3830472551e-22, 0.436138735899, 0.0282811313978, 0.0387499371382, 0.273795467139, 0.034082653677, 0.941857165572, 0.023022181822, 0.000868985176234, 3.81890794549e-06, 0.0326274297008, 2.01598388996e-07, 5.37639456471e-09, 3.3270889278e-11, 3.08237093528e-12, 0.00162020637953, 5.43055679679e-09, 
1.47, 800.00000000000011, 1.0000645195694335, 0.189305373554, 6.1086296169e-22, 0.435878353945, 0.0281502030822, 0.0388358818022, 0.273755980927, 0.0340742066899, 0.941788544608, 0.023042599193, 0.000868403670294, 3.81313901399e-06, 0.0326898823521, 2.0155475473e-07, 5.34533582812e-09, 3.30490551288e-11, 3.05931526482e-12, 0.00160654468412, 5.4175131516e-09, 
1.4850000000000001, 800.00000000000011, 1.0000651712822561, 0.189654575241, 6.36327879054e-22, 0.435621013939, 0.0280207616077, 0.0389209354323, 0.273716858152, 0.0340658556272, 0.941720623162, 0.0230627572485, 0.000867828944064, 3.80744845361e-06, 0.0327516512945, 2.01511542034e-07, 5.3146749213e-09, 3.28304311401e-11, 3.03662474181e-12, 0.00159311963527, 5.40466207825e-09, 
1.5, 800.00000000000011, 1.000065822995079, 0.189999766538, 6.3062002862e-22, 0.435366651149, 0.0278927759735, 0.0390051153526, 0.273678092496, 0.0340575984907, 0.941653388037, 0.0230826618719, 0.000867260852936, 3.8018344087e-06, 0.032812750407, 2.01468743258e-07, 5.28440332668e-09, 3.26149414164e-11, 3.01429011135e-12, 0.00157992481584, 5.39199875658e-09, 
1.5150000000000001, 800.00000000000011, 1.0000664747079018, 0.190341031367, 6.80994469606e-22, 0.435115202938, 0.0277662161705, 0.0390884383669, 0.273639677815, 0.0340494333428, 0.941586826698, 0.0231023186713, 0.000866699259391, 3.79629511071e-06, 0.0328731928821, 2.01426351139e-07, 5.25451290562e-09, 3.24025134311e-11, 2.99230253161e-12, 0.00156695409835, 5.37951859005e-09, 
1.53, 800.00000000000011, 1.0000671264207239, 0.190678449459, 6.45326552053e-22, 0.434866609856, 0.0276410536437, 0.0391709203954, 0.273601608305, 0.034041358341, 0.941520927134, 0.0231217330208, 0.000866144031758, 3.79082886513e-06, 0.0329329913622, 2.01384358711e-07, 5.22499583455e-09, 3.21930775352e-11, 2.97065351941e-12, 0.00155420161033, 5.36721717534e-09, 
1.5449999999999999, 800.00000000000011, 1.0000677781335467, 0.191012099325, 6.28375775613e-22, 0.434620813378, 0.0275172603057, 0.0392525771784, 0.273563878137, 0.0340333716758, 0.9414556774, 0.0231409102021, 0.000865595040067, 3.78543401085e-06, 0.0329921583525, 2.01342758974e-07, 5.19584441253e-09, 3.19865655434e-11, 2.94933479971e-12, 0.00154166164281, 5.35509021013e-09, 
1.5600000000000001, 800.00000000000011, 1.0000684298463691, 0.191342058552, 6.24267345334e-22, 0.434377755515, 0.027394808372, 0.0393334244443, 0.273526481566, 0.0340254715509, 0.941391065524, 0.0231598554077, 0.000865052155293, 3.78010891481e-06, 0.0330507063362, 2.01301545117e-07, 5.16705098892e-09, 3.17829102385e-11, 2.92833825628e-12, 0.00152932862173, 5.34313348308e-09, 
1.575, 800.00000000000011, 1.0000690815591915, 0.191668400339, 6.0334611887e-22, 0.434137381733, 0.0272736716325, 0.0394134768914, 0.273489413127, 0.0340176562777, 0.941327080387, 0.0231785735387, 0.000864515257123, 3.77485203874e-06, 0.0331086469284, 2.01260710523e-07, 5.13860838662e-09, 3.15820482775e-11, 2.90765622112e-12, 0.00151719727145, 5.33134301408e-09, 
1.5900000000000001, 800.00000000000011, 1.0000697332720143, 0.191991196538, 6.15343777985e-22, 0.433899638448, 0.0271538243381, 0.039492749048, 0.273452667433, 0.0340099241946, 0.941263710918, 0.023197069419, 0.000863984225809, 3.76966187006e-06, 0.0331659916299, 2.01220248812e-07, 5.11050954667e-09, 3.13839176596e-11, 2.88728121283e-12, 0.00150526246055, 5.31971490499e-09, 
1.605, 800.00000000000011, 1.0000703849848371, 0.192310516816, 6.45816822518e-22, 0.433664473718, 0.0270352415172, 0.0395712550199, 0.273416239239, 0.0340022736903, 0.941200946409, 0.0232153476838, 0.000863458946682, 3.76453695525e-06, 0.0332227515804, 2.01180153721e-07, 5.08274759818e-09, 3.11884582606e-11, 2.86720599564e-12, 0.00149351923818, 5.30824541161e-09, 
1.6200000000000001, 800.00000000000011, 1.0000710366976595, 0.192626428833, 6.05682640786e-22, 0.433431837097, 0.0269178989106, 0.0396490085347, 0.273380123425, 0.0339947031999, 0.941138776397, 0.0232334128455, 0.000862939307769, 3.75947588152e-06, 0.0332789376286, 2.01140419141e-07, 5.05531586014e-09, 3.09956117589e-11, 2.84742356289e-12, 0.00148196281897, 5.29693090097e-09, 
1.635, 800.00000000000011, 1.0000716884104819, 0.192938998314, 5.99304080739e-22, 0.43320167959, 0.026801772944, 0.0397260229525, 0.273344314998, 0.0339872112023, 0.941077190685, 0.0232512692808, 0.000862425200234, 3.7544772796e-06, 0.033334560327, 2.01101039131e-07, 5.02820784126e-09, 3.08053216254e-11, 2.82792713521e-12, 0.00147058858104, 5.28576785704e-09, 
1.6499999999999999, 800.00000000000011, 1.0000723401233049, 0.193248289129, 6.31261661677e-22, 0.432973953587, 0.0266868407027, 0.0398023112809, 0.273308809081, 0.0339797962194, 0.941016179344, 0.0232689212337, 0.000861916518514, 3.74953982326e-06, 0.0333896299346, 2.01062007874e-07, 5.00141722857e-09, 3.06175330276e-11, 2.80871014903e-12, 0.00145939205809, 5.27475287836e-09, 
1.665, 800.00000000000011, 1.0000729918361273, 0.193554363354, 5.5837245144e-22, 0.432748612828, 0.0265730799072, 0.0398778861866, 0.27327360091, 0.0339724568135, 0.940955732683, 0.0232863728275, 0.000861413159785, 3.74466222513e-06, 0.0334441564418, 2.01023319712e-07, 4.97493787859e-09, 3.04321927402e-11, 2.78976624483e-12, 0.00144836893069, 5.26388266808e-09, 
1.6800000000000002, 800.00000000000011, 1.0000736435489501, 0.193857281341, 5.8173368233e-22, 0.432525612336, 0.0264604688904, 0.0399527600078, 0.273238685839, 0.0339651915869, 0.940895841258, 0.0233036280618, 0.000860915024231, 3.73984323752e-06, 0.0334981495697, 2.00984969116e-07, 4.94876381554e-09, 3.02492491192e-11, 2.77108926315e-12, 0.00143751502283, 5.25315403492e-09, 
1.6950000000000001, 800.00000000000011, 1.0000742952617725, 0.19415710178, 6.19942908538e-22, 0.432304908377, 0.026348986575, 0.0400269447638, 0.273204059324, 0.0339579991796, 0.940836495857, 0.0233206908225, 0.000860422014712, 3.73508164934e-06, 0.0335516187851, 2.00946950687e-07, 4.92288922187e-09, 3.00686520126e-11, 2.75267323322e-12, 0.00142682629381, 5.24256388544e-09, 
1.7100000000000002, 800.00000000000011, 1.0000749469745946, 0.194453881761, 6.34429159484e-22, 0.432086458417, 0.0262386124531, 0.0401004521677, 0.273169716932, 0.0339508782687, 0.940777687488, 0.0233375648854, 0.00085993403669, 3.73037628498e-06, 0.0336045733082, 2.00909259162e-07, 4.89730843495e-09, 2.98903527208e-11, 2.73451236723e-12, 0.00141629883362, 5.2321092208e-09, 
1.7249999999999999, 800.00000000000011, 1.000075598687417, 0.194747676826, 5.97224271933e-22, 0.431870221079, 0.0261293265649, 0.0401732936355, 0.273135654328, 0.0339438275664, 0.940719407388, 0.0233542539169, 0.000859450998316, 3.72572600402e-06, 0.033657022115, 2.00871889388e-07, 4.87201594212e-09, 2.97143039472e-11, 2.71660105392e-12, 0.0014059288582, 5.22178713526e-09, 
1.74, 800.00000000000011, 1.0000762504002396, 0.195038541032, 6.02309537222e-22, 0.431656156094, 0.0260211094805, 0.0402454802974, 0.273101867277, 0.0339368458191, 0.940661646992, 0.0233707614824, 0.000858972810051, 3.72112969815e-06, 0.0337089739572, 2.00834836346e-07, 4.84700637381e-09, 2.95404597309e-11, 2.69893384978e-12, 0.00139571270295, 5.21159480899e-09, 
1.7550000000000001, 800.00000000000011, 1.0000769021130622, 0.195326526997, 5.94276887503e-22, 0.431444224271, 0.0259139422795, 0.0403170230077, 0.273068351639, 0.0339299318062, 0.940604397991, 0.0233870910318, 0.000858499385456, 3.71658629615e-06, 0.0337604373223, 2.00798095123e-07, 4.82227452316e-09, 2.93687755753e-11, 2.6815054911e-12, 0.00138564682877, 5.20152951764e-09, 
1.77, 800.00000000000011, 1.0000775538258846, 0.195611685957, 5.60986543859e-22, 0.431234387448, 0.0258078065382, 0.0403879323484, 0.273035103369, 0.0339230843392, 0.940547652095, 0.0234032459797, 0.000858030637851, 3.71209473844e-06, 0.0338114206413, 2.00761660929e-07, 4.79781522323e-09, 2.91992075591e-11, 2.66431080169e-12, 0.00137572776799, 5.19158857798e-09, 
1.7850000000000001, 800.00000000000011, 1.0000782055387065, 0.195894068577, 5.77891651257e-22, 0.431026607861, 0.0257026840383, 0.0404582188523, 0.273002118429, 0.0339163022421, 0.940491401371, 0.0234192295856, 0.000857566485624, 3.70765401518e-06, 0.0338619319842, 2.00725529026e-07, 4.77362355583e-09, 2.90317138046e-11, 2.64734484041e-12, 0.00136595220727, 5.18176942692e-09, 
1.8, 800.00000000000011, 1.0000788572515293, 0.19617372189, 5.76051146166e-22, 0.430820850572, 0.0255985578261, 0.0405278921799, 0.272969393111, 0.0339095844218, 0.940435638195, 0.023435045008, 0.000857106849224, 3.70326314828e-06, 0.0339119791085, 2.00689694935e-07, 4.74969471985e-09, 2.88662535264e-11, 2.63060280453e-12, 0.00135631693287, 5.17206958435e-09, 
1.8149999999999999, 800.00000000000011, 1.0000795089643515, 0.196450694734, 6.01571628293e-22, 0.430617079128, 0.0254954103538, 0.040596962554, 0.272936923484, 0.033902929746, 0.940380354764, 0.0234506953878, 0.000856651648818, 3.6989211642e-06, 0.0339615699224, 2.00654154088e-07, 4.72602391229e-09, 2.87027862194e-11, 2.61407994734e-12, 0.0013468187822, 5.16248659479e-09, 
1.8300000000000001, 800.00000000000011, 1.0000801606771741, 0.196725032815, 5.92789404177e-22, 0.430415259519, 0.0253932251491, 0.0406654394613, 0.272904705905, 0.0338963371502, 0.940325543643, 0.0234661837648, 0.000856200807585, 3.69462712575e-06, 0.0340107119314, 2.00618902095e-07, 4.70260654818e-09, 2.85412731219e-11, 2.59777171915e-12, 0.00133745472079, 5.15301809057e-09, 
1.845, 800.00000000000011, 1.0000808123899962, 0.196996780566, 6.09929883944e-22, 0.430215358732, 0.0252919862069, 0.040733332116, 0.272872736774, 0.0338898056052, 0.940271197863, 0.0234815129898, 0.000855754253783, 3.690380149e-06, 0.0340594122244, 2.00583934819e-07, 4.67943825651e-09, 2.83816772329e-11, 2.58167377557e-12, 0.00132822185076, 5.14366183413e-09, 
1.8600000000000001, 800.00000000000011, 1.0000814641028188, 0.197265981271, 5.83496216792e-22, 0.430017344557, 0.0251916779171, 0.0408006495246, 0.272841012629, 0.0338833341022, 0.940217310283, 0.0234966859515, 0.000855311914137, 3.68617934437e-06, 0.0341076779982, 2.00549248053e-07, 4.65651463583e-09, 2.82239615744e-11, 2.5657817957e-12, 0.00131911730267, 5.13441558479e-09, 
1.8750000000000002, 800.00000000000011, 1.0000821158156412, 0.197532679291, 5.96478973637e-22, 0.429821183896, 0.0250922843255, 0.0408674010431, 0.272809529832, 0.0338769216122, 0.94016387368, 0.0235117055057, 0.000854873715419, 3.68202383034e-06, 0.0341555165103, 2.00514837563e-07, 4.63383130929e-09, 2.80680895777e-11, 2.55009152314e-12, 0.00131013826013, 5.12527713282e-09, 
1.8899999999999999, 800.00000000000011, 1.000082767528464, 0.197796915568, 5.69243936744e-22, 0.429626846323, 0.0249937906598, 0.0409335951978, 0.27277828507, 0.033870567182, 0.940110881487, 0.0235265743197, 0.00085443959037, 3.67791278551e-06, 0.0342029343872, 2.00480699438e-07, 4.61138420082e-09, 2.79140269728e-11, 2.53459895311e-12, 0.00130128206455, 5.11624440646e-09, 
1.905, 800.00000000000011, 1.0000834192412869, 0.198058730231, 5.70329041328e-22, 0.429434301993, 0.0248961824435, 0.0409992403774, 0.272747275078, 0.0338642698772, 0.940058327153, 0.0235412950152, 0.00085400947229, 3.67384540127e-06, 0.0342499382247, 2.00446829818e-07, 4.58916928052e-09, 2.77617400276e-11, 2.51930015622e-12, 0.00129254611527, 5.10731537346e-09, 
1.9200000000000002, 800.00000000000011, 1.0000840709541094, 0.198318163438, 5.69426664305e-22, 0.429243521033, 0.0247994451925, 0.0410643450179, 0.272716496555, 0.0338580287639, 0.940006204122, 0.0235558702031, 0.000853583294647, 3.6698208765e-06, 0.0342965345916, 2.00413224802e-07, 4.56718254726e-09, 2.76111954151e-11, 2.50419126267e-12, 0.00128392785878, 5.09848802586e-09, 
1.9350000000000001, 800.00000000000011, 1.000084722666932, 0.198575254188, 5.70478629358e-22, 0.429054474376, 0.0247035648569, 0.0411289173527, 0.272685946292, 0.0338518429352, 0.939954505947, 0.0235703024099, 0.000853160992512, 3.66583843187e-06, 0.034342729949, 2.0037988062e-07, 4.54542010066e-09, 2.74623607053e-11, 2.48926851269e-12, 0.001275424818, 5.08976041499e-09, 
1.9500000000000002, 800.00000000000011, 1.0000853743797549, 0.198830039811, 5.88772145564e-22, 0.428867134301, 0.0246085279472, 0.0411929651995, 0.272655621221, 0.033845711521, 0.939903226615, 0.0235845940559, 0.000852742504714, 3.66189732656e-06, 0.0343885303231, 2.00346793658e-07, 4.52387822973e-09, 2.73152049602e-11, 2.47452831283e-12, 0.00126703462221, 5.08113068017e-09, 
1.9650000000000001, 800.00000000000011, 1.0000860260925772, 0.199082557698, 5.69063862908e-22, 0.428681472965, 0.0245143209826, 0.0412564964702, 0.272625518232, 0.0338396336519, 0.939852359946, 0.0235987475478, 0.000852327769238, 3.6579968196e-06, 0.0344339418919, 2.00313960294e-07, 4.50255320906e-09, 2.71696973329e-11, 2.45996709782e-12, 0.00125875492977, 5.07259697311e-09, 
1.98, 800.00000000000011, 1.0000866778053994, 0.199332843717, 5.39429684567e-22, 0.428497463702, 0.0244209310069, 0.0413195187287, 0.272595634354, 0.0338336084917, 0.939801899938, 0.0236127652409, 0.000851916725829, 3.65413619027e-06, 0.0344789706355, 2.0028137695e-07, 4.48144141126e-09, 2.70258078273e-11, 2.44558140335e-12, 0.00125058346739, 5.06415749483e-09, 
1.9950000000000003, 800.00000000000011, 1.000087329518222, 0.199580933117, 5.47908284648e-22, 0.428315080291, 0.0243283452943, 0.0413820394313, 0.272565966647, 0.0338276352192, 0.939751840888, 0.0236266493798, 0.000851509317075, 3.65031474974e-06, 0.0345236222534, 2.00249040247e-07, 4.46053936114e-09, 2.68835076639e-11, 2.43136790364e-12, 0.001242518052, 5.0558105243e-09, 
2.0100000000000002, 800.00000000000011, 1.0000879812310446, 0.19982686041, 5.43238515866e-22, 0.428134297066, 0.0242365513801, 0.041444065887, 0.272536512226, 0.0338217130308, 0.93970217702, 0.0236404022085, 0.000851105485271, 3.64653181143e-06, 0.0345679024897, 2.00216946753e-07, 4.43984358845e-09, 2.67427682644e-11, 2.41732330839e-12, 0.00123455653125, 5.04755435264e-09, 
2.0249999999999999, 800.00000000000011, 1.0000886329438672, 0.200070659124, 5.43580978686e-22, 0.427955089091, 0.0241455371518, 0.0415056052053, 0.272507268284, 0.0338158411445, 0.939652902853, 0.0236540258682, 0.00085070517551, 3.64278671934e-06, 0.0346118168048, 2.00185093223e-07, 4.41935077295e-09, 2.66035622363e-11, 2.4034444609e-12, 0.00122669683891, 5.03938734461e-09, 
2.04, 800.00000000000011, 1.0000892846566896, 0.200312362061, 5.68219784275e-22, 0.427777431985, 0.0240552907543, 0.0415666643463, 0.272478232058, 0.0338100187957, 0.939604012792, 0.023667522515, 0.00085030833224, 3.63907881582e-06, 0.0346553707412, 2.00153476305e-07, 4.39905757489e-09, 2.64658622119e-11, 2.38972822135e-12, 0.00121893692828, 5.03130786789e-09, 
2.0550000000000002, 800.00000000000011, 1.0000899363695124, 0.200552001463, 5.51529869534e-22, 0.427601301757, 0.0239658005397, 0.0416272501768, 0.272449400831, 0.0338042452327, 0.939555501635, 0.0236808941716, 0.000849914903438, 3.63540748095e-06, 0.0346985694768, 2.00122092941e-07, 4.37896084785e-09, 2.63296422899e-11, 2.37617161032e-12, 0.00121127485306, 5.02331437944e-09, 
2.0700000000000003, 800.00000000000011, 1.000090588082335, 0.200789608437, 5.56865970435e-22, 0.427426675309, 0.0238770552524, 0.0416873692978, 0.272420771974, 0.0337985197297, 0.939507364048, 0.0236941428854, 0.00084952483633, 3.63177209121e-06, 0.0347414182843, 2.00090939927e-07, 4.35905741461e-09, 2.61948765066e-11, 2.36277165541e-12, 0.00120370868004, 5.0154053338e-09, 
2.085, 800.00000000000011, 1.0000912397951576, 0.201025213949, 5.55545364553e-22, 0.427253529594, 0.0237890437046, 0.0417470283315, 0.272392342856, 0.0337928415645, 0.939459594984, 0.0237072706014, 0.000849138080719, 3.62817205193e-06, 0.0347839221701, 2.00060014285e-07, 4.33934424326e-09, 2.60615400257e-11, 2.3495255098e-12, 0.00119623655603, 5.0075792552e-09, 
2.1000000000000001, 800.00000000000011, 1.0000918915079799, 0.201258847681, 5.60381244818e-22, 0.427081842579, 0.0237017551503, 0.0418062335913, 0.272364110954, 0.0337872100443, 0.939412189354, 0.0237202792646, 0.000848754586401, 3.62460677139e-06, 0.0348260861569, 2.00029312957e-07, 4.31981830943e-09, 2.5929608199e-11, 2.33643035759e-12, 0.00118885665368, 4.99983467927e-09, 
2.1150000000000002, 800.00000000000011, 1.0000925432208028, 0.2014905401, 5.91982384367e-22, 0.42691159158, 0.0236151785895, 0.0418649916435, 0.272336073626, 0.0337816244606, 0.939365142133, 0.0237331707737, 0.000848374303938, 3.62107567007e-06, 0.0348679152027, 1.99998832978e-07, 4.30047664932e-09, 2.57990569206e-11, 2.32348344933e-12, 0.00118156719166, 4.99217017547e-09, 
2.1299999999999999, 800.00000000000011, 1.0000931949336256, 0.201720318119, 5.49206288843e-22, 0.426742756646, 0.0235293042494, 0.0419233081644, 0.272308228641, 0.0337760841804, 0.939318448745, 0.0237459469177, 0.000847997187753, 3.61757820555e-06, 0.0349094138312, 1.9996857157e-07, 4.28131647847e-09, 2.56698634263e-11, 2.31068217977e-12, 0.00117436647732, 4.98458439542e-09, 
2.145, 800.00000000000011, 1.0000938466464482, 0.201948211329, 5.58118640253e-22, 0.426575315734, 0.0234441214509, 0.0419811895703, 0.272280573399, 0.0337705885168, 0.939272104236, 0.0237586095291, 0.000847623189584, 3.61411381722e-06, 0.0349505869194, 1.99938525844e-07, 4.26233492207e-09, 2.55420044649e-11, 2.29802390786e-12, 0.00116725280643, 4.97707596223e-09, 
2.1600000000000001, 800.00000000000011, 1.000094498359271, 0.202174245904, 5.45373186479e-22, 0.426409249425, 0.0233596206966, 0.0420386414183, 0.272253105701, 0.0337651368548, 0.939226104108, 0.0237711603429, 0.000847252264973, 3.6106819802e-06, 0.0349914388939, 1.99908693064e-07, 4.24352927953e-09, 2.5415458079e-11, 2.28550613038e-12, 0.00116022455875, 4.96964357623e-09, 
2.1749999999999998, 800.00000000000011, 1.0000951500720938, 0.202398449941, 5.34283931001e-22, 0.426244536838, 0.0232757918271, 0.0420956697893, 0.272225823063, 0.0337597285414, 0.939180443787, 0.023783601071, 0.000846884369228, 3.60728217251e-06, 0.0350319742567, 1.99879070532e-07, 4.2248968632e-09, 2.52902025166e-11, 2.27312637612e-12, 0.00115328013989, 4.96228595254e-09, 
2.1899999999999999, 800.00000000000011, 1.000095801784916, 0.202620848414, 5.40510719941e-22, 0.426081159414, 0.023192625783, 0.0421522800056, 0.272198723393, 0.0337543629899, 0.939135118843, 0.0237959333951, 0.00084651945884, 3.60391388541e-06, 0.0350721973546, 1.99849655577e-07, 4.20643504671e-09, 2.51662165474e-11, 2.2608822348e-12, 0.00114641799613, 4.95500183728e-09, 
2.2050000000000001, 800.00000000000011, 1.0000964534977383, 0.202841468422, 5.35826469301e-22, 0.425919097031, 0.0231101127611, 0.0422084779497, 0.272171804267, 0.0337490395698, 0.939090124871, 0.0238081589533, 0.000846157491001, 3.60057662027e-06, 0.035112112512, 1.99820445586e-07, 4.18814125583e-09, 2.5043479403e-11, 2.24877135252e-12, 0.00113963661245, 4.9477900053e-09, 
2.2200000000000002, 800.00000000000011, 1.0000971052105612, 0.203060333807, 5.38546364212e-22, 0.425758331967, 0.0230282441095, 0.0422642687133, 0.272145063682, 0.0337437577208, 0.939045457626, 0.0238202793507, 0.000845798424113, 3.59726989216e-06, 0.0351517238864, 1.99791438001e-07, 4.17001297964e-09, 2.49219708424e-11, 2.23679143625e-12, 0.001132934514, 4.9406492633e-09, 
2.2349999999999999, 800.00000000000011, 1.000097756923384, 0.203277470662, 5.33545181021e-22, 0.425598844852, 0.0229470103843, 0.0423196579766, 0.27211849929, 0.0337385168361, 0.939001112851, 0.0238322961591, 0.000845442216987, 3.5939932233e-06, 0.0351910356466, 1.99762630299e-07, 4.15204774484e-09, 2.48016709819e-11, 2.22494023822e-12, 0.00112631025789, 4.93357844003e-09, 
2.2500000000000004, 800.00000000000011, 1.0000984086362064, 0.203492902155, 5.22629404264e-22, 0.425440618458, 0.0228664031804, 0.0423746507127, 0.272092109121, 0.0337333163722, 0.93895708649, 0.023844210908, 0.000845088829949, 3.59074615216e-06, 0.0352300517594, 1.99734020033e-07, 4.13424315469e-09, 2.46825605465e-11, 2.21321557886e-12, 0.00111976244507, 4.92657640122e-09, 
2.2650000000000001, 800.00000000000011, 1.0000990603490287, 0.203706651789, 5.3444086569e-22, 0.425283635346, 0.0227864139715, 0.0424292519996, 0.272065891116, 0.0337281557777, 0.938913374446, 0.0238560251053, 0.000844738223465, 3.58752822157e-06, 0.035268776227, 1.9970560476e-07, 4.11659683506e-09, 2.45646205104e-11, 2.20161531249e-12, 0.00111328970153, 4.91964202795e-09, 
2.2799999999999998, 800.00000000000011, 1.0000997120618511, 0.20391874393, 5.44352979655e-22, 0.42512787742, 0.0227070339335, 0.0424834671551, 0.272039843076, 0.0337230344862, 0.938869972747, 0.0238677402208, 0.000844390359092, 3.58433898694e-06, 0.0353072129277, 1.99677382104e-07, 4.0991064733e-09, 2.44478323511e-11, 2.19013735113e-12, 0.00110689069107, 4.9127742318e-09, 
2.2950000000000004, 800.00000000000011, 1.0001003637746737, 0.204129199873, 5.32120255963e-22, 0.424973328858, 0.0226282553311, 0.0425373007476, 0.272013963195, 0.0337179519953, 0.938826877553, 0.0238793576882, 0.000844045199527, 3.58117801635e-06, 0.0353453656034, 1.99649349746e-07, 4.08176981657e-09, 2.43321780341e-11, 2.17877966259e-12, 0.00110056411387, 4.90597195426e-09, 
2.3100000000000001, 800.00000000000011, 1.0001010154874967, 0.204338043379, 5.25131442046e-22, 0.424819972033, 0.0225500695565, 0.0425907579826, 0.271988249296, 0.0337129077527, 0.938784084955, 0.0238908789285, 0.000843702707292, 3.5780448794e-06, 0.0353832380632, 1.99621505357e-07, 4.06458462306e-09, 2.42176396871e-11, 2.16754023909e-12, 0.00109430868932, 4.89923414598e-09, 
2.3250000000000002, 800.00000000000011, 1.0001016672003198, 0.204545295206, 5.49680835567e-22, 0.424667791513, 0.0224724690696, 0.04264384334, 0.271962699601, 0.0337079012701, 0.938741591296, 0.0239023053067, 0.000843362846874, 3.57493916547e-06, 0.0354208338673, 1.99593846734e-07, 4.04754874438e-09, 2.41042001443e-11, 2.15641714928e-12, 0.00108812318416, 4.89255980145e-09, 
2.3399999999999999, 800.00000000000011, 1.0001023189131426, 0.204750976508, 5.28629919942e-22, 0.424516771598, 0.0223954461875, 0.0426965614141, 0.271937312241, 0.0337029320515, 0.938699392832, 0.0239136381819, 0.000843025582446, 3.57186046388e-06, 0.0354581566543, 1.99566371639e-07, 4.03066003488e-09, 2.39918423404e-11, 2.14540847951e-12, 0.00108200638021, 4.88594792033e-09, 
2.355, 800.00000000000011, 1.0001029706259654, 0.204955109538, 5.64866314028e-22, 0.424366895777, 0.0223189928453, 0.0427489170926, 0.271912085168, 0.0336979995789, 0.93865748592, 0.0239248788819, 0.000842690879088, 3.56880837431e-06, 0.0354952099621, 1.99539077886e-07, 4.01391639888e-09, 2.38805496221e-11, 2.13451236354e-12, 0.00107595709033, 4.8793975275e-09, 
2.3700000000000001, 800.00000000000011, 1.000103622338788, 0.205157713808, 5.13104766506e-22, 0.424218149554, 0.0222431019518, 0.0428009145957, 0.271887016698, 0.0336931033927, 0.938615867095, 0.0239360286894, 0.000842358703324, 3.56578251153e-06, 0.0355319971553, 1.99511963378e-07, 3.99731581354e-09, 2.37703058962e-11, 2.12372699669e-12, 0.0010699741661, 4.87290768216e-09, 
2.3849999999999998, 800.00000000000011, 1.0001042740516104, 0.205358809232, 5.24843696244e-22, 0.424070518149, 0.02216776627, 0.0428525582635, 0.27186210506, 0.0336882430257, 0.938574532808, 0.0239470888831, 0.000842029021338, 3.56278248989e-06, 0.0355685216748, 1.99485025996e-07, 3.98085625708e-09, 2.36610951527e-11, 2.11305058951e-12, 0.00106405647223, 4.86647744762e-09, 
2.4000000000000004, 800.00000000000011, 1.0001049257644323, 0.205558416886, 5.38246567189e-22, 0.423923985928, 0.0220929781584, 0.0429038527423, 0.271837348298, 0.0336834179874, 0.938533479597, 0.0239580607137, 0.000841701800128, 3.55980793301e-06, 0.0356047868714, 1.9945826366e-07, 3.96453575237e-09, 2.35529017497e-11, 2.102481395e-12, 0.00105820290129, 4.86010590966e-09, 
2.415, 800.00000000000011, 1.0001055774772551, 0.205756555067, 4.94551539872e-22, 0.423778539301, 0.02201873096, 0.0429548020009, 0.271812744825, 0.033678627846, 0.938492704203, 0.0239689453822, 0.000841377008322, 3.55685848095e-06, 0.0356407959033, 1.99431674395e-07, 3.9483524012e-09, 2.34457106393e-11, 2.09201773032e-12, 0.00105241238548, 4.85379219088e-09, 
2.4299999999999997, 800.00000000000011, 1.0001062291900775, 0.205953242543, 5.17414773668e-22, 0.423634164339, 0.0219450178527, 0.0430054101406, 0.271788292964, 0.0336738721613, 0.938452203251, 0.023979744094, 0.000841054613925, 3.55393377072e-06, 0.035676552032, 1.99405256184e-07, 3.93230429511e-09, 2.33395067735e-11, 2.08165791904e-12, 0.00104668386481, 4.84753541221e-09, 
2.4450000000000003, 800.00000000000011, 1.0001068809028999, 0.206148499309, 4.60744051021e-22, 0.423490846207, 0.0218718315833, 0.0430556815868, 0.271763990846, 0.0336691504684, 0.938411973451, 0.0239904580286, 0.000840734585701, 3.55103344803e-06, 0.0357120584342, 1.99379007053e-07, 3.91638956735e-09, 2.32342754468e-11, 2.07140032407e-12, 0.00104101630497, 4.8413347155e-09, 
2.46, 800.00000000000011, 1.0001075326157225, 0.20634234255, 5.28787727939e-22, 0.423348572159, 0.021799165894, 0.0431056200753, 0.271739836963, 0.03366446236, 0.938372011731, 0.0240010883129, 0.000840416894222, 3.54815717595e-06, 0.0357473180793, 1.99352925124e-07, 3.90060643309e-09, 2.31300025608e-11, 2.06124337308e-12, 0.0010354087112, 4.83518928087e-09, 
2.4750000000000001, 800.00000000000011, 1.0001081843285446, 0.206534785729, 3.41243964549e-22, 0.42320733224, 0.0217270158397, 0.0431552283828, 0.271715830296, 0.0336598075131, 0.938332315818, 0.0240116358673, 0.000840101516465, 3.54530467663e-06, 0.0357823332183, 1.99327009039e-07, 3.88495341689e-09, 2.30266761267e-11, 2.05118570468e-12, 0.00102986020871, 4.82909841561e-09, 
2.4900000000000002, 800.00000000000011, 1.0001088360413668, 0.206725855134, 5.22357374465e-22, 0.423067106881, 0.0216553719551, 0.0432045126265, 0.271691968076, 0.0336551853266, 0.938292880918, 0.0240221021635, 0.000839788410184, 3.54247550565e-06, 0.0358171083824, 1.99301256008e-07, 3.86942819005e-09, 2.29242785703e-11, 2.04122542093e-12, 0.00102436963157, 4.82306108671e-09, 
2.5049999999999999, 800.00000000000011, 1.0001094877541892, 0.206915565347, 4.94868283321e-22, 0.42292788528, 0.0215842289135, 0.043253475914, 0.271668249092, 0.0336505954539, 0.938253704547, 0.024032488212, 0.000839477550422, 3.53966936958e-06, 0.0358516459588, 1.9927566437e-07, 3.85402918952e-09, 2.28227974343e-11, 2.03136112366e-12, 0.00101893609072, 4.8170765684e-09, 
2.52, 800.00000000000011, 1.0001101394670115, 0.207103931934, 5.5166925525e-22, 0.422789655888, 0.0215135810364, 0.0433021216239, 0.27164467199, 0.0336460375269, 0.938214784043, 0.0240427949817, 0.000839168911707, 3.53688597479e-06, 0.0358859485419, 1.99250232571e-07, 3.83875485396e-09, 2.27222203402e-11, 2.02159143026e-12, 0.00101355871075, 4.81114414533e-09, 
2.5350000000000001, 800.00000000000011, 1.0001107911798344, 0.20729097104, 5.11212220796e-22, 0.422652406726, 0.0214434224419, 0.0433504532916, 0.271621235336, 0.0336415111638, 0.93817611652, 0.0240530234998, 0.000838862466652, 3.53412501288e-06, 0.0359200189109, 1.99224958925e-07, 3.82360355156e-09, 2.26225344927e-11, 2.01191492184e-12, 0.00100823659911, 4.80526307294e-09, 
2.5500000000000003, 800.00000000000011, 1.0001114428926567, 0.207476699946, 5.11493324305e-22, 0.422516125014, 0.0213737468445, 0.0433984747676, 0.271597937464, 0.0336370159644, 0.938137698939, 0.0240631748011, 0.00083855818759, 3.53138617198e-06, 0.0359538599963, 1.99199841581e-07, 3.80857360138e-09, 2.25237268434e-11, 2.00233016152e-12, 0.0010029688575, 4.79943260284e-09, 
2.5649999999999999, 800.00000000000011, 1.0001120946054787, 0.20766113455, 4.87070564335e-22, 0.422380798958, 0.0213045484635, 0.0434461895569, 0.271574776918, 0.0336325515534, 0.938099528573, 0.0240732499128, 0.000838256046769, 3.52866914933e-06, 0.0359874743722, 1.99174879097e-07, 3.79366347387e-09, 2.24257853354e-11, 1.99283580712e-12, 0.000997754639477, 4.79365200437e-09, 
2.5800000000000001, 800.00000000000011, 1.0001127463183015, 0.207844290443, 4.94129163966e-22, 0.422246416957, 0.0212358216225, 0.0434936010984, 0.271551752315, 0.0336281175635, 0.938061602606, 0.0240832497978, 0.000837956020819, 3.52597365969e-06, 0.0360208647815, 1.99150068886e-07, 3.77887151855e-09, 2.23286972455e-11, 1.98343046567e-12, 0.000992593079062, 4.78792058616e-09, 
2.5950000000000002, 800.00000000000011, 1.0001133980311241, 0.208026184118, 5.25079353761e-22, 0.422112966765, 0.0211675603363, 0.043540713093, 0.271528862077, 0.0336237136105, 0.938023918078, 0.0240931754655, 0.00083765807988, 3.52329939485e-06, 0.0360540340329, 1.99125410203e-07, 3.76419620302e-09, 2.22324506284e-11, 1.97411281702e-12, 0.000987483348511, 4.78223761825e-09, 
2.6099999999999999, 800.00000000000011, 1.0001140497439465, 0.208206829391, 5.04820305493e-22, 0.421980438182, 0.0210997595454, 0.0435875285366, 0.271506104979, 0.033619339366, 0.937986472593, 0.0241030278234, 0.000837362201502, 3.52064609042e-06, 0.0360869844216, 1.99100901129e-07, 3.74963608933e-09, 2.21370342108e-11, 1.96488161194e-12, 0.000982424663383, 4.77660245482e-09, 
2.625, 800.00000000000011, 1.0001147014567691, 0.208386241562, 5.07257751133e-22, 0.421848819848, 0.0210324136855, 0.0436340508405, 0.271483479593, 0.0336149944716, 0.937949263521, 0.0241128077491, 0.000837068361832, 3.51801347797e-06, 0.0361197185049, 1.99076540278e-07, 3.7351897129e-09, 2.20424366293e-11, 1.9557356004e-12, 0.000977416243205, 4.77101445254e-09, 
2.6400000000000001, 800.00000000000011, 1.0001153531695917, 0.208564435536, 5.02769279787e-22, 0.421718100798, 0.0209655173104, 0.0436802832753, 0.271460984501, 0.0336106785792, 0.937912288165, 0.0241225162343, 0.000836776534942, 3.51540127083e-06, 0.0361522388079, 1.99052325779e-07, 3.7208555771e-09, 2.19486462952e-11, 1.94667350837e-12, 0.000972457293908, 4.76547292279e-09, 
2.6550000000000002, 800.00000000000011, 1.0001160048824143, 0.208741425774, 5.04827060216e-22, 0.421588270129, 0.0208990651908, 0.0437262291573, 0.271438618403, 0.0336063913454, 0.937875543923, 0.0241321541233, 0.000836486697135, 3.51280920668e-06, 0.036184547864, 1.9902825628e-07, 3.70663226354e-09, 2.18556522189e-11, 1.93769412958e-12, 0.000967547064393, 4.75997724165e-09, 
2.6699999999999999, 800.00000000000011, 1.0001166565952366, 0.208917226372, 4.97446298409e-22, 0.421459317575, 0.0208330521498, 0.0437718915153, 0.271416379946, 0.0336021324423, 0.937839028339, 0.0241417223427, 0.000836198825056, 3.51023702182e-06, 0.0362166479706, 1.99004330078e-07, 3.69251837177e-09, 2.17634435588e-11, 1.9287962711e-12, 0.000962684810201, 4.75452677043e-09, 
2.6850000000000001, 800.00000000000011, 1.0001173083080594, 0.209091851402, 4.86324004966e-22, 0.421331232514, 0.0207674731023, 0.0438172735892, 0.271394267856, 0.0335979015357, 0.937802738852, 0.0241512217143, 0.000835912895303, 3.50768445999e-06, 0.0362485416166, 1.98980545837e-07, 3.6785125204e-09, 2.16720096429e-11, 1.91997876459e-12, 0.00095786980599, 4.74912090251e-09, 
2.7000000000000002, 800.00000000000011, 1.0001179600208823, 0.209265314369, 4.98117572954e-22, 0.42120400513, 0.0207023230826, 0.0438623782766, 0.271372280831, 0.0335936983113, 0.937766673123, 0.0241606531235, 0.000835628885655, 3.50515126985e-06, 0.0362802309861, 1.98956901918e-07, 3.66461337027e-09, 2.15813401146e-11, 1.91124047147e-12, 0.000953101341928, 4.74375902883e-09, 
2.7149999999999999, 800.00000000000011, 1.0001186117337046, 0.209437628955, 4.87807751305e-22, 0.421077625081, 0.0206375971462, 0.0439072087443, 0.271350417629, 0.0335895224441, 0.937730828634, 0.0241700173689, 0.000835346773207, 3.50263720224e-06, 0.0363117185221, 1.98933397025e-07, 3.65081957752e-09, 2.14914246281e-11, 1.90258026208e-12, 0.000948378718517, 4.73844056145e-09, 
2.7300000000000004, 800.00000000000011, 1.000119263446527, 0.209608808133, 5.0429727832e-22, 0.420952082954, 0.0205732905191, 0.0439517677699, 0.271328676992, 0.0335853736316, 0.937695203148, 0.024179315302, 0.000835066536701, 3.50014201641e-06, 0.0363430063112, 1.98910029562e-07, 3.63712985621e-09, 2.14022532533e-11, 1.89399704596e-12, 0.000943701256804, 4.73316491696e-09, 
2.7450000000000001, 800.00000000000011, 1.0001199151593498, 0.209778865192, 4.92662859688e-22, 0.42082736869, 0.0205093983998, 0.043996058443, 0.271307057717, 0.0335812515591, 0.937659794215, 0.0241885476922, 0.000834788153912, 3.49766547179e-06, 0.0363740967263, 1.98886798291e-07, 3.62354290837e-09, 2.13138160203e-11, 1.88548973651e-12, 0.000939068285225, 4.72793152906e-09, 
2.7599999999999998, 800.00000000000011, 1.0001205668721724, 0.209947812599, 5.02226252274e-22, 0.420703473249, 0.0204459161951, 0.0440400834338, 0.271285558588, 0.0335771559352, 0.937624599655, 0.024197715366, 0.000834511604208, 3.49520733537e-06, 0.0364049917976, 1.98863701647e-07, 3.61005748673e-09, 2.12261033262e-11, 1.87705728151e-12, 0.000934479150065, 4.72273983393e-09, 
2.7749999999999999, 800.00000000000011, 1.0001212185849941, 0.210115663293, 4.90950356994e-22, 0.420580386851, 0.0203828392325, 0.0440838457517, 0.271264178419, 0.0335730864535, 0.937589617132, 0.0242068190588, 0.000834236866382, 3.49276737744e-06, 0.0364356937878, 1.98840738437e-07, 3.59667234846e-09, 2.1139105633e-11, 1.86869864226e-12, 0.000929933210047, 4.71758929096e-09, 
2.79, 800.00000000000011, 1.0001218702978167, 0.210282429249, 4.99650893897e-22, 0.42045810081, 0.0203201630971, 0.0441273479651, 0.271242916045, 0.0335690428342, 0.93755484449, 0.0242158595767, 0.000833963920168, 3.49034537069e-06, 0.0364662046975, 1.98817907133e-07, 3.5833862774e-09, 2.10528136116e-11, 1.86041279926e-12, 0.000925429833417, 4.71247935189e-09, 
2.8050000000000002, 800.00000000000011, 1.0001225220106396, 0.210448123033, 4.84761478176e-22, 0.420336605627, 0.020257883248, 0.0441705930058, 0.271221770306, 0.033565024779, 0.937520279496, 0.0242248376227, 0.000833692745301, 3.48794109558e-06, 0.0364965266925, 1.98795206593e-07, 3.57019808162e-09, 2.09672181244e-11, 1.85219875846e-12, 0.000920968407181, 4.70740950022e-09, 
2.8199999999999998, 800.00000000000011, 1.0001231737234624, 0.210612756178, 4.89136341867e-22, 0.420215892951, 0.0201959954308, 0.0442135833444, 0.271200740077, 0.0335610320188, 0.937485920042, 0.024233753981, 0.000833423322037, 3.48555433146e-06, 0.0365266617239, 1.98772635318e-07, 3.55710657931e-09, 2.08823101333e-11, 1.84405553431e-12, 0.000916548321991, 4.70237920478e-09, 
2.8350000000000004, 800.00000000000011, 1.0001238254362845, 0.21077634089, 4.97584394371e-22, 0.420095953538, 0.0201344952364, 0.0442563218409, 0.271179824231, 0.0335570642639, 0.937451763971, 0.0242426093263, 0.000833155630825, 3.48318486723e-06, 0.0365566118826, 1.98750192219e-07, 3.54411062387e-09, 2.07980808607e-11, 1.83598217309e-12, 0.000912168990507, 4.69738796971e-09, 
2.8500000000000001, 800.00000000000011, 1.0001244771491071, 0.21093888828, 5.0197342123e-22, 0.419976779345, 0.0200733785626, 0.0442988108771, 0.27115902168, 0.033553121255, 0.93741780922, 0.024251404422, 0.00083288965242, 3.48083248853e-06, 0.0365863790744, 1.98727875825e-07, 3.53120906618e-09, 2.07145215449e-11, 1.82797772154e-12, 0.000907829824645, 4.69243528008e-09, 
2.8649999999999998, 800.00000000000011, 1.0001251288619295, 0.211100410222, 4.9041434934e-22, 0.419858361394, 0.0200126411199, 0.0443410532364, 0.271138331318, 0.0335492027099, 0.937384053732, 0.0242601399127, 0.000832625368184, 3.47849699388e-06, 0.0366159652934, 1.9870568509e-07, 3.51840080719e-09, 2.06316237793e-11, 1.82004126698e-12, 0.000903530262925, 4.68752066246e-09, 
2.8800000000000003, 800.00000000000011, 1.0001257805747521, 0.211260917415, 4.967658888e-22, 0.419740691942, 0.0199522789555, 0.0443830512135, 0.271117752095, 0.033545308379, 0.937350495477, 0.0242688165432, 0.000832362759249, 3.47617817432e-06, 0.0366453724117, 1.9868361857e-07, 3.50568472701e-09, 2.05493790531e-11, 1.81217188565e-12, 0.000899269736794, 4.68264361624e-09, 
2.895, 800.00000000000011, 1.0001264322875745, 0.211420421385, 4.87827931665e-22, 0.419623762265, 0.0198922879039, 0.0444248075216, 0.271097282936, 0.0335414379882, 0.937317132474, 0.0242774349308, 0.00083210180771, 3.47387583654e-06, 0.0366746023487, 1.98661675272e-07, 3.49305976954e-09, 2.04677792971e-11, 1.80436870241e-12, 0.000895047708502, 4.67780368771e-09, 
2.9100000000000001, 800.00000000000011, 1.0001270840003968, 0.211578932464, 5.03800918082e-22, 0.41950756489, 0.0198326641455, 0.0444663243767, 0.271076922827, 0.0335375912966, 0.937283962734, 0.0242859958018, 0.000831842495136, 3.47158977724e-06, 0.0367036569349, 1.98639853778e-07, 3.48052484407e-09, 2.03868162478e-11, 1.79663082237e-12, 0.000890863628509, 4.67300039081e-09, 
2.9250000000000003, 800.00000000000011, 1.0001277357132192, 0.211736461861, 4.86789933237e-22, 0.419392091342, 0.0197734036325, 0.0445076044195, 0.271056670708, 0.0335337680372, 0.937250984362, 0.0242944997473, 0.000831584804399, 3.46931981138e-06, 0.0367325380077, 1.98618153127e-07, 3.46807893744e-09, 2.03064821696e-11, 1.7889574072e-12, 0.000886716982161, 4.66823329131e-09, 
2.9399999999999999, 800.00000000000011, 1.0001283874260416, 0.211893019526, 5.04361646618e-22, 0.419277334423, 0.0197145026808, 0.044548649785, 0.271036525607, 0.0335299679784, 0.937218195416, 0.0243029474727, 0.00083132871755, 3.46706574177e-06, 0.0367612473512, 1.98596571943e-07, 3.45572099029e-09, 2.02267690582e-11, 1.78134759177e-12, 0.000882607239246, 4.66350191855e-09, 
2.9550000000000001, 800.00000000000011, 1.0001290391388642, 0.212048616373, 4.82941832723e-22, 0.419163285874, 0.0196559573508, 0.0445894630545, 0.271016486488, 0.0335261908599, 0.93718559404, 0.0243113395512, 0.000831074217892, 3.46482738878e-06, 0.0367897867605, 1.98575109291e-07, 3.44345001917e-09, 2.01476694227e-11, 1.77380056582e-12, 0.000878533903316, 4.65880585206e-09, 
2.9700000000000002, 800.00000000000011, 1.0001296908516875, 0.212203261991, 4.83662783826e-22, 0.419049938768, 0.0195977640906, 0.044630046283, 0.270996552409, 0.0335224364587, 0.937153178364, 0.0243196766644, 0.000830821288136, 3.46260456248e-06, 0.0368181579533, 1.9855376383e-07, 3.43126500217e-09, 2.00691755536e-11, 1.76631549706e-12, 0.000874496464935, 4.65414463865e-09, 
2.9850000000000003, 800.00000000000011, 1.0001303425645103, 0.212356966993, 4.85623570126e-22, 0.418937285072, 0.019539919065, 0.0446704019881, 0.27097672236, 0.0335187045212, 0.937120946598, 0.0243279593624, 0.000830569912215, 3.4603970903e-06, 0.0368463626597, 1.9853253467e-07, 3.41916499133e-09, 1.99912802409e-11, 1.75889160659e-12, 0.000870494447497, 4.64951787472e-09, 
3.0, 800.00000000000011, 1.0001309942773329, 0.212509741307, 4.78628359187e-22, 0.418825317594, 0.0194824186097, 0.0447105323286, 0.270956995342, 0.0335149948189, 0.937088896847, 0.0243361883172, 0.000830320072899, 3.45820478417e-06, 0.0368744026236, 1.98511420442e-07, 3.40714896287e-09, 1.9913975815e-11, 1.75152807095e-12, 0.000866527349653, 4.64492511413e-09, 
